2025-10-29 10:01:02,24A07816,
2025-10-29 10:01:04,24A07816,
2025-10-29 10:01:06,24A07816,
2025-10-29 10:01:08,24A07816,
2025-10-29 10:01:10,24A07816,
2025-10-29 10:01:12,24A07816,
2025-10-29 10:01:14,24A07816,
2025-10-29 10:01:16,24A07816,
2025-10-29 10:01:18,24A07816,
2025-10-29 10:01:19,24A07816,
2025-10-29 10:01:21,24A07816,
2025-10-29 10:01:23,24A07816,
2025-10-29 10:01:25,24A07816,
2025-10-29 10:01:27,24A07816,
2025-10-29 10:01:29,24A07816,
2025-10-29 10:01:30,24A07816,
2025-10-29 10:01:32,24A07816,
2025-10-29 10:01:34,24A07816,
2025-10-29 10:01:36,24A07816,
2025-10-29 10:01:38,24A07816,
2025-10-29 10:01:39,24A07816,
2025-10-29 10:01:41,24A07816,
2025-10-29 10:01:43,24A07816,
2025-10-29 10:01:44,24A07816,
2025-10-29 10:01:46,24A07816,
2025-10-29 10:01:47,24A07816,
2025-10-29 10:01:49,24A07816,
2025-10-29 10:01:50,24A07816,
2025-10-29 10:01:52,24A07816,
2025-10-29 10:01:54,24A07816,
2025-10-29 10:01:55,24A07816,
2025-10-29 10:01:56,24A07816,
2025-10-29 10:01:58,24A07816,
2025-10-29 10:01:59,24A07816,
2025-10-29 10:02:01,24A07816,
2025-10-29 10:02:02,24A07816,
2025-10-29 10:02:04,24A07816,
2025-10-29 10:02:05,24A07816,
2025-10-29 10:02:07,24A07816,
2025-10-29 10:02:08,24A07816,
2025-10-29 10:02:10,24A07816,
2025-10-29 10:02:11,24A07816,
2025-10-29 10:02:12,24A07816,
2025-10-29 10:02:14,24A07816,
2025-10-29 10:02:15,24A07816,
2025-10-29 10:02:17,24A07816,
2025-10-29 10:02:18,24A07816,
2025-10-29 10:02:20,24A07816,
2025-10-29 10:02:22,24A07816,
2025-10-29 10:02:26,24X112442,
2025-10-29 10:02:29,24X112442,
2025-10-29 10:02:30,24X112442,
2025-10-29 10:02:32,24X112442,
2025-10-29 10:02:34,24X112442,
2025-10-29 10:02:37,24X112442,
2025-10-29 10:02:39,24X112442,
2025-10-29 10:02:41,24X112442,
2025-10-29 10:28:01,24A07816,
2025-10-29 10:28:03,24A07816,
2025-10-29 10:28:05,24A07816,
2025-10-29 10:28:07,24A07816,
2025-10-29 10:28:09,24A07816,
2025-10-29 10:28:11,24A07816,
2025-10-29 10:28:13,24A07816,
2025-10-29 10:28:15,24A07816,
2025-10-29 10:28:17,24A07816,
2025-10-29 10:28:19,24A07816,
2025-10-29 10:28:21,24A07816,
2025-10-29 10:28:22,24A07816,
2025-10-29 10:28:24,24A07816,
2025-10-29 10:28:26,24A07816,
2025-10-29 10:28:28,24A07816,
2025-10-29 13:22:50,24A07816,
2025-10-29 13:22:52,24A07816,
2025-10-29 13:22:54,24A07816,
2025-10-29 13:22:56,24A07816,
2025-10-29 13:22:58,24A07816,
2025-10-29 13:23:00,24A07816,
2025-10-29 13:23:02,24A07816,
2025-10-29 13:23:04,24A07816,
2025-10-29 13:23:06,24A07816,
2025-10-29 13:23:07,24A07816,
2025-10-29 13:23:09,24A07816,
2025-10-29 13:23:11,24A07816,
2025-10-29 13:23:12,24A07816,
2025-10-29 13:23:14,24A07816,
2025-10-29 13:23:16,24A07816,
2025-10-29 13:23:18,24A07816,
2025-10-29 13:23:20,24A07816,
2025-10-29 13:23:21,24A07816,
2025-10-29 13:23:23,24A07816,
2025-10-29 13:23:25,24A07816,
2025-10-29 13:23:27,24A07816,
2025-10-29 13:23:29,24A07816,
2025-10-29 13:23:30,24A07816,
2025-10-29 13:23:32,24A07816,
2025-10-29 13:23:34,24A07816,
2025-10-29 13:23:35,24A07816,
2025-10-29 13:23:37,24A07816,
2025-10-29 13:23:39,24A07816,
2025-10-29 13:23:40,24A07816,
2025-10-29 13:23:42,24A07816,
2025-10-29 13:23:43,24A07816,
2025-10-29 13:23:45,24A07816,
2025-10-29 13:23:47,24A07816,
2025-10-29 13:23:49,24A07816,
2025-10-29 13:23:51,24A07816,
2025-10-29 13:23:53,24A07816,
2025-10-29 13:23:55,24A07816,
2025-10-29 13:23:56,24A07816,
2025-10-29 13:23:58,24A07816,
2025-10-29 13:23:59,24A07816,
2025-10-29 13:24:01,24A07816,
2025-10-29 13:24:02,24A07816,
2025-10-29 13:24:03,24A07816,
2025-10-29 13:24:05,24A07816,
2025-10-29 13:24:06,24A07816,
2025-10-29 13:24:08,24A07816,
2025-10-29 13:24:10,24A07816,
2025-10-29 13:24:11,24A07816,
2025-10-29 13:24:14,24A07816,
2025-10-29 13:24:18,24X112442,
2025-10-29 13:24:21,24X112442,
2025-10-29 13:24:23,24X112442,
2025-10-29 13:24:25,24X112442,
2025-10-29 13:24:27,24X112442,
2025-10-29 13:24:29,24X112442,
2025-10-29 13:24:32,24X112442,
2025-10-29 13:24:34,24X112442,
2025-10-29 13:24:37,24X112442,
2025-10-29 13:24:39,24X112442,
2025-10-29 13:24:41,24X112442,
2025-10-29 13:24:44,24X112442,
2025-10-29 13:24:47,24X112442,
2025-10-29 13:24:49,20M111242,
2025-10-29 13:24:52,24X112442,
2025-10-29 13:24:54,24X112442,
2025-10-29 13:24:57,24X112442,
2025-10-29 13:25:02,24X112442,
2025-10-29 13:25:12,24C09238,
2025-10-29 13:25:15,24C09238,
2025-10-29 13:25:17,24C09238,
2025-10-29 13:25:20,24C09238,
2025-10-29 13:25:22,24C09238,
2025-10-29 13:25:24,24C09238,
2025-10-29 13:25:27,24C09238,
2025-10-29 13:25:29,24C09238,
2025-10-29 13:25:31,24C09238,
2025-10-29 13:25:34,24C09238,
2025-10-29 13:25:36,24C09238,
2025-10-29 13:25:38,24C09238,
2025-10-29 13:25:40,24C09238,
2025-10-29 13:25:43,24C09238,
2025-10-29 13:25:45,24C09238,
2025-10-29 13:25:47,24C09238,
2025-10-29 13:25:49,24C09238,
2025-10-29 13:25:51,24C09238,
2025-10-29 13:25:54,24C09238,
2025-10-29 13:25:56,27C09238,
2025-10-29 13:25:58,24C09238,
2025-10-29 13:26:00,24C09238,
2025-10-29 13:26:02,24C09238,
2025-10-29 13:26:04,24C09238,
2025-10-29 13:26:07,24C09238,
2025-10-29 13:26:09,24C09238,
2025-10-29 13:26:11,24C09238,
2025-10-29 13:26:13,24C09238,
2025-10-29 13:26:15,24C09238,
2025-10-29 13:26:17,24C09238,
2025-10-29 13:26:19,24C09238,
2025-10-29 13:26:21,24C09238,
2025-10-29 13:26:23,24C09238,
2025-10-29 13:26:25,24C09238,
2025-10-29 13:26:27,24C09238,
2025-10-29 13:26:29,24C09238,
2025-10-29 13:26:31,24C09238,
2025-10-29 13:26:33,24C09238,
2025-10-29 13:26:36,379238,
2025-10-29 13:26:46,29K10425,
2025-10-29 13:26:48,29K10425,
2025-10-29 13:26:50,29K10425,
2025-10-29 13:26:52,29K10425,
2025-10-29 13:26:55,29K10425,
2025-10-29 13:26:57,29K10425,
2025-10-29 13:26:58,29K10425,
2025-10-29 13:27:01,29K10425,
2025-10-29 13:42:36,24A07816,
2025-10-29 13:42:36,24A07816,
2025-10-29 13:42:36,24A07816,
2025-10-29 13:42:37,24A07816,
2025-10-29 13:42:37,24A07816,
2025-10-29 13:42:37,24A07816,
2025-10-29 13:42:38,24A07816,
2025-10-29 13:42:38,24A07816,
2025-10-29 13:42:38,24A07816,
2025-10-29 13:42:39,24A07816,
2025-10-29 13:42:39,24A07816,
2025-10-29 13:42:39,24A07816,
2025-10-29 13:42:40,24A07816,
2025-10-29 13:42:40,24A07816,
2025-10-29 13:42:40,24A07816,
2025-10-29 13:42:41,24A07816,
2025-10-29 13:42:41,24A07816,
2025-10-29 13:42:41,24A07816,
2025-10-29 13:42:42,24A07816,
2025-10-29 13:42:42,24A07816,
2025-10-29 13:42:42,24A07816,
2025-10-29 13:42:42,24A07816,
2025-10-29 13:42:43,24A07816,
2025-10-29 13:42:43,24A07816,
2025-10-29 13:42:43,24A07816,
2025-10-29 13:42:44,24A07816,
2025-10-29 13:42:44,24A07816,
2025-10-29 13:42:44,24A07816,
2025-10-29 13:42:44,24A07816,
2025-10-29 13:42:45,24A07816,
2025-10-29 13:42:45,24A07816,
2025-10-29 13:42:45,24A07816,
2025-10-29 13:42:46,24A07816,
2025-10-29 13:42:46,24A07816,
2025-10-29 13:42:46,24A07816,
2025-10-29 13:42:47,24A07816,
2025-10-29 13:42:47,24A07816,
2025-10-29 13:42:47,24A07816,
2025-10-29 13:42:47,24A07816,
2025-10-29 13:42:48,24A07816,
2025-10-29 13:42:48,24A07816,
2025-10-29 13:42:48,24A07816,
2025-10-29 13:42:49,24A07816,
2025-10-29 13:42:49,24A07816,
2025-10-29 13:42:49,24A07816,
2025-10-29 13:42:49,24A07816,
2025-10-29 13:42:50,24A07816,
2025-10-29 13:42:50,24A07816,
2025-10-29 13:42:51,24A07816,
2025-10-29 13:42:53,24X112442,
2025-10-29 13:42:53,24X112442,
2025-10-29 13:42:54,24X112442,
2025-10-29 13:42:54,24X112442,
2025-10-29 13:42:54,24X112442,
2025-10-29 13:42:55,24X112442,
2025-10-29 13:42:55,24X112442,
2025-10-29 13:42:56,24X112442,
2025-10-29 13:42:56,24X112442,
2025-10-29 13:42:56,24X112442,
2025-10-29 13:42:57,24X112442,
2025-10-29 13:42:57,24X112442,
2025-10-29 13:42:58,24X112442,
2025-10-29 13:42:58,20M111242,
2025-10-29 13:44:02,24A07816,
2025-10-29 13:44:02,24A07816,
2025-10-29 13:44:03,24A07816,
2025-10-29 13:44:03,24A07816,
2025-10-29 13:44:03,24A07816,
2025-10-29 13:44:04,24A07816,
2025-10-29 13:44:04,24A07816,
2025-10-29 13:44:04,24A07816,
2025-10-29 13:44:05,24A07816,
2025-10-29 13:44:05,24A07816,
2025-10-29 13:44:05,24A07816,
2025-10-29 13:44:06,24A07816,
2025-10-29 13:44:06,24A07816,
2025-10-29 13:44:06,24A07816,
2025-10-29 13:44:06,24A07816,
2025-10-29 13:44:07,24A07816,
2025-10-29 13:44:07,24A07816,
2025-10-29 13:44:07,24A07816,
2025-10-29 13:44:08,24A07816,
2025-10-29 13:44:08,24A07816,
2025-10-29 13:44:08,24A07816,
2025-10-29 13:44:09,24A07816,
2025-10-29 13:44:09,24A07816,
2025-10-29 13:44:09,24A07816,
2025-10-29 13:44:09,24A07816,
2025-10-29 13:44:10,24A07816,
2025-10-29 13:44:10,24A07816,
2025-10-29 13:44:10,24A07816,
2025-10-29 13:44:11,24A07816,
2025-10-29 13:44:11,24A07816,
2025-10-29 13:44:11,24A07816,
2025-10-29 13:44:11,24A07816,
2025-10-29 13:44:12,24A07816,
2025-10-29 13:44:12,24A07816,
2025-10-29 13:44:12,24A07816,
2025-10-29 13:44:13,24A07816,
2025-10-29 13:44:13,24A07816,
2025-10-29 13:44:13,24A07816,
2025-10-29 13:44:13,24A07816,
2025-10-29 13:44:14,24A07816,
2025-10-29 13:44:14,24A07816,
2025-10-29 13:44:14,24A07816,
2025-10-29 13:44:15,24A07816,
2025-10-29 13:44:15,24A07816,
2025-10-29 13:44:15,24A07816,
2025-10-29 13:44:15,24A07816,
2025-10-29 13:44:16,24A07816,
2025-10-29 13:44:16,24A07816,
2025-10-29 13:44:17,24A07816,
2025-10-29 13:44:19,24X112442,
2025-10-29 13:44:19,24X112442,
2025-10-29 13:44:19,24X112442,
2025-10-29 13:44:20,24X112442,
2025-10-29 13:44:20,24X112442,
2025-10-29 13:44:20,24X112442,
2025-10-29 13:44:21,24X112442,
2025-10-29 13:44:21,24X112442,
2025-10-29 13:44:22,24X112442,
2025-10-29 13:44:22,24X112442,
2025-10-29 13:44:22,24X112442,
2025-10-29 13:44:23,24X112442,
2025-10-29 13:44:23,24X112442,
2025-10-29 13:44:24,20M111242,
2025-10-29 13:44:24,24X112442,
2025-10-29 13:44:24,24X112442,
2025-10-29 13:44:25,24X112442,
2025-10-29 13:44:26,24X112442,
2025-10-29 13:44:31,24C09238,
2025-10-29 13:44:32,24C09238,
2025-10-29 13:44:32,24C09238,
2025-10-29 13:44:33,24C09238,
2025-10-29 13:44:33,24C09238,
2025-10-29 13:44:33,24C09238,
2025-10-29 13:44:34,24C09238,
2025-10-29 13:44:34,24C09238,
2025-10-29 13:44:35,24C09238,
2025-10-29 13:44:35,24C09238,
2025-10-29 13:44:35,24C09238,
2025-10-29 13:44:36,24C09238,
2025-10-29 13:44:36,24C09238,
2025-10-29 13:44:36,24C09238,
2025-10-29 13:44:37,24C09238,
2025-10-29 13:44:37,24C09238,
2025-10-29 13:44:38,24C09238,
2025-10-29 13:44:38,24C09238,
2025-10-29 13:44:38,24C09238,
2025-10-29 13:44:39,27C09238,
2025-10-29 13:44:39,24C09238,
2025-10-29 13:44:39,24C09238,
2025-10-29 13:44:40,24C09238,
2025-10-29 13:44:40,24C09238,
2025-10-29 13:44:41,24C09238,
2025-10-29 13:44:41,24C09238,
2025-10-29 13:44:41,24C09238,
2025-10-29 13:44:42,24C09238,
2025-10-29 13:44:42,24C09238,
2025-10-29 13:44:43,24C09238,
2025-10-29 13:44:43,24C09238,
2025-10-29 13:44:43,24C09238,
2025-10-29 13:44:44,24C09238,
2025-10-29 13:44:44,24C09238,
2025-10-29 13:44:45,24C09238,
2025-10-29 13:44:45,24C09238,
2025-10-29 13:44:45,24C09238,
2025-10-29 13:44:46,24C09238,
2025-10-29 13:44:46,379238,
2025-10-29 13:44:50,29K10425,
2025-10-29 13:44:50,29K10425,
2025-10-29 13:44:51,29K10425,
2025-10-29 13:44:51,29K10425,
2025-10-29 13:44:52,29K10425,
2025-10-29 13:44:53,29K10425,
2025-10-29 13:44:53,29K10425,
2025-10-29 13:44:54,29K10425,
2025-10-29 13:44:54,29K10425,
2025-10-29 13:44:55,29K10425,
2025-10-29 13:44:55,29K10425,
2025-10-29 13:44:56,29K10425,
2025-10-29 13:44:56,29K10425,
2025-10-29 13:44:56,29K10425,
2025-10-29 13:44:57,29K10425,
2025-10-29 13:44:57,29K10425,
2025-10-29 13:44:57,29K10425,
2025-10-29 13:44:58,29K10425,
2025-10-29 13:44:58,29K10425,
2025-10-29 13:44:59,29K10425,
2025-10-29 13:44:59,29K10425,
2025-10-29 13:44:59,29K10425,
2025-10-29 13:45:00,29K10425,
2025-10-29 13:45:00,29K10425,
2025-10-29 13:45:00,29K10425,
2025-10-29 13:45:01,29K10425,
2025-10-29 13:45:01,29K10425,
2025-10-29 13:45:01,29K10425,
2025-10-29 13:45:02,29K10425,
2025-10-29 13:45:02,29K10425,
2025-10-29 13:45:03,29K10425,
2025-10-29 13:45:03,29K10425,
2025-10-29 13:45:03,29K10425,
2025-10-29 13:45:04,29K10425,
2025-10-29 13:45:04,29K10425,
2025-10-29 13:45:04,29K10425,
2025-10-29 13:45:05,29K10425,
2025-10-29 13:45:05,29K10425,
2025-10-29 13:45:06,29K10425,
2025-10-29 13:45:06,29K10425,
2025-10-29 13:45:06,29K10425,
2025-10-29 13:45:07,29K10425,
2025-10-29 13:45:07,29K10425,
2025-10-29 13:45:07,29K10425,
2025-10-29 13:45:08,29K1055,
2025-10-29 13:45:22,2133976,
2025-10-29 13:45:22,133978,
2025-10-29 13:45:23,133978,
2025-10-29 13:45:23,20133976,
2025-10-29 13:45:23,2681733975,
2025-10-29 13:45:24,2033975,
2025-10-29 13:45:24,201733976,
2025-10-29 13:45:24,201733976,
2025-10-29 13:45:24,261733976,
2025-10-29 13:45:25,2481733976,
2025-10-29 13:45:25,2481733976,
2025-10-29 13:45:25,2481733976,
2025-10-29 13:45:26,248133976,
2025-10-29 13:45:26,2681733976,
2025-10-29 13:45:26,2681733976,
2025-10-29 13:45:27,2481733975,
2025-10-29 13:45:27,2491733976,
2025-10-29 13:45:27,240133976,
2025-10-29 13:45:28,240133975,
2025-10-29 13:45:28,240133975,
2025-10-29 13:45:28,2581733976,
2025-10-29 13:45:29,2481733976,
2025-10-29 13:45:30,2481733976,
2025-10-29 13:45:53,24A00919,
2025-10-29 13:45:53,24A00919,
2025-10-29 13:45:54,24A00919,
2025-10-29 13:45:54,24A00919,
2025-10-29 13:45:54,24A00919,
2025-10-29 13:45:55,24A00919,
2025-10-29 13:45:55,24A00919,
2025-10-29 13:45:55,24A00919,
2025-10-29 13:45:56,24A00919,
2025-10-29 13:45:56,24A00919,
2025-10-29 13:45:56,24A00919,
2025-10-29 13:45:57,24A00919,
2025-10-29 13:45:57,24A00919,
2025-10-29 13:45:58,24A00919,
2025-10-29 13:45:58,24A00919,
2025-10-29 13:45:58,24A00919,
2025-10-29 13:45:59,24A00919,
2025-10-29 13:45:59,24A00919,
2025-10-29 13:45:59,24A00919,
2025-10-29 13:46:00,24A00919,
2025-10-29 13:46:00,24A00919,
2025-10-29 13:46:00,24A00919,
2025-10-29 13:46:01,24A00919,
2025-10-29 13:46:01,24A00919,
2025-10-29 13:46:01,24A00919,
2025-10-29 13:46:02,24A00919,
2025-10-29 13:46:02,24A00919,
2025-10-29 13:46:02,24A00919,
2025-10-29 13:46:03,20A00919,
2025-10-29 13:46:03,24A00919,
2025-10-29 13:46:04,24A00919,
2025-10-29 13:46:04,24A00919,
2025-10-29 13:46:04,24A00919,
2025-10-29 13:46:05,24A00919,
2025-10-29 13:46:05,24A00919,
2025-10-29 13:46:05,24A00919,
2025-10-29 13:46:06,24A00919,
2025-10-29 13:46:06,24A00919,
2025-10-29 13:46:06,24A00919,
2025-10-29 13:46:07,24A00919,
2025-10-29 13:46:07,24A00919,
2025-10-29 13:46:08,24A00919,
2025-10-29 13:46:08,24A00919,
2025-10-29 13:46:08,24A00919,
2025-10-29 13:46:09,24A00919,
2025-10-29 13:46:09,24A00919,
2025-10-29 13:46:09,24A00919,
2025-10-29 13:46:10,24A00919,
2025-10-29 13:46:10,24A00919,
2025-10-29 13:46:10,24A00919,
2025-10-29 13:46:11,24A00919,
2025-10-29 13:46:40,248104574,
2025-10-29 13:46:40,240105,
2025-10-29 13:49:10,24A07816,
2025-10-29 13:49:11,24A07816,
2025-10-29 13:49:11,24A07816,
2025-10-29 13:49:11,24A07816,
2025-10-29 13:49:12,24A07816,
2025-10-29 13:49:12,24A07816,
2025-10-29 13:49:12,24A07816,
2025-10-29 13:49:13,24A07816,
2025-10-29 13:49:13,24A07816,
2025-10-29 13:49:13,24A07816,
2025-10-29 13:49:13,24A07816,
2025-10-29 13:49:14,24A07816,
2025-10-29 13:49:14,24A07816,
2025-10-29 13:49:14,24A07816,
2025-10-29 13:49:15,24A07816,
2025-10-29 13:49:15,24A07816,
2025-10-29 13:49:15,24A07816,
2025-10-29 13:49:16,24A07816,
2025-10-29 13:49:16,24A07816,
2025-10-29 13:49:16,24A07816,
2025-10-29 13:49:16,24A07816,
2025-10-29 13:49:17,24A07816,
2025-10-29 13:49:17,24A07816,
2025-10-29 13:49:17,24A07816,
2025-10-29 13:49:18,24A07816,
2025-10-29 13:49:18,24A07816,
2025-10-29 13:49:18,24A07816,
2025-10-29 13:49:18,24A07816,
2025-10-29 13:49:19,24A07816,
2025-10-29 13:49:19,24A07816,
2025-10-29 13:49:19,24A07816,
2025-10-29 13:49:20,24A07816,
2025-10-29 13:49:20,24A07816,
2025-10-29 13:49:20,24A07816,
2025-10-29 13:49:20,24A07816,
2025-10-29 13:49:21,24A07816,
2025-10-29 13:49:21,24A07816,
2025-10-29 13:49:21,24A07816,
2025-10-29 13:49:22,24A07816,
2025-10-29 13:49:22,24A07816,
2025-10-29 13:49:22,24A07816,
2025-10-29 13:49:23,24A07816,
2025-10-29 13:49:23,24A07816,
2025-10-29 13:49:23,24A07816,
2025-10-29 13:49:23,24A07816,
2025-10-29 13:49:24,24A07816,
2025-10-29 13:49:24,24A07816,
2025-10-29 13:49:24,24A07816,
2025-10-29 13:49:25,24A07816,
2025-10-29 13:49:27,24X112442,
2025-10-29 13:49:27,24X112442,
2025-10-29 13:49:28,24X112442,
2025-10-29 13:49:28,24X112442,
2025-10-29 13:49:28,24X112442,
2025-10-29 13:49:29,24X112442,
2025-10-29 13:49:29,24X112442,
2025-10-29 13:49:30,24X112442,
2025-10-29 13:49:30,24X112442,
2025-10-29 13:49:30,24X112442,
2025-10-29 13:49:31,24X112442,
2025-10-29 13:49:31,24X112442,
2025-10-29 13:49:32,24X112442,
2025-10-29 13:49:32,20M111242,
2025-10-29 13:49:32,24X112442,
2025-10-29 13:49:33,24X112442,
2025-10-29 13:49:33,24X112442,
2025-10-29 13:49:35,24X112442,
2025-10-29 13:49:40,24C09238,
2025-10-29 13:49:40,24C09238,
2025-10-29 13:49:41,24C09238,
2025-10-29 13:49:41,24C09238,
2025-10-29 13:49:41,24C09238,
2025-10-29 13:49:42,24C09238,
2025-10-29 13:49:42,24C09238,
2025-10-29 13:49:43,24C09238,
2025-10-29 13:49:43,24C09238,
2025-10-29 13:49:43,24C09238,
2025-10-29 13:49:44,24C09238,
2025-10-29 13:49:44,24C09238,
2025-10-29 13:49:44,24C09238,
2025-10-29 13:49:45,24C09238,
2025-10-29 13:49:45,24C09238,
2025-10-29 13:49:45,24C09238,
2025-10-29 13:49:46,24C09238,
2025-10-29 13:49:46,24C09238,
2025-10-29 13:49:46,24C09238,
2025-10-29 13:49:47,27C09238,
2025-10-29 13:49:47,24C09238,
2025-10-29 13:49:48,24C09238,
2025-10-29 13:49:48,24C09238,
2025-10-29 13:49:48,24C09238,
2025-10-29 13:49:49,24C09238,
2025-10-29 13:49:49,24C09238,
2025-10-29 13:49:49,24C09238,
2025-10-29 13:49:50,24C09238,
2025-10-29 13:49:50,24C09238,
2025-10-29 13:49:50,24C09238,
2025-10-29 13:49:51,24C09238,
2025-10-29 13:49:51,24C09238,
2025-10-29 13:49:51,24C09238,
2025-10-29 13:49:52,24C09238,
2025-10-29 13:49:52,24C09238,
2025-10-29 13:49:53,24C09238,
2025-10-29 13:49:53,24C09238,
2025-10-29 13:49:53,24C09238,
2025-10-29 13:49:54,379238,
2025-10-29 13:49:56,29K10425,
2025-10-29 13:49:57,29K10425,
2025-10-29 13:49:57,29K10425,
2025-10-29 13:49:58,29K10425,
2025-10-29 13:49:59,29K10425,
2025-10-29 13:49:59,29K10425,
2025-10-29 13:49:59,29K10425,
2025-10-29 13:50:00,29K10425,
2025-10-29 13:50:01,29K10425,
2025-10-29 13:50:01,29K10425,
2025-10-29 13:50:01,29K10425,
2025-10-29 13:50:02,29K10425,
2025-10-29 13:50:02,29K10425,
2025-10-29 13:50:02,29K10425,
2025-10-29 13:50:03,29K10425,
2025-10-29 13:50:03,29K10425,
2025-10-29 13:50:03,29K10425,
2025-10-29 13:50:04,29K10425,
2025-10-29 13:50:04,29K10425,
2025-10-29 13:50:04,29K10425,
2025-10-29 13:50:05,29K10425,
2025-10-29 13:50:05,29K10425,
2025-10-29 13:50:05,29K10425,
2025-10-29 13:50:06,29K10425,
2025-10-29 13:57:33,24A07816,
2025-10-29 13:57:33,24A07816,
2025-10-29 13:57:33,24A07816,
2025-10-29 13:57:34,24A07816,
2025-10-29 13:57:34,24A07816,
2025-10-29 13:57:34,24A07816,
2025-10-29 13:57:35,24A07816,
2025-10-29 13:57:35,24A07816,
2025-10-29 13:57:35,24A07816,
2025-10-29 13:57:36,24A07816,
2025-10-29 13:57:36,24A07816,
2025-10-29 13:57:36,24A07816,
2025-10-29 13:57:37,24A07816,
2025-10-29 13:57:37,24A07816,
2025-10-29 13:57:37,24A07816,
2025-10-29 13:57:38,24A07816,
2025-10-29 13:57:38,24A07816,
2025-10-29 13:57:38,24A07816,
2025-10-29 13:57:38,24A07816,
2025-10-29 13:57:39,24A07816,
2025-10-29 13:57:39,24A07816,
2025-10-29 13:57:39,24A07816,
2025-10-29 13:57:40,24A07816,
2025-10-29 13:57:40,24A07816,
2025-10-29 13:57:40,24A07816,
2025-10-29 13:57:41,24A07816,
2025-10-29 13:57:41,24A07816,
2025-10-29 13:57:41,24A07816,
2025-10-29 13:57:41,24A07816,
2025-10-29 13:57:42,24A07816,
2025-10-29 13:57:42,24A07816,
2025-10-29 13:57:42,24A07816,
2025-10-29 13:57:43,24A07816,
2025-10-29 13:57:43,24A07816,
2025-10-29 13:57:43,24A07816,
2025-10-29 13:57:44,24A07816,
2025-10-29 13:57:44,24A07816,
2025-10-29 13:57:44,24A07816,
2025-10-29 13:57:45,24A07816,
2025-10-29 13:57:45,24A07816,
2025-10-29 13:57:45,24A07816,
2025-10-29 13:57:45,24A07816,
2025-10-29 13:57:46,24A07816,
2025-10-29 13:57:46,24A07816,
2025-10-29 13:57:46,24A07816,
2025-10-29 13:57:47,24A07816,
2025-10-29 13:57:47,24A07816,
2025-10-29 13:57:47,24A07816,
2025-10-29 13:57:48,24A07816,
2025-10-29 13:57:50,24X112442,
2025-10-29 13:57:50,24X112442,
2025-10-29 13:57:51,24X112442,
2025-10-29 13:57:51,24X112442,
2025-10-29 13:57:51,24X112442,
2025-10-29 13:57:52,24X112442,
2025-10-29 13:57:52,24X112442,
2025-10-29 13:57:53,24X112442,
2025-10-29 13:57:53,24X112442,
2025-10-29 13:57:53,24X112442,
2025-10-29 13:57:54,24X112442,
2025-10-29 13:57:54,24X112442,
2025-10-29 13:57:55,24X112442,
2025-10-29 13:57:55,20M111242,
2025-10-29 13:57:55,24X112442,
2025-10-29 13:57:56,24X112442,
2025-10-29 13:57:56,24X112442,
2025-10-29 13:57:58,24X112442,
2025-10-29 13:58:03,24C09238,
2025-10-29 13:58:03,24C09238,
2025-10-29 13:58:04,24C09238,
2025-10-29 13:58:04,24C09238,
2025-10-29 13:58:05,24C09238,
2025-10-29 13:58:05,24C09238,
2025-10-29 13:58:06,24C09238,
2025-10-29 13:58:06,24C09238,
2025-10-29 13:58:06,24C09238,
2025-10-29 13:58:07,24C09238,
2025-10-29 13:58:07,24C09238,
2025-10-29 13:58:08,24C09238,
2025-10-29 13:58:08,24C09238,
2025-10-29 13:58:08,24C09238,
2025-10-29 13:58:09,24C09238,
2025-10-29 13:58:09,24C09238,
2025-10-29 13:58:09,24C09238,
2025-10-29 13:58:10,24C09238,
2025-10-29 13:58:10,24C09238,
2025-10-29 13:58:11,27C09238,
2025-10-29 13:58:11,24C09238,
2025-10-29 13:58:11,24C09238,
2025-10-29 13:58:12,24C09238,
2025-10-29 13:58:12,24C09238,
2025-10-29 13:58:12,24C09238,
2025-10-29 13:58:13,24C09238,
2025-10-29 13:58:13,24C09238,
2025-10-29 13:58:14,24C09238,
2025-10-29 13:58:14,24C09238,
2025-10-29 13:58:14,24C09238,
2025-10-29 13:58:15,24C09238,
2025-10-29 13:58:15,24C09238,
2025-10-29 13:58:15,24C09238,
2025-10-29 13:58:16,24C09238,
2025-10-29 13:58:16,24C09238,
2025-10-29 13:58:16,24C09238,
2025-10-29 13:58:17,24C09238,
2025-10-29 13:58:17,24C09238,
2025-10-29 13:58:18,379238,
2025-10-29 13:58:21,29K10425,
2025-10-29 13:58:21,29K10425,
2025-10-29 13:58:22,29K10425,
2025-10-29 13:58:22,29K10425,
2025-10-29 13:58:23,29K10425,
2025-10-29 13:58:23,29K10425,
2025-10-29 13:58:24,29K10425,
2025-10-29 13:58:25,29K10425,
2025-10-29 13:58:25,29K10425,
2025-10-29 13:58:25,29K10425,
2025-10-29 13:58:26,29K10425,
2025-10-29 13:58:26,29K10425,
2025-10-29 13:58:27,29K10425,
2025-10-29 13:58:27,29K10425,
2025-10-29 13:58:27,29K10425,
2025-10-29 13:58:28,29K10425,
2025-10-29 13:58:28,29K10425,
2025-10-29 13:58:28,29K10425,
2025-10-29 13:58:29,29K10425,
2025-10-29 13:58:29,29K10425,
2025-10-29 13:58:29,29K10425,
2025-10-29 13:58:30,29K10425,
2025-10-29 13:58:30,29K10425,
2025-10-29 13:58:31,29K10425,
2025-10-29 13:58:31,29K10425,
2025-10-29 13:58:31,29K10425,
2025-10-29 13:58:32,29K10425,
2025-10-29 13:58:32,29K10425,
2025-10-29 13:58:32,29K10425,
2025-10-29 13:58:33,29K10425,
2025-10-29 13:58:33,29K10425,
2025-10-29 13:58:33,29K10425,
2025-10-29 13:58:34,29K10425,
2025-10-29 13:58:34,29K10425,
2025-10-29 13:58:34,29K10425,
2025-10-29 13:58:35,29K10425,
2025-10-29 13:58:35,29K10425,
2025-10-29 13:58:36,29K10425,
2025-10-29 13:58:36,29K10425,
2025-10-29 13:58:36,29K10425,
2025-10-29 13:58:37,29K10425,
2025-10-29 13:58:37,29K10425,
2025-10-29 13:58:37,29K10425,
2025-10-29 13:58:38,29K10425,
2025-10-29 13:58:38,29K1055,
2025-10-29 13:58:52,2133976,
2025-10-29 13:58:53,133978,
2025-10-29 13:58:53,133978,
2025-10-29 13:58:53,20133976,
2025-10-29 13:58:54,2681733975,
2025-10-29 13:58:54,2033975,
2025-10-29 13:58:54,201733976,
2025-10-29 13:58:55,201733976,
2025-10-29 13:58:55,261733976,
2025-10-29 13:58:55,2481733976,
2025-10-29 13:58:56,2481733976,
2025-10-29 13:58:56,2481733976,
2025-10-29 13:58:56,248133976,
2025-10-29 13:58:57,2681733976,
2025-10-29 13:58:57,2681733976,
2025-10-29 13:58:57,2481733975,
2025-10-29 13:58:58,2491733976,
2025-10-29 13:58:58,240133976,
2025-10-29 13:58:58,240133975,
2025-10-29 13:58:59,240133975,
2025-10-29 13:58:59,2581733976,
2025-10-29 13:59:00,2481733976,
2025-10-29 13:59:00,2481733976,
2025-10-29 13:59:25,24A00919,
2025-10-29 13:59:25,24A00919,
2025-10-29 13:59:26,24A00919,
2025-10-29 13:59:26,24A00919,
2025-10-29 13:59:26,24A00919,
2025-10-29 13:59:27,24A00919,
2025-10-29 13:59:27,24A00919,
2025-10-29 13:59:27,24A00919,
2025-10-29 13:59:28,24A00919,
2025-10-29 13:59:28,24A00919,
2025-10-29 13:59:28,24A00919,
2025-10-29 13:59:29,24A00919,
2025-10-29 13:59:29,24A00919,
2025-10-29 13:59:30,24A00919,
2025-10-29 13:59:30,24A00919,
2025-10-29 13:59:30,24A00919,
2025-10-29 13:59:31,24A00919,
2025-10-29 13:59:31,24A00919,
2025-10-29 13:59:31,24A00919,
2025-10-29 13:59:32,24A00919,
2025-10-29 13:59:32,24A00919,
2025-10-29 13:59:33,24A00919,
2025-10-29 13:59:33,24A00919,
2025-10-29 13:59:33,24A00919,
2025-10-29 13:59:34,24A00919,
2025-10-29 13:59:34,24A00919,
2025-10-29 13:59:34,24A00919,
2025-10-29 13:59:35,24A00919,
2025-10-29 13:59:35,20A00919,
2025-10-29 13:59:36,24A00919,
2025-10-29 13:59:36,24A00919,
2025-10-29 13:59:36,24A00919,
2025-10-29 13:59:37,24A00919,
2025-10-29 13:59:37,24A00919,
2025-10-29 13:59:37,24A00919,
2025-10-29 13:59:38,24A00919,
2025-10-29 13:59:38,24A00919,
2025-10-29 13:59:38,24A00919,
2025-10-29 13:59:39,24A00919,
2025-10-29 13:59:39,24A00919,
2025-10-29 13:59:40,24A00919,
2025-10-29 13:59:40,24A00919,
2025-10-29 13:59:40,24A00919,
2025-10-29 13:59:41,24A00919,
2025-10-29 13:59:41,24A00919,
2025-10-29 13:59:42,24A00919,
2025-10-29 13:59:42,24A00919,
2025-10-29 13:59:42,24A00919,
2025-10-29 13:59:43,24A00919,
2025-10-29 13:59:43,24A00919,
2025-10-29 13:59:43,24A00919,
2025-10-29 14:00:15,248104574,
2025-10-29 14:00:15,240105,
2025-10-29 14:00:16,2601057,
2025-10-29 14:00:16,24010574,
2025-10-29 14:00:16,24010574,
2025-10-29 14:00:17,2401057,
2025-10-29 14:00:17,24010574,
2025-10-29 14:00:18,24B1167,
2025-10-29 14:00:18,24010574,
2025-10-29 14:00:18,2481057,
2025-10-29 14:00:19,2481057,
2025-10-29 14:00:19,2401057,
2025-10-29 14:00:19,24811574,
2025-10-29 14:00:20,2481057,
2025-10-29 14:00:20,24010571,
2025-10-29 14:00:21,24611457,
2025-10-29 14:00:21,24611457,
2025-10-29 14:00:21,24610576,
2025-10-29 14:00:22,248157,
2025-10-29 14:00:22,2481004576,
2025-10-29 14:00:22,24810457,
2025-10-29 14:00:23,24810457,
2025-10-29 14:00:23,2481057,
2025-10-29 14:00:24,24817057,
2025-10-29 14:00:24,2401705,
2025-10-29 14:00:25,2401705,
2025-10-29 14:01:22,24A16947,
2025-10-29 14:01:23,24A16947,
2025-10-29 14:01:23,24A16947,
2025-10-29 14:01:23,24A16947,
2025-10-29 14:01:24,24A16947,
2025-10-29 14:01:24,24A16947,
2025-10-29 14:01:24,24A16947,
2025-10-29 14:01:25,24A16947,
2025-10-29 14:01:25,24A16947,
2025-10-29 14:01:25,24A16947,
2025-10-29 14:01:26,24A16947,
2025-10-29 14:01:26,24A16947,
2025-10-29 14:01:27,24A16947,
2025-10-29 14:01:27,24A16947,
2025-10-29 14:01:27,24A16947,
2025-10-29 14:01:28,24A16947,
2025-10-29 14:01:28,24A16947,
2025-10-29 14:01:28,24A16947,
2025-10-29 14:01:29,24A16947,
2025-10-29 14:01:29,24A16947,
2025-10-29 14:01:30,24A16947,
2025-10-29 14:01:30,24A16947,
2025-10-29 14:01:31,24A16947,
2025-10-29 14:01:31,24A16947,
2025-10-29 14:01:31,24A16947,
2025-10-29 14:01:32,24A16947,
2025-10-29 14:01:32,24A16947,
2025-10-29 14:01:32,24A16947,
2025-10-29 14:01:33,24A16947,
2025-10-29 14:01:33,24A16947,
2025-10-29 14:01:33,24A16947,
2025-10-29 14:01:34,24A16947,
2025-10-29 14:01:34,24A16947,
2025-10-29 14:01:35,24A16947,
2025-10-29 14:01:35,24A16947,
2025-10-29 14:01:35,24A16947,
2025-10-29 14:01:36,24A16947,
2025-10-29 14:01:36,24A16947,
2025-10-29 14:01:36,24A16947,
2025-10-29 14:01:37,24A16947,
2025-10-29 14:01:37,24A16947,
2025-10-29 14:01:38,24A16947,
2025-10-29 14:01:39,24A16947,
2025-10-29 14:01:39,24A16947,
2025-10-29 14:01:40,24A16947,
2025-10-29 14:01:40,24A16947,
2025-10-29 14:01:41,24A16947,
2025-10-29 14:01:41,24A16947,
2025-10-29 14:01:42,24A16947,
2025-10-29 14:01:42,24A16947,
2025-10-29 14:01:42,24A16947,
2025-10-29 14:01:43,24A16947,
2025-10-29 14:01:43,24A16947,
2025-10-29 14:01:44,24A16947,
2025-10-29 14:01:44,24A16947,
2025-10-29 14:01:48,24A20421,
2025-10-29 14:01:49,24A20421,
2025-10-29 14:01:49,24A20421,
2025-10-29 14:01:49,24A20421,
2025-10-29 14:01:50,24A20421,
2025-10-29 14:01:50,24A20421,
2025-10-29 14:01:50,24A20421,
2025-10-29 14:01:51,24A20421,
2025-10-29 14:01:51,24A20421,
2025-10-29 14:01:51,24A204211,
2025-10-29 14:01:52,24A20421,
2025-10-29 14:01:52,24A20421,
2025-10-29 14:01:52,24A20421,
2025-10-29 14:01:53,24A20421,
2025-10-29 14:01:53,24A20421,
2025-10-29 14:01:54,24A20421,
2025-10-29 14:01:54,24A20421,
2025-10-29 14:01:54,24A20421,
2025-10-29 14:01:55,24A20421,
2025-10-29 14:01:55,24A204217,
2025-10-29 14:01:55,24A204211,
2025-10-29 14:01:56,24A20421,
2025-10-29 14:01:56,24A20421,
2025-10-29 14:01:57,24A20421,
2025-10-29 14:01:57,24A20421,
2025-10-29 14:01:57,24A20421,
2025-10-29 14:01:58,24A20421,
2025-10-29 14:01:58,24A20421,
2025-10-29 14:01:58,24A20421,
2025-10-29 14:01:59,24A20421,
2025-10-29 14:01:59,24A204211,
2025-10-29 14:01:59,24A20421,
2025-10-29 14:02:00,24A20421,
2025-10-29 14:02:00,24A20421,
2025-10-29 14:02:00,24A20421,
2025-10-29 14:02:01,24A20421,
2025-10-29 14:02:01,24A20421,
2025-10-29 14:02:02,24A20421,
2025-10-29 14:02:02,24A20421,
2025-10-29 14:02:02,24A20421,
2025-10-29 14:02:03,24A20421,
2025-10-29 14:02:03,24A20421,
2025-10-29 14:02:03,24A20421,
2025-10-29 14:02:04,24A20421,
2025-10-29 14:02:04,24A20421,
2025-10-29 14:02:04,24A20421,
2025-10-29 14:02:05,24A20421,
2025-10-29 14:02:05,24A20421,
2025-10-29 14:02:06,24A20421,
2025-10-29 14:02:06,24A20421,
2025-10-29 14:02:06,24A20421,
2025-10-29 14:02:07,24A20421,
2025-10-29 14:02:07,24A20421,
2025-10-29 14:02:07,24A20421,
2025-10-29 14:02:09,24800322,
2025-10-29 14:02:09,24800322,
2025-10-29 14:02:10,24800322,
2025-10-29 14:02:10,24800322,
2025-10-29 14:02:10,44B00322,
2025-10-29 14:02:11,24800322,
2025-10-29 14:02:11,24B00322,
2025-10-29 14:02:12,24800322,
2025-10-29 14:02:12,20B00322,
2025-10-29 14:02:12,20B00322,
2025-10-29 14:02:13,24B00322,
2025-10-29 14:02:13,20B00322,
2025-10-29 14:02:13,24B00322,
2025-10-29 14:02:14,24B00322,
2025-10-29 14:02:15,24B00322,
2025-10-29 14:02:16,24B00322,
2025-10-29 14:02:16,20B00322,
2025-10-29 14:02:17,24A17752,
2025-10-29 14:02:17,24A17752,
2025-10-29 14:02:18,24A17752,
2025-10-29 14:02:19,24A17752,
2025-10-29 14:02:19,24A17752,
2025-10-29 14:02:20,24A17752,
2025-10-29 14:02:21,24A17752,
2025-10-29 14:02:21,24A17752,
2025-10-29 14:02:22,24A17752,
2025-10-29 14:02:23,24A17752,
2025-10-29 14:02:23,24A17752,
2025-10-29 14:02:24,24A17752,
2025-10-29 14:02:25,24A17752,
2025-10-29 14:02:25,24B00322,
2025-10-29 14:02:26,24A17752,
2025-10-29 14:02:26,24A17752,
2025-10-29 14:02:26,24A17752,
2025-10-29 14:02:27,24A17752,
2025-10-29 14:02:28,24A17752,
2025-10-29 14:02:28,24A17752,
2025-10-29 14:02:29,24A17752,
2025-10-29 14:02:30,24A17752,
2025-10-29 14:02:30,24A17752,
2025-10-29 14:02:31,24A17752,
2025-10-29 14:02:32,24A17752,
2025-10-29 14:02:32,24A17752,
2025-10-29 14:02:33,24A17752,
2025-10-29 14:02:33,24A17752,
2025-10-29 14:02:33,24A17752,
2025-10-29 14:02:34,24A17752,
2025-10-29 14:02:34,24A17752,
2025-10-29 14:02:35,24A117752,
2025-10-29 14:02:35,47A70007,
2025-10-29 14:02:36,47A70007,
2025-10-29 14:02:36,24A17752,
2025-10-29 14:02:37,24A17752,
2025-10-29 14:02:38,47A40194,
2025-10-29 14:02:38,24A17752,
2025-10-29 14:02:39,24A17752,
2025-10-29 14:02:40,24A17752,
2025-10-29 14:02:40,24A17752,
2025-10-29 14:02:41,47A40194,
2025-10-29 14:02:42,24A17752,
2025-10-29 14:02:42,47A70037,
2025-10-29 14:02:43,24A17752,
2025-10-29 14:02:43,24A17752,
2025-10-29 14:02:44,24A17752,
2025-10-29 14:02:45,47A40194,
2025-10-29 14:02:45,24A17752,
2025-10-29 14:02:46,24A17752,
2025-10-29 14:02:47,47A40194,
2025-10-29 14:02:47,47A40194,
2025-10-29 14:02:48,47A40194,
2025-10-29 14:02:48,47A40194,
2025-10-29 14:02:48,47A40194,
2025-10-29 14:02:49,47A40194,
2025-10-29 14:02:49,24A22803,
2025-10-29 14:02:49,24A22803,
2025-10-29 14:02:50,47A40194,
2025-10-29 14:02:51,24A22803,
2025-10-29 14:02:51,47A40194,
2025-10-29 14:02:52,24A22003,
2025-10-29 14:02:52,24A22803,
2025-10-29 14:02:53,24A22803,
2025-10-29 14:02:53,24A22803,
2025-10-29 14:02:54,24A22803,
2025-10-29 14:02:54,24A22803,
2025-10-29 14:02:55,24A22803,
2025-10-29 14:02:55,24A22803,
2025-10-29 14:02:56,24A22803,
2025-10-29 14:02:56,24A22803,
2025-10-29 14:02:57,24A22803,
2025-10-29 14:02:57,24A22803,
2025-10-29 14:02:57,24A22803,
2025-10-29 14:02:58,24A22803,
2025-10-29 14:02:58,24A22803,
2025-10-29 14:02:58,24A22803,
2025-10-29 14:02:59,24A22803,
2025-10-29 14:02:59,24A22803,
2025-10-29 14:03:00,24A22803,
2025-10-29 14:03:00,24A22803,
2025-10-29 14:03:00,24A22803,
2025-10-29 14:03:01,24A22803,
2025-10-29 14:03:01,24A22803,
2025-10-29 14:03:02,24A22803,
2025-10-29 14:03:02,24A22803,
2025-10-29 14:03:02,24A22803,
2025-10-29 14:03:03,24A22803,
2025-10-29 14:03:03,24A22803,
2025-10-29 14:03:04,24A22803,
2025-10-29 14:03:04,24A22803,
2025-10-29 14:03:05,24A22803,
2025-10-29 14:03:05,24A22803,
2025-10-29 14:03:05,24A22803,
2025-10-29 14:03:06,24A22803,
2025-10-29 14:03:06,24A22803,
2025-10-29 14:03:07,24A22803,
2025-10-29 14:03:07,24A22803,
2025-10-29 14:03:08,24A22803,
2025-10-29 14:03:08,24A22803,
2025-10-29 14:03:42,24A16033,
2025-10-29 14:03:43,24A16033,
2025-10-29 14:03:43,24A16033,
2025-10-29 14:03:43,24A16033,
2025-10-29 14:03:44,24A16033,
2025-10-29 14:03:44,24A16033,
2025-10-29 14:03:45,24A16033,
2025-10-29 14:03:45,24A16033,
2025-10-29 14:03:45,24A16033,
2025-10-29 14:03:46,24A16033,
2025-10-29 14:03:46,24A16033,
2025-10-29 14:03:47,24A16033,
2025-10-29 14:03:47,24A16033,
2025-10-29 14:03:47,24A16033,
2025-10-29 14:03:48,24A16033,
2025-10-29 14:03:48,24A16033,
2025-10-29 14:03:49,24A16033,
2025-10-29 14:03:49,24A16033,
2025-10-29 14:03:49,24A16033,
2025-10-29 14:03:50,24A16033,
2025-10-29 14:03:50,24A16033,
2025-10-29 14:03:51,24A16033,
2025-10-29 14:03:51,24A16033,
2025-10-29 14:03:51,24A16033,
2025-10-29 14:03:52,24A16033,
2025-10-29 14:03:52,24A16033,
2025-10-29 14:03:53,24A16033,
2025-10-29 14:03:53,24A16033,
2025-10-29 14:03:53,24A16033,
2025-10-29 14:03:54,24A16033,
2025-10-29 14:03:54,24A16033,
2025-10-29 14:03:55,24A16033,
2025-10-29 14:03:55,24A16033,
2025-10-29 14:03:55,24A16033,
2025-10-29 14:03:56,24A16033,
2025-10-29 14:03:56,24A16033,
2025-10-29 14:03:57,24A16033,
2025-10-29 14:03:57,24A16033,
2025-10-29 14:03:57,24A16033,
2025-10-29 14:03:58,24A16033,
2025-10-29 14:03:58,24A16033,
2025-10-29 14:03:59,24A16033,
2025-10-29 14:03:59,24A16033,
2025-10-29 14:03:59,24A16033,
2025-10-29 14:04:00,24A16033,
2025-10-29 14:04:00,24A16033,
2025-10-29 14:04:01,24A16033,
2025-10-29 14:04:01,24A16033,
2025-10-29 14:04:01,24A16033,
2025-10-29 14:04:02,24A16033,
2025-10-29 14:04:02,24A16033,
2025-10-29 14:04:03,24A16033,
2025-10-29 14:04:03,24A16033,
2025-10-29 14:04:03,24A16033,
2025-10-29 14:04:04,24A16033,
2025-10-29 14:04:05,24A16033,
2025-10-29 14:04:05,24A16033,
2025-10-29 14:04:05,24A16033,
2025-10-29 14:04:06,24A16033,
2025-10-29 14:04:07,24A16033,
2025-10-29 14:04:07,24A16033,
2025-10-29 14:04:07,24A16033,
2025-10-29 14:04:17,20C6275,
2025-10-29 14:04:17,20C6275,
2025-10-29 14:04:17,20C6275,
2025-10-29 14:04:18,2046275,
2025-10-29 14:04:18,24P55275,
2025-10-29 14:04:19,21V78713,
2025-10-29 14:04:20,21V78713,
2025-10-29 14:04:20,21V78713,
2025-10-29 14:04:21,21V78713,
2025-10-29 14:04:22,21V78713,
2025-10-29 14:04:22,21V78713,
2025-10-29 14:04:23,21V78713,
2025-10-29 14:04:23,24R56275,
2025-10-29 14:04:23,24R56275,
2025-10-29 14:04:24,21V78713,
2025-10-29 14:04:24,21V78713,
2025-10-29 14:04:25,21V78713,
2025-10-29 14:04:25,21V78713,
2025-10-29 14:04:26,21V78713,
2025-10-29 14:04:28,21A787113,
2025-10-29 14:04:28,21A787113,
2025-10-29 14:04:28,21178713,
2025-10-29 14:04:29,24A20497,
2025-10-29 14:04:30,24A20497,
2025-10-29 14:04:30,24A20497,
2025-10-29 14:04:31,24A20497,
2025-10-29 14:04:31,24A20497,
2025-10-29 14:04:32,24A20497,
2025-10-29 14:04:32,24A20497,
2025-10-29 14:04:32,24A20497,
2025-10-29 14:04:33,24A20497,
2025-10-29 14:04:33,24A20497,
2025-10-29 14:04:34,24A20497,
2025-10-29 14:04:35,24A12429,
2025-10-29 14:04:35,24A12429,
2025-10-29 14:04:36,24A12429,
2025-10-29 14:04:36,24A12429,
2025-10-29 14:04:37,24A12429,
2025-10-29 14:04:38,24A12429,
2025-10-29 14:04:38,24A12429,
2025-10-29 14:04:39,24A12429,
2025-10-29 14:04:39,24A12429,
2025-10-29 14:04:40,24A12429,
2025-10-29 14:04:40,24A12429,
2025-10-29 14:04:41,24A12429,
2025-10-29 14:04:42,24A12429,
2025-10-29 14:04:42,24A12429,
2025-10-29 14:04:43,24A12429,
2025-10-29 14:04:43,24A12429,
2025-10-29 14:04:44,24A12429,
2025-10-29 14:04:45,24A204974,
2025-10-29 14:04:45,24A20497,
2025-10-29 14:04:46,24A204974,
2025-10-29 14:04:47,24A20497,
2025-10-29 14:04:47,24A20497,
2025-10-29 14:04:48,24A20497,
2025-10-29 14:04:49,24A20497,
2025-10-29 14:04:49,24A12429,
2025-10-29 14:04:50,24A20497,
2025-10-29 14:04:51,24A20497,
2025-10-29 14:04:51,24A20497,
2025-10-29 14:04:52,24A12429,
2025-10-29 14:04:53,24A20497,
2025-10-29 14:04:53,24A20497,
2025-10-29 14:04:54,24A20497,
2025-10-29 14:04:54,24A20497,
2025-10-29 14:04:55,24A12429,
2025-10-29 14:04:56,24A20497,
2025-10-29 14:04:56,24A20497,
2025-10-29 14:04:57,24A20497,
2025-10-29 14:04:58,24A20497,
2025-10-29 14:04:58,24A20497,
2025-10-29 14:04:59,24A20497,
2025-10-29 14:04:59,24A20497,
2025-10-29 14:04:59,24A0497,
2025-10-29 14:05:00,24A0497,
2025-10-29 14:05:00,24A12429,
2025-10-29 14:05:01,24A12429,
2025-10-29 14:05:02,24A12429,
2025-10-29 14:05:13,28227427,
2025-10-29 14:05:13,2822727,
2025-10-29 14:05:13,28227427,
2025-10-29 14:05:14,28227427,
2025-10-29 14:05:14,28227427,
2025-10-29 14:05:14,1248227427,
2025-10-29 14:05:15,1248227427,
2025-10-29 14:05:15,248227427,
2025-10-29 14:05:15,1248227427,
2025-10-29 14:05:16,1248227427,
2025-10-29 14:05:16,1248227427,
2025-10-29 14:05:17,1248227427,
2025-10-29 14:05:17,1248227427,
2025-10-29 14:05:17,248227427,
2025-10-29 14:05:18,1248227327,
2025-10-29 14:05:18,248227427,
2025-10-29 14:05:20,7458227427,
2025-10-29 14:05:20,7458227427,
2025-10-29 14:05:31,240132150,
2025-10-29 14:05:31,1240132150,
2025-10-29 14:05:33,78II2150,
2025-10-29 14:05:47,24A07772,
2025-10-29 14:05:47,24A07772,
2025-10-29 14:05:48,24A07772,
2025-10-29 14:05:48,24A07772,
2025-10-29 14:05:49,24A07772,
2025-10-29 14:05:49,24A07772,
2025-10-29 14:05:49,24A07772,
2025-10-29 14:05:50,24A07772,
2025-10-29 14:05:50,24A07772,
2025-10-29 14:05:50,24A07772,
2025-10-29 14:05:51,24A07772,
2025-10-29 14:05:51,24A07772,
2025-10-29 14:05:52,24A07772,
2025-10-29 14:05:52,24A07772,
2025-10-29 14:05:52,24A07772,
2025-10-29 14:05:53,24A07772,
2025-10-29 14:05:53,24A07772,
2025-10-29 14:05:53,24A07772,
2025-10-29 14:05:54,24A07772,
2025-10-29 14:05:54,24A07772,
2025-10-29 14:05:55,24A07772,
2025-10-29 14:05:55,24A07772,
2025-10-29 14:05:55,24A07772,
2025-10-29 14:05:56,24A07772,
2025-10-29 14:05:56,24A07772,
2025-10-29 14:05:57,24A07772,
2025-10-29 14:05:57,24A07772,
2025-10-29 14:05:57,24A07772,
2025-10-29 14:05:58,24A07772,
2025-10-29 14:05:58,24A07772,
2025-10-29 14:05:58,24A07772,
2025-10-29 14:05:59,24A07772,
2025-10-29 14:05:59,24A07772,
2025-10-29 14:06:00,24A07772,
2025-10-29 14:06:00,24A07772,
2025-10-29 14:06:00,24A07772,
2025-10-29 14:06:01,24A07772,
2025-10-29 14:06:01,24A07772,
2025-10-29 14:06:01,24A07772,
2025-10-29 14:06:02,24A07772,
2025-10-29 14:06:02,24A07772,
2025-10-29 14:06:02,24A07772,
2025-10-29 14:06:03,24A07772,
2025-10-29 14:06:03,24A07772,
2025-10-29 14:06:04,24A07772,
2025-10-29 14:06:04,24A07772,
2025-10-29 14:06:04,24A07772,
2025-10-29 14:06:05,24A07772,
2025-10-29 14:06:05,24A07772,
2025-10-29 14:06:05,24A07772,
2025-10-29 14:06:06,24A07772,
2025-10-29 14:06:06,24A07772,
2025-10-29 14:06:07,24A07772,
2025-10-29 14:06:07,24A07772,
2025-10-29 14:06:07,24A07772,
2025-10-29 14:06:08,24A07772,
2025-10-29 14:06:08,24A07772,
2025-10-29 14:06:09,24A07772,
2025-10-29 14:06:09,24A07772,
2025-10-29 14:06:10,24A07772,
2025-10-29 14:06:10,24A07772,
2025-10-29 14:06:10,24A07772,
2025-10-29 14:06:11,24A07772,
2025-10-29 14:06:14,24A12355,
2025-10-29 14:06:14,24A12355,
2025-10-29 14:06:14,24A12355,
2025-10-29 14:06:15,24A12355,
2025-10-29 14:06:15,24A12355,
2025-10-29 14:06:16,24A12355,
2025-10-29 14:06:16,24A12355,
2025-10-29 14:06:16,24A12355,
2025-10-29 14:06:16,24A12355,
2025-10-29 14:06:17,24A12355,
2025-10-29 14:06:17,24A12355,
2025-10-29 14:06:17,24A12355,
2025-10-29 14:06:18,24A12355,
2025-10-29 14:06:18,24A12355,
2025-10-29 14:06:18,24A12355,
2025-10-29 14:06:18,24A12355,
2025-10-29 14:06:19,24A12355,
2025-10-29 14:06:19,24A12355,
2025-10-29 14:06:19,24A12355,
2025-10-29 14:06:20,24A12355,
2025-10-29 14:06:20,24A12355,
2025-10-29 14:06:20,24A12355,
2025-10-29 14:06:21,24A12355,
2025-10-29 14:06:21,24A12355,
2025-10-29 14:06:21,24A12355,
2025-10-29 14:06:22,24A12355,
2025-10-29 14:06:22,24A12355,
2025-10-29 14:06:22,24A12355,
2025-10-29 14:06:23,24A12355,
2025-10-29 14:06:23,24A12355,
2025-10-29 14:06:23,24A12355,
2025-10-29 14:06:24,24A12355,
2025-10-29 14:06:24,24A12355,
2025-10-29 14:06:24,24A12355,
2025-10-29 14:06:24,24A12355,
2025-10-29 14:06:25,24A12355,
2025-10-29 14:06:25,24A12355,
2025-10-29 14:06:25,24A12355,
2025-10-29 14:06:26,24A12355,
2025-10-29 14:07:28,20S2742,
2025-10-29 14:07:28,20S2742,
2025-10-29 14:07:29,24P52742,
2025-10-29 14:07:29,20S2742,
2025-10-29 14:07:29,24P622,
2025-10-29 14:07:30,20S222,
2025-10-29 14:07:30,24PS2742,
2025-10-29 14:07:31,24P62742,
2025-10-29 14:07:31,24PS272,
2025-10-29 14:07:31,24PS272,
2025-10-29 14:07:32,24PS272,
2025-10-29 14:07:32,24PS272,
2025-10-29 14:07:33,24PS2742,
2025-10-29 14:07:33,24PS22,
2025-10-29 14:07:34,24PS2712,
2025-10-29 14:07:34,24PS2712,
2025-10-29 14:07:34,24PS272,
2025-10-29 14:07:35,24PS272,
2025-10-29 14:07:35,24PS2712,
2025-10-29 14:07:36,24PS272,
2025-10-29 14:07:36,24P6272,
2025-10-29 14:07:37,24P627,
2025-10-29 14:07:37,24P6272,
2025-10-29 14:07:37,24P6272,
2025-10-29 14:07:38,24P62742,
2025-10-29 14:07:38,24PS2712,
2025-10-29 14:07:39,23P62732,
2025-10-29 14:07:41,24F62712,
2025-10-29 14:07:41,23P62712,
2025-10-29 14:08:03,08192651,
2025-10-29 14:08:04,8092651,
2025-10-29 14:08:05,28192651,
2025-10-29 14:08:05,28192651,
2025-10-29 14:08:05,28192651,
2025-10-29 14:08:05,248192651,
2025-10-29 14:08:06,248192651,
2025-10-29 14:08:06,28192651,
2025-10-29 14:08:06,248192651,
2025-10-29 14:08:06,28192657,
2025-10-29 14:08:07,28192651,
2025-10-29 14:08:07,240192651,
2025-10-29 14:08:07,240192651,
2025-10-29 14:08:08,248192651,
2025-10-29 14:08:08,70192651,
2025-10-29 14:08:08,768192651,
2025-10-29 14:08:09,187292651,
2025-10-29 14:08:09,187292651,
2025-10-29 14:08:09,187292651,
2025-10-29 14:08:09,740192651,
2025-10-29 14:08:10,187297651,
2025-10-29 14:08:10,1240192651,
2025-10-29 14:08:11,760192651,
2025-10-29 14:08:11,187392651,
2025-10-29 14:08:12,760192651,
2025-10-29 14:08:12,087292651,
2025-10-29 14:08:12,268092651,
2025-10-29 14:08:13,087292651,
2025-10-29 14:08:13,700192651,
2025-10-29 14:08:13,187292651,
2025-10-29 14:08:14,187292651,
2025-10-29 14:08:14,1248192651,
2025-10-29 14:08:14,1208192651,
2025-10-29 14:08:15,208192651,
2025-10-29 14:08:16,1208192651,
2025-10-29 14:08:16,1208192651,
2025-10-29 14:08:18,248192651,
2025-10-29 14:08:18,292651,
2025-10-29 14:08:18,22092651,
2025-10-29 14:08:19,228192657,
2025-10-29 14:08:19,248192650,
2025-10-29 14:08:19,248192650,
2025-10-29 14:08:20,01292651,
2025-10-29 14:08:20,290192652,
2025-10-29 14:08:20,1240192651,
2025-10-29 14:08:21,0240192651,
2025-10-29 14:08:21,02L0192651,
2025-10-29 14:08:21,0248192651,
2025-10-29 14:08:22,2481797651,
2025-10-29 14:08:23,249192651,
2025-10-29 14:08:23,1250792651,
2025-10-29 14:08:23,1240792651,
2025-10-29 14:08:26,2001792651,
2025-10-29 14:08:27,2001792651,
2025-10-29 14:08:28,248191681,
2025-10-29 14:08:28,248191681,
2025-10-29 14:08:28,248191681,
2025-10-29 14:08:29,248191681,
2025-10-29 14:08:29,248191681,
2025-10-29 14:08:29,248191681,
2025-10-29 14:08:30,248191681,
2025-10-29 14:08:30,248191681,
2025-10-29 14:08:31,2481791681,
2025-10-29 14:08:31,2481791681,
2025-10-29 14:08:32,248191681,
2025-10-29 14:08:32,248191681,
2025-10-29 14:08:33,2481791681,
2025-10-29 14:08:35,248191681,
2025-10-29 14:08:35,248191681,
2025-10-29 14:08:58,24A0668,
2025-10-29 14:08:59,24A0668,
2025-10-29 14:09:00,24A0668,
2025-10-29 14:09:00,24A06685,
2025-10-29 14:09:00,24A06685,
2025-10-29 14:09:01,24A06685,
2025-10-29 14:09:01,24A06685,
2025-10-29 14:09:01,24A06685,
2025-10-29 14:09:01,24A06685,
2025-10-29 14:09:02,24A066,
2025-10-29 14:09:02,24A06685,
2025-10-29 14:09:02,24A06685,
2025-10-29 14:09:03,24A06685,
2025-10-29 14:09:03,24A06685,
2025-10-29 14:09:03,24A06685,
2025-10-29 14:09:04,24A06685,
2025-10-29 14:09:04,24A066,
2025-10-29 14:09:04,24A06685,
2025-10-29 14:09:05,24A06685,
2025-10-29 14:09:05,24A06685,
2025-10-29 14:09:05,24A06685,
2025-10-29 14:09:06,24A06685,
2025-10-29 14:09:06,24A06685,
2025-10-29 14:09:06,24A06685,
2025-10-29 14:09:06,24A06685,
2025-10-29 14:09:07,24A06685,
2025-10-29 14:09:07,24A06685,
2025-10-29 14:09:07,24A06685,
2025-10-29 14:09:08,24A06685,
2025-10-29 14:09:08,24A06685,
2025-10-29 14:09:08,24A06685,
2025-10-29 14:09:09,24A06685,
2025-10-29 14:09:09,24A06685,
2025-10-29 14:09:09,24A06685,
2025-10-29 14:09:09,24A06685,
2025-10-29 14:09:10,24A06685,
2025-10-29 14:09:10,24A06685,
2025-10-29 14:09:10,24A06685,
2025-10-29 14:09:11,24A06685,
2025-10-29 14:09:11,24A06685,
2025-10-29 14:09:11,24A06685,
2025-10-29 14:09:12,24A06685,
2025-10-29 14:09:12,24A06685,
2025-10-29 14:09:12,24A06685,
2025-10-29 14:09:13,24A06685,
2025-10-29 14:09:13,24A06685,
2025-10-29 14:09:13,24A06685,
2025-10-29 14:09:14,006685,
2025-10-29 14:09:14,006685,
2025-10-29 14:09:46,24A08559,
2025-10-29 14:09:46,24A08559,
2025-10-29 14:09:47,24A08559,
2025-10-29 14:09:47,24A08559,
2025-10-29 14:09:48,24A08559,
2025-10-29 14:09:48,24A08559,
2025-10-29 14:09:48,24A08559,
2025-10-29 14:09:49,24A08559,
2025-10-29 14:09:49,24A08559,
2025-10-29 14:09:50,24A08559,
2025-10-29 14:09:50,24A08559,
2025-10-29 14:09:50,24A08559,
2025-10-29 14:09:51,24A08559,
2025-10-29 14:09:51,24A08559,
2025-10-29 14:09:51,24A08559,
2025-10-29 14:09:52,24A08559,
2025-10-29 14:09:52,24A08559,
2025-10-29 14:09:53,24A08559,
2025-10-29 14:09:53,24A08559,
2025-10-29 14:09:53,24A08559,
2025-10-29 14:09:54,24A08559,
2025-10-29 14:09:54,24A08559,
2025-10-29 14:09:55,24A08559,
2025-10-29 14:09:55,24A08559,
2025-10-29 14:09:56,24A08559,
2025-10-29 14:09:56,24A08559,
2025-10-29 14:09:56,24A08559,
2025-10-29 14:09:57,24A08559,
2025-10-29 14:09:57,24A08559,
2025-10-29 14:09:57,24A08559,
2025-10-29 14:09:58,24A08559,
2025-10-29 14:09:58,24A08559,
2025-10-29 14:09:59,24A08559,
2025-10-29 14:09:59,24A08559,
2025-10-29 14:09:59,24A08559,
2025-10-29 14:10:00,24A08559,
2025-10-29 14:10:00,24A08559,
2025-10-29 14:10:01,24A08559,
2025-10-29 14:10:01,24A08559,
2025-10-29 14:10:02,24A08559,
2025-10-29 14:10:02,24A08559,
2025-10-29 14:10:03,24A08559,
2025-10-29 14:10:03,24A08559,
2025-10-29 14:10:03,24A08559,
2025-10-29 14:10:04,24A08559,
2025-10-29 14:10:04,24A08559,
2025-10-29 14:10:05,24A08559,
2025-10-29 14:10:05,24A08559,
2025-10-29 14:10:06,24A08559,
2025-10-29 14:10:06,4008559,
2025-10-29 14:10:07,4008559,
2025-10-29 14:10:45,2482141541,
2025-10-29 14:10:46,248241547,
2025-10-29 14:10:46,1248241547,
2025-10-29 14:10:47,248241547,
2025-10-29 14:10:47,248241547,
2025-10-29 14:10:48,248241547,
2025-10-29 14:10:48,248241541,
2025-10-29 14:10:49,248241541,
2025-10-29 14:10:49,248241541,
2025-10-29 14:10:50,248241547,
2025-10-29 14:10:50,248241547,
2025-10-29 14:10:51,248241541,
2025-10-29 14:10:52,248241541,
2025-10-29 14:10:52,248241541,
2025-10-29 14:10:53,248241547,
2025-10-29 14:10:53,2482741547,
2025-10-29 14:10:54,2482741547,
2025-10-29 14:10:55,2482141547,
2025-10-29 14:10:55,248241547,
2025-10-29 14:10:56,2482441547,
2025-10-29 14:10:57,248241547,
2025-10-29 14:10:57,248241547,
2025-10-29 14:10:58,248241541,
2025-10-29 14:10:59,248241541,
2025-10-29 14:11:00,2482141541,
2025-10-29 14:11:01,2482141541,
2025-10-29 14:11:03,248241547,
2025-10-29 14:11:04,248241547,
2025-10-29 14:11:05,1248241537,
2025-10-29 14:11:23,30H61369,
2025-10-29 14:11:24,30H61389,
2025-10-29 14:11:24,30H61389,
2025-10-29 14:11:25,30H61389,
2025-10-29 14:11:26,30H61389,
2025-10-29 14:11:26,30H61389,
2025-10-29 14:11:27,30H61389,
2025-10-29 14:11:27,30H61389,
2025-10-29 14:11:27,30H61389,
2025-10-29 14:11:28,30H61389,
2025-10-29 14:11:29,30HI61389,
2025-10-29 14:11:29,30H61389,
2025-10-29 14:11:30,30H61389,
2025-10-29 14:11:30,30H61389,
2025-10-29 14:11:30,30H61389,
2025-10-29 14:11:31,30H61389,
2025-10-29 14:11:32,30H61389,
2025-10-29 14:11:32,30H61389,
2025-10-29 14:11:32,30H61389,
2025-10-29 14:11:33,30H61389,
2025-10-29 14:11:33,30H61389,
2025-10-29 14:11:33,30H61389,
2025-10-29 14:11:34,30H61389,
2025-10-29 14:11:35,30H61389,
2025-10-29 14:11:36,30H61389,
2025-10-29 14:11:36,30H61389,
2025-10-29 14:11:37,30H61389,
2025-10-29 14:11:37,30H61389,
2025-10-29 14:11:37,30H61389,
2025-10-29 14:11:38,30H61389,
2025-10-29 14:11:38,30H61389,
2025-10-29 14:11:39,30H61389,
2025-10-29 14:11:39,30H61389,
2025-10-29 14:11:40,30H61389,
2025-10-29 14:11:40,30H61389,
2025-10-29 14:11:41,30H61389,
2025-10-29 14:11:41,30H61389,
2025-10-29 14:11:42,30H61389,
2025-10-29 14:11:42,30H61389,
2025-10-29 14:11:42,30H61389,
2025-10-29 14:11:43,30H61389,
2025-10-29 14:11:44,30H1389,
2025-10-29 14:11:44,30H1389,
2025-10-29 14:11:47,248280201,
2025-10-29 14:11:47,248280201,
2025-10-29 14:11:48,248280201,
2025-10-29 14:11:48,248280201,
2025-10-29 14:11:49,248280201,
2025-10-29 14:11:49,248280201,
2025-10-29 14:11:50,248280201,
2025-10-29 14:11:51,248280201,
2025-10-29 14:11:51,248280201,
2025-10-29 14:11:52,248280201,
2025-10-29 14:11:52,248280201,
2025-10-29 14:11:53,24B280201,
2025-10-29 14:11:54,1248280201,
2025-10-29 14:11:55,1248280201,
2025-10-29 14:12:09,1024397,
2025-10-29 14:12:11,051597,
2025-10-29 14:12:11,051597,
2025-10-29 14:12:12,98A57654,
2025-10-29 14:12:13,98A57654,
2025-10-29 14:12:14,98A57654,
2025-10-29 14:12:15,98A57654,
2025-10-29 14:12:16,98A57654,
2025-10-29 14:12:17,98A57654,
2025-10-29 14:12:17,98A57654,
2025-10-29 14:12:18,98A57654,
2025-10-29 14:12:19,98A57654,
2025-10-29 14:12:19,98A57654,
2025-10-29 14:12:20,98A57654,
2025-10-29 14:12:20,98A57654,
2025-10-29 14:12:21,98A57654,
2025-10-29 14:12:21,98A57654,
2025-10-29 14:12:21,98A57654,
2025-10-29 14:12:22,98A57654,
2025-10-29 14:12:23,98A57654,
2025-10-29 14:12:23,98A57654,
2025-10-29 14:12:24,98A57654,
2025-10-29 14:12:24,98A57654,
2025-10-29 14:12:25,98A57654,
2025-10-29 14:12:25,98A57654,
2025-10-29 14:12:26,98A57654,
2025-10-29 14:12:26,98A57654,
2025-10-29 14:12:27,98A57654,
2025-10-29 14:12:28,98A57654,
2025-10-29 14:12:28,98A57654,
2025-10-29 14:12:29,98A57654,
2025-10-29 14:12:30,98A57654,
2025-10-29 14:12:31,98A57654,
2025-10-29 14:12:31,98A57654,
2025-10-29 14:12:32,98A57654,
2025-10-29 14:12:32,98A57654,
2025-10-29 14:12:33,98A57654,
2025-10-29 14:12:33,98A57654,
2025-10-29 14:12:34,98A57654,
2025-10-29 14:12:34,98A57654,
2025-10-29 14:12:34,98A57654,
2025-10-29 14:12:35,98A57654,
2025-10-29 14:12:36,98A57654,
2025-10-29 14:12:37,90A57654,
2025-10-29 14:12:38,98A57654,
2025-10-29 14:12:39,98A57654,
2025-10-29 14:12:39,98A57654,
2025-10-29 14:12:40,98A57654,
2025-10-29 14:12:40,98A57654,
2025-10-29 14:12:41,98A57654,
2025-10-29 14:12:41,98A57654,
2025-10-29 14:12:42,98A57654,
2025-10-29 14:12:42,98A57654,
2025-10-29 14:12:42,98A57654,
2025-10-29 14:12:43,98A57654,
2025-10-29 14:12:44,98A57654,
2025-10-29 14:12:44,98A57654,
2025-10-29 14:12:45,98A57654,
2025-10-29 14:12:45,98A57654,
2025-10-29 14:12:46,98A57654,
2025-10-29 14:12:46,98A57654,
2025-10-29 14:12:46,98A57654,
2025-10-29 14:12:58,24A0573,
2025-10-29 14:13:02,24A05734,
2025-10-29 14:13:03,24A05734,
2025-10-29 14:14:03,24K64736,
2025-10-29 14:14:04,24K64736,
2025-10-29 14:14:05,24K614736,
2025-10-29 14:14:05,24K64736,
2025-10-29 14:14:05,24K614736,
2025-10-29 14:14:06,24K614736,
2025-10-29 14:14:06,24K64736,
2025-10-29 14:14:07,24K6736,
2025-10-29 14:14:07,24K614736,
2025-10-29 14:14:08,34K614736,
2025-10-29 14:14:08,24K64736,
2025-10-29 14:14:09,24K64736,
2025-10-29 14:14:09,24K64736,
2025-10-29 14:14:10,24K64736,
2025-10-29 14:14:11,24K614736,
2025-10-29 14:14:11,24K613736,
2025-10-29 14:14:12,24PK6736,
2025-10-29 14:14:13,24PK6736,
2025-10-29 14:14:14,24K63736,
2025-10-29 14:14:14,24K613736,
2025-10-29 14:14:14,24K6736,
2025-10-29 14:14:15,24K63736,
2025-10-29 14:14:15,24K64736,
2025-10-29 14:14:16,24K64736,
2025-10-29 14:14:16,24K6736,
2025-10-29 14:14:17,24K61736,
2025-10-29 14:14:17,24K64736,
2025-10-29 14:14:18,24K64736,
2025-10-29 14:14:18,24K64736,
2025-10-29 14:14:19,24L64736,
2025-10-29 14:14:20,124764736,
2025-10-29 14:14:21,25K64736,
2025-10-29 14:14:22,25K64736,
2025-10-29 14:14:23,12376736,
2025-10-29 14:14:23,24L64736,
2025-10-29 14:14:24,24L64736,
2025-10-29 14:14:25,25754736,
2025-10-29 14:14:25,24A13635,
2025-10-29 14:14:26,24A13635,
2025-10-29 14:14:26,24A13635,
2025-10-29 14:14:27,24A13635,
2025-10-29 14:14:28,24A13635,
2025-10-29 14:14:29,24A513635,
2025-10-29 14:14:30,24A513635,
2025-10-29 14:14:30,24A13635,
2025-10-29 14:14:31,24A13635,
2025-10-29 14:14:31,24A13635,
2025-10-29 14:14:32,24A13635,
2025-10-29 14:14:32,24A513635,
2025-10-29 14:14:33,24A13635,
2025-10-29 14:14:33,24A13635,
2025-10-29 14:14:34,24A13635,
2025-10-29 14:14:34,24A13635,
2025-10-29 14:14:35,24A13635,
2025-10-29 14:14:36,24A13635,
2025-10-29 14:14:36,24A13635,
2025-10-29 14:14:37,24A13635,
2025-10-29 14:14:38,24A13635,
2025-10-29 14:14:38,24A13635,
2025-10-29 14:14:39,24A13635,
2025-10-29 14:14:39,24A13635,
2025-10-29 14:14:40,24A13635,
2025-10-29 14:14:40,24A13635,
2025-10-29 14:14:41,24A13635,
2025-10-29 14:14:41,24A13635,
2025-10-29 14:14:42,24A13635,
2025-10-29 14:14:42,24A13635,
2025-10-29 14:14:42,24A13635,
2025-10-29 14:14:43,24A13635,
2025-10-29 14:14:44,24A13635,
2025-10-29 14:14:48,24V115755,
2025-10-29 14:14:49,24V115755,
2025-10-29 14:14:49,24V115755,
2025-10-29 14:14:50,24V115755,
2025-10-29 14:14:51,24V115755,
2025-10-29 14:14:52,24Y115755,
2025-10-29 14:14:52,24Y115755,
2025-10-29 14:14:53,24Y115755,
2025-10-29 14:14:54,24Y115755,
2025-10-29 14:14:54,24Y115755,
2025-10-29 14:14:55,24Y115755,
2025-10-29 14:14:55,24V115755,
2025-10-29 14:14:56,24Y115755,
2025-10-29 14:14:59,24Y115755,
2025-10-29 14:15:00,24V115755,
2025-10-29 14:15:00,24V115755,
2025-10-29 14:15:01,24V115755,
2025-10-29 14:15:01,24A17976,
2025-10-29 14:15:02,24A17976,
2025-10-29 14:15:03,24Y115755,
2025-10-29 14:15:03,24V115755,
2025-10-29 14:15:05,24V115755,
2025-10-29 14:15:06,24V115755,
2025-10-29 14:15:06,24A17976,
2025-10-29 14:15:08,24Y115755,
2025-10-29 14:15:08,24V115755,
2025-10-29 14:15:09,24V115755,
2025-10-29 14:15:10,24A17976,
2025-10-29 14:15:10,24A17976,
2025-10-29 14:15:11,24A17976,
2025-10-29 14:15:11,24A17976,
2025-10-29 14:15:12,24A17976,
2025-10-29 14:15:12,24A17976,
2025-10-29 14:15:13,24A17976,
2025-10-29 14:15:14,24Y115755,
2025-10-29 14:15:15,24Y115755,
2025-10-29 14:15:16,24A17976,
2025-10-29 14:15:17,24A17976,
2025-10-29 14:15:17,24Y115755,
2025-10-29 14:15:18,24Y115755,
2025-10-29 14:15:18,24Y115755,
2025-10-29 14:15:20,24V115755,
2025-10-29 14:15:20,00M105255,
2025-10-29 14:15:21,00M105255,
2025-10-29 14:15:22,24V115755,
2025-10-29 14:15:23,24V115755,
2025-10-29 14:15:24,24Y115755,
2025-10-29 14:15:24,24Y115755,
2025-10-29 14:15:34,2410114461,
2025-10-29 14:15:34,210114461,
2025-10-29 14:15:35,249114461,
2025-10-29 14:15:35,24N0114461,
2025-10-29 14:15:36,200114461,
2025-10-29 14:15:37,24ND114461,
2025-10-29 14:15:37,200114451,
2025-10-29 14:15:38,24N0114451,
2025-10-29 14:15:38,20174451,
2025-10-29 14:15:38,24N014461,
2025-10-29 14:15:39,24N014461,
2025-10-29 14:15:57,24C14058,
2025-10-29 14:15:57,24C14058,
2025-10-29 14:15:57,24C14058,
2025-10-29 14:15:58,24C14058,
2025-10-29 14:15:59,24C14058,
2025-10-29 14:15:59,24C14058,
2025-10-29 14:16:00,24C14058,
2025-10-29 14:16:01,24C14058,
2025-10-29 14:16:01,24C14058,
2025-10-29 14:16:01,24C14058,
2025-10-29 14:16:02,24C14058,
2025-10-29 14:16:02,24C14058,
2025-10-29 14:16:03,24C14058,
2025-10-29 14:16:03,24C14058,
2025-10-29 14:16:03,24C14058,
2025-10-29 14:16:04,24C14058,
2025-10-29 14:16:04,24C14058,
2025-10-29 14:16:05,24C14058,
2025-10-29 14:16:05,24C14058,
2025-10-29 14:16:05,24C14058,
2025-10-29 14:16:06,24C14058,
2025-10-29 14:16:06,24C14058,
2025-10-29 14:16:06,24C14058,
2025-10-29 14:16:07,24C14058,
2025-10-29 14:16:07,24C14058,
2025-10-29 14:16:08,24C14058,
2025-10-29 14:16:08,24C14058,
2025-10-29 14:16:09,24C14058,
2025-10-29 14:16:09,24C14058,
2025-10-29 14:16:10,24C14058,
2025-10-29 14:16:10,24C14058,
2025-10-29 14:16:11,24C14058,
2025-10-29 14:16:11,24C14058,
2025-10-29 14:16:11,24C14058,
2025-10-29 14:16:12,24C14058,
2025-10-29 14:16:12,24C14058,
2025-10-29 14:16:13,24C14058,
2025-10-29 14:16:13,24C14058,
2025-10-29 14:16:14,24C14058,
2025-10-29 14:16:14,24C14058,
2025-10-29 14:16:15,24C14058,
2025-10-29 14:16:15,24C14058,
2025-10-29 14:16:16,24C14058,
2025-10-29 14:16:16,24C14058,
2025-10-29 14:16:18,24C14058,
2025-10-29 14:16:18,24C14058,
2025-10-29 14:16:19,24C14058,
2025-10-29 14:16:20,24C14058,
2025-10-29 14:16:20,24C14058,
2025-10-29 14:16:21,24C14058,
2025-10-29 14:16:22,24C14058,
2025-10-29 14:16:23,24C14058,
2025-10-29 14:16:24,24C14058,
2025-10-29 14:16:24,24C14058,
2025-10-29 14:16:25,24C14058,
2025-10-29 14:16:25,24C14058,
2025-10-29 14:16:26,24C14058,
2025-10-29 14:16:34,28163346,
2025-10-29 14:16:34,28163346,
2025-10-29 14:16:35,248163346,
2025-10-29 14:16:35,28163346,
2025-10-29 14:16:36,281063346,
2025-10-29 14:16:37,2481063346,
2025-10-29 14:16:37,281063346,
2025-10-29 14:16:38,281063346,
2025-10-29 14:16:39,2681063346,
2025-10-29 14:16:39,20AL53306,
2025-10-29 14:16:40,00BD53166,
2025-10-29 14:16:41,281063346,
2025-10-29 14:16:42,2481063346,
2025-10-29 14:16:42,2481063346,
2025-10-29 14:16:43,78163346,
2025-10-29 14:16:43,281063346,
2025-10-29 14:16:45,281063345,
2025-10-29 14:16:45,00L5334,
2025-10-29 14:16:46,00L5334,
2025-10-29 14:16:46,281063346,
2025-10-29 14:16:47,281063346,
2025-10-29 14:16:48,0281053346,
2025-10-29 14:16:48,0281063346,
2025-10-29 14:16:49,0281063346,
2025-10-29 14:16:49,0181063346,
2025-10-29 14:16:50,0681053346,
2025-10-29 14:16:51,681063346,
2025-10-29 14:16:52,681063346,
2025-10-29 14:16:53,7601053346,
2025-10-29 14:16:54,7801053346,
2025-10-29 14:16:54,2091053346,
2025-10-29 14:16:55,291063346,
2025-10-29 14:16:56,153346,
2025-10-29 14:16:56,153346,
2025-10-29 14:17:16,0857664666,
2025-10-29 14:17:16,0857664666,
2025-10-29 14:17:21,24ND112365,
2025-10-29 14:17:40,24A22389,
2025-10-29 14:17:41,24A22389,
2025-10-29 14:17:42,24A22389,
2025-10-29 14:17:42,24AR22389,
2025-10-29 14:17:44,24AE22389,
2025-10-29 14:17:44,24A22389,
2025-10-29 14:17:45,24A22389,
2025-10-29 14:17:45,24A22389,
2025-10-29 14:17:46,24A22389,
2025-10-29 14:17:46,24A22309,
2025-10-29 14:17:47,24A22389,
2025-10-29 14:17:47,24A22389,
2025-10-29 14:17:48,24A22389,
2025-10-29 14:17:48,24A22389,
2025-10-29 14:17:49,24A22389,
2025-10-29 14:17:50,24A22389,
2025-10-29 14:17:51,24A22389,
2025-10-29 14:17:51,24A22389,
2025-10-29 14:17:52,24A22389,
2025-10-29 14:17:53,24A22389,
2025-10-29 14:17:53,24A22389,
2025-10-29 14:17:54,24A22389,
2025-10-29 14:17:54,24A22389,
2025-10-29 14:17:55,24A22389,
2025-10-29 14:17:56,24A22389,
2025-10-29 14:17:56,24A22389,
2025-10-29 14:17:57,24A22389,
2025-10-29 14:17:57,24A22389,
2025-10-29 14:17:58,24A22389,
2025-10-29 14:17:58,24A22389,
2025-10-29 14:17:59,24A22389,
2025-10-29 14:18:00,24A22389,
2025-10-29 14:18:00,24A22389,
2025-10-29 14:18:01,24A22389,
2025-10-29 14:18:01,24A22389,
2025-10-29 14:18:02,24A22389,
2025-10-29 14:18:03,24A22389,
2025-10-29 14:18:03,24A22389,
2025-10-29 14:18:04,24A22389,
2025-10-29 14:18:04,24A22389,
2025-10-29 14:18:05,24A22389,
2025-10-29 14:18:05,24A22389,
2025-10-29 14:18:06,24A22389,
2025-10-29 14:18:06,24A22389,
2025-10-29 14:18:07,24A22389,
2025-10-29 14:18:07,24A22389,
2025-10-29 14:18:08,24A22389,
2025-10-29 14:18:09,24A22389,
2025-10-29 14:18:09,24A22389,
2025-10-29 14:18:10,24A22389,
2025-10-29 14:18:10,24A22389,
2025-10-29 14:18:11,24A22389,
2025-10-29 14:18:12,24A22389,
2025-10-29 14:18:12,24A22389,
2025-10-29 14:18:13,24A22389,
2025-10-29 14:18:14,24A22389,
2025-10-29 14:18:14,24A22389,
2025-10-29 14:18:15,24A22389,
2025-10-29 14:18:15,24A22389,
2025-10-29 14:18:16,24A22389,
2025-10-29 14:18:17,24A22389,
2025-10-29 14:18:18,24A22389,
2025-10-29 14:18:18,24A22389,
2025-10-29 14:18:19,24A22389,
2025-10-29 14:18:20,24A22389,
2025-10-29 14:18:20,24A22389,
2025-10-29 14:18:21,24A22389,
2025-10-29 14:18:21,24A22389,
2025-10-29 14:18:22,24A22389,
2025-10-29 14:18:22,24A22389,
2025-10-29 14:18:23,24A22389,
2025-10-29 14:18:23,24A22389,
2025-10-29 14:18:24,24A22389,
2025-10-29 14:18:24,24A22389,
2025-10-29 14:18:25,24A22389,
2025-10-29 14:18:26,24A22389,
2025-10-29 14:18:26,24A22389,
2025-10-29 14:18:26,24A22389,
2025-10-29 14:18:27,24A22389,
2025-10-29 14:18:27,24A22389,
2025-10-29 14:18:28,24A22389,
2025-10-29 14:18:29,24A22389,
2025-10-29 14:18:29,24A22389,
2025-10-29 14:18:30,24A22389,
2025-10-29 14:18:30,24A22389,
2025-10-29 14:18:31,24A22389,
2025-10-29 14:18:32,24A22389,
2025-10-29 14:18:32,24A22389,
2025-10-29 14:18:33,24A22389,
2025-10-29 14:18:34,24A22389,
2025-10-29 14:18:34,24A22389,
2025-10-29 14:18:35,24A22389,
2025-10-29 14:18:35,24A22389,
2025-10-29 14:18:36,24A22389,
2025-10-29 14:18:36,24A2389,
2025-10-29 14:18:45,24C08102,
2025-10-29 14:18:45,24C08102,
2025-10-29 14:18:50,24C08102,
2025-10-29 14:18:51,24C08102,
2025-10-29 14:18:53,24C08102,
2025-10-29 14:18:53,24C08102,
2025-10-29 14:18:54,24C08102,
2025-10-29 14:18:55,24C08102,
2025-10-29 14:18:55,24C108102,
2025-10-29 14:18:56,24C108102,
2025-10-29 14:18:56,24C08102,
2025-10-29 14:18:57,24C108102,
2025-10-29 14:18:57,27Z08102,
2025-10-29 14:18:58,24C08102,
2025-10-29 14:18:58,24C08102,
2025-10-29 14:18:59,24C08102,
2025-10-29 14:18:59,24C08102,
2025-10-29 14:18:59,24C08102,
2025-10-29 14:19:00,24C08102,
2025-10-29 14:19:00,24C08102,
2025-10-29 14:19:00,24C08102,
2025-10-29 14:19:01,24C08102,
2025-10-29 14:19:01,24C08102,
2025-10-29 14:19:02,24C08102,
2025-10-29 14:19:02,24C08102,
2025-10-29 14:19:02,24C08102,
2025-10-29 14:19:05,24B1593,
2025-10-29 14:19:06,248159347,
2025-10-29 14:19:06,248159347,
2025-10-29 14:19:07,248159347,
2025-10-29 14:19:07,2481593147,
2025-10-29 14:19:07,248159347,
2025-10-29 14:19:08,248159347,
2025-10-29 14:19:08,248159347,
2025-10-29 14:19:27,24600110,
2025-10-29 14:19:28,24600110,
2025-10-29 14:19:28,24600110,
2025-10-29 14:19:29,24600110,
2025-10-29 14:19:29,24600110,
2025-10-29 14:19:30,24600110,
2025-10-29 14:19:30,24600110,
2025-10-29 14:19:31,24600110,
2025-10-29 14:19:31,24600110,
2025-10-29 14:19:32,24600110,
2025-10-29 14:19:33,24600110,
2025-10-29 14:19:33,24600110,
2025-10-29 14:19:33,24600110,
2025-10-29 14:19:34,24G00110,
2025-10-29 14:19:35,24600110,
2025-10-29 14:19:35,24G00110,
2025-10-29 14:19:36,24600110,
2025-10-29 14:19:37,24600110,
2025-10-29 14:19:37,24600110,
2025-10-29 14:19:37,24600110,
2025-10-29 14:19:38,24600110,
2025-10-29 14:19:38,24G00110,
2025-10-29 14:19:39,24G00110,
2025-10-29 14:19:39,24G00110,
2025-10-29 14:19:40,24G00110,
2025-10-29 14:19:40,24G00110,
2025-10-29 14:19:41,24G00110,
2025-10-29 14:19:42,24G00110,
2025-10-29 14:19:43,24G00110,
2025-10-29 14:19:44,24G00110,
2025-10-29 14:19:44,24G00110,
2025-10-29 14:19:45,24G00110,
2025-10-29 14:19:45,24G00110,
2025-10-29 14:19:46,24G00110,
2025-10-29 14:19:46,24G00110,
2025-10-29 14:19:47,24G00110,
2025-10-29 14:19:47,24G00110,
2025-10-29 14:19:47,24G00110,
2025-10-29 14:19:48,24G00110,
2025-10-29 14:19:49,24G00110,
2025-10-29 14:19:49,24G00110,
2025-10-29 14:19:50,24G00110,
2025-10-29 14:19:51,24G00110,
2025-10-29 14:19:51,24G00110,
2025-10-29 14:19:52,24G00110,
2025-10-29 14:19:53,24G00110,
2025-10-29 14:19:53,24G00110,
2025-10-29 14:19:53,24G00110,
2025-10-29 14:19:54,24G00110,
2025-10-29 14:19:54,24G00010,
2025-10-29 14:19:55,24G00110,
2025-10-29 14:19:55,24G00110,
2025-10-29 14:19:56,24G00110,
2025-10-29 14:19:56,24G00110,
2025-10-29 14:19:57,24G00110,
2025-10-29 14:19:57,24G00110,
2025-10-29 14:19:58,24G00110,
2025-10-29 14:19:58,24G00110,
2025-10-29 14:19:59,24600110,
2025-10-29 14:20:00,24600110,
2025-10-29 14:20:15,24A02171,
2025-10-29 14:20:17,24C09529,
2025-10-29 14:20:18,24C09529,
2025-10-29 14:20:18,24C09529,
2025-10-29 14:20:18,24C09529,
2025-10-29 14:20:19,24C09529,
2025-10-29 14:20:20,24C09529,
2025-10-29 14:20:21,24C09529,
2025-10-29 14:20:21,24C09529,
2025-10-29 14:20:22,24C09529,
2025-10-29 14:20:22,24C09529,
2025-10-29 14:20:23,24C09529,
2025-10-29 14:20:23,24C09529,
2025-10-29 14:20:24,24C09529,
2025-10-29 14:20:24,24C09529,
2025-10-29 14:20:24,24C09529,
2025-10-29 14:20:25,24C09529,
2025-10-29 14:20:25,24C09529,
2025-10-29 14:20:25,24C09529,
2025-10-29 14:20:26,24C09529,
2025-10-29 14:20:26,24C09529,
2025-10-29 14:20:27,24C09529,
2025-10-29 14:20:27,24C09529,
2025-10-29 14:20:27,24C09529,
2025-10-29 14:20:28,24C09529,
2025-10-29 14:20:28,24C09529,
2025-10-29 14:20:29,24C09529,
2025-10-29 14:20:29,24C09529,
2025-10-29 14:20:29,24C09529,
2025-10-29 14:20:30,24C09529,
2025-10-29 14:20:30,24C09529,
2025-10-29 14:20:31,24C09529,
2025-10-29 14:20:32,24C09529,
2025-10-29 14:20:32,24C09529,
2025-10-29 14:20:33,24C09529,
2025-10-29 14:20:33,24C09529,
2025-10-29 14:20:33,24C09529,
2025-10-29 14:20:34,24C09529,
2025-10-29 14:20:34,24C09529,
2025-10-29 14:20:35,24C09529,
2025-10-29 14:20:35,24C09529,
2025-10-29 14:20:36,24C09529,
2025-10-29 14:20:36,24C09529,
2025-10-29 14:20:37,24C09529,
2025-10-29 14:20:37,24C09529,
2025-10-29 14:20:38,24C09529,
2025-10-29 14:20:38,24C09529,
2025-10-29 14:20:39,24C09529,
2025-10-29 14:20:40,24C09529,
2025-10-29 14:20:40,24C09529,
2025-10-29 14:20:41,24C09529,
2025-10-29 14:20:41,24C09529,
2025-10-29 14:20:42,24C09529,
2025-10-29 14:20:42,24C09529,
2025-10-29 14:20:43,24C09529,
2025-10-29 14:20:44,24C09529,
2025-10-29 14:20:44,24C0952,
2025-10-29 14:20:45,24C09529,
2025-10-29 14:20:45,24C09529,
2025-10-29 14:20:45,24C09529,
2025-10-29 14:20:46,24C09529,
2025-10-29 14:20:46,24C09529,
2025-10-29 14:20:47,24C09529,
2025-10-29 14:20:47,24C09529,
2025-10-29 14:22:25,24C14070,
2025-10-29 14:22:25,24C14070,
2025-10-29 14:22:26,24C14070,
2025-10-29 14:22:27,24C14070,
2025-10-29 14:22:28,24C14070,
2025-10-29 14:22:28,24C14070,
2025-10-29 14:22:29,24C14070,
2025-10-29 14:22:29,24C14070,
2025-10-29 14:22:30,24C14070,
2025-10-29 14:22:30,24C14070,
2025-10-29 14:22:31,24C14070,
2025-10-29 14:22:31,24C14070,
2025-10-29 14:22:32,24C14070,
2025-10-29 14:22:32,24C14070,
2025-10-29 14:22:33,24C14070,
2025-10-29 14:22:33,24C14070,
2025-10-29 14:22:34,24C14070,
2025-10-29 14:22:35,24C14070,
2025-10-29 14:22:35,24C14070,
2025-10-29 14:22:36,24C14070,
2025-10-29 14:22:36,24C14070,
2025-10-29 14:22:37,24C14070,
2025-10-29 14:22:38,24C14070,
2025-10-29 14:22:38,24C14070,
2025-10-29 14:22:39,24C14070,
2025-10-29 14:22:40,24C14070,
2025-10-29 14:22:40,24C14070,
2025-10-29 14:22:41,24C14070,
2025-10-29 14:22:41,24C14070,
2025-10-29 14:22:42,24C14070,
2025-10-29 14:22:42,24C14070,
2025-10-29 14:22:43,24C14070,
2025-10-29 14:22:44,24C14070,
2025-10-29 14:22:44,24C14070,
2025-10-29 14:22:44,24C14070,
2025-10-29 14:22:45,24C14070,
2025-10-29 14:22:45,24C14070,
2025-10-29 14:22:46,24C14070,
2025-10-29 14:22:46,24C14070,
2025-10-29 14:22:46,24C14070,
2025-10-29 14:22:47,24C14070,
2025-10-29 14:22:48,24C14070,
2025-10-29 14:22:48,24C14070,
2025-10-29 14:22:49,24C14070,
2025-10-29 14:23:35,24A23857,
2025-10-29 14:23:35,24A23857,
2025-10-29 14:23:35,24A23857,
2025-10-29 14:23:36,24A23857,
2025-10-29 14:23:36,24A23857,
2025-10-29 14:23:36,24A23857,
2025-10-29 14:23:37,24A23957,
2025-10-29 14:23:37,24A23957,
2025-10-29 14:23:37,24A23957,
2025-10-29 14:23:38,24A2395,
2025-10-29 14:23:38,24A2385,
2025-10-29 14:23:52,35A15410,
2025-10-29 14:23:52,35A15410,
2025-10-29 14:23:53,35A15410,
2025-10-29 14:23:53,35A15410,
2025-10-29 14:23:54,35A15410,
2025-10-29 14:23:54,35A15410,
2025-10-29 14:23:55,35A15410,
2025-10-29 14:23:56,35A15410,
2025-10-29 14:23:56,35A15410,
2025-10-29 14:23:57,35A15410,
2025-10-29 14:23:58,35A1541,
2025-10-29 14:23:58,24A21719,
2025-10-29 14:23:59,24A21719,
2025-10-29 14:24:00,24A21719,
2025-10-29 14:24:01,24A11286,
2025-10-29 14:24:01,24A14286,
2025-10-29 14:24:02,24A14286,
2025-10-29 14:24:03,24A14286,
2025-10-29 14:24:03,24A14286,
2025-10-29 14:24:04,24A14286,
2025-10-29 14:24:04,24A14286,
2025-10-29 14:24:05,24A14286,
2025-10-29 14:24:06,24A14286,
2025-10-29 14:24:06,24A14286,
2025-10-29 14:24:07,24A14286,
2025-10-29 14:24:07,24A14286,
2025-10-29 14:24:08,24A14286,
2025-10-29 14:24:09,24A14286,
2025-10-29 14:24:09,24A14286,
2025-10-29 14:24:10,24A14286,
2025-10-29 14:24:11,24A14286,
2025-10-29 14:24:11,24A14286,
2025-10-29 14:24:12,24A14286,
2025-10-29 14:24:12,24A14286,
2025-10-29 14:24:13,24A14286,
2025-10-29 14:24:14,24A14286,
2025-10-29 14:24:14,24A14286,
2025-10-29 14:24:15,24A14286,
2025-10-29 14:24:16,24A14286,
2025-10-29 14:24:16,24A21719,
2025-10-29 14:24:17,24A14286,
2025-10-29 14:24:17,24A14286,
2025-10-29 14:24:18,24A14286,
2025-10-29 14:24:19,24A14286,
2025-10-29 14:24:19,24A14286,
2025-10-29 14:24:19,24A14286,
2025-10-29 14:24:20,24A14286,
2025-10-29 14:24:20,24A14286,
2025-10-29 14:24:21,24A14286,
2025-10-29 14:24:21,24A14286,
2025-10-29 14:24:21,24A14286,
2025-10-29 14:24:22,24A14286,
2025-10-29 14:24:22,24A14286,
2025-10-29 14:24:22,24A14286,
2025-10-29 14:24:23,24A14286,
2025-10-29 14:24:23,24A14286,
2025-10-29 14:24:24,24A14286,
2025-10-29 14:24:24,24A14286,
2025-10-29 14:24:24,24A14286,
2025-10-29 14:24:25,24A14286,
2025-10-29 14:24:25,24A14286,
2025-10-29 14:24:25,24A14286,
2025-10-29 14:24:26,24A14286,
2025-10-29 14:24:26,24A14286,
2025-10-29 14:24:26,24A14286,
2025-10-29 14:24:27,24A14286,
2025-10-29 14:24:27,24A14286,
2025-10-29 14:24:27,24A14286,
2025-10-29 14:24:28,24A14286,
2025-10-29 14:24:28,24A14286,
2025-10-29 14:24:29,24A14286,
2025-10-29 14:24:29,24A14286,
2025-10-29 14:24:29,24A14286,
2025-10-29 14:24:30,24A14286,
2025-10-29 14:24:30,24A14286,
2025-10-29 14:24:30,24A14286,
2025-10-29 14:24:31,24A14286,
2025-10-29 14:24:31,24A14286,
2025-10-29 14:24:32,24A14286,
2025-10-29 14:24:32,24A14286,
2025-10-29 14:24:33,24A14286,
2025-10-29 14:24:33,24A14286,
2025-10-29 14:24:33,24A14286,
2025-10-29 14:24:34,24A14286,
2025-10-29 14:24:34,24A14286,
2025-10-29 14:25:19,28252952,
2025-10-29 14:25:19,248Z52952,
2025-10-29 14:25:20,248Z52952,
2025-10-29 14:25:20,248262952,
2025-10-29 14:25:20,24BZ62952,
2025-10-29 14:25:21,28Z62952,
2025-10-29 14:25:21,748252952,
2025-10-29 14:25:21,768252952,
2025-10-29 14:25:22,28Z52952,
2025-10-29 14:25:22,28Z52952,
2025-10-29 14:25:22,28262952,
2025-10-29 14:25:23,248252952,
2025-10-29 14:25:23,248262952,
2025-10-29 14:25:24,248262952,
2025-10-29 14:25:24,748262952,
2025-10-29 14:25:24,748262952,
2025-10-29 14:25:25,248752952,
2025-10-29 14:25:25,248262952,
2025-10-29 14:25:25,28262952,
2025-10-29 14:25:26,24B262952,
2025-10-29 14:25:26,24B262952,
2025-10-29 14:25:27,248262952,
2025-10-29 14:25:27,248252952,
2025-10-29 14:25:27,248252952,
2025-10-29 14:25:28,248262952,
2025-10-29 14:25:28,24M252952,
2025-10-29 14:25:29,08Z72951,
2025-10-29 14:25:29,08Z72951,
2025-10-29 14:25:29,248252952,
2025-10-29 14:25:30,248262952,
2025-10-29 14:25:30,248262952,
2025-10-29 14:25:31,24BZ62952,
2025-10-29 14:25:31,24BZ62952,
2025-10-29 14:25:31,248262952,
2025-10-29 14:25:32,20M262952,
2025-10-29 14:25:33,248252952,
2025-10-29 14:25:33,24B252952,
2025-10-29 14:25:33,02LB262952,
2025-10-29 14:25:34,02LB262952,
2025-10-29 14:25:35,0248262952,
2025-10-29 14:25:54,24A13374,
2025-10-29 14:25:54,24A13374,
2025-10-29 14:25:54,24A13374,
2025-10-29 14:25:55,24A13374,
2025-10-29 14:25:55,24A13374,
2025-10-29 14:25:55,24A13374,
2025-10-29 14:25:56,24A13374,
2025-10-29 14:25:56,24A13374,
2025-10-29 14:25:56,24A13374,
2025-10-29 14:25:56,24A13374,
2025-10-29 14:25:57,24A13374,
2025-10-29 14:25:57,24A13374,
2025-10-29 14:25:57,24A13374,
2025-10-29 14:25:58,24A13374,
2025-10-29 14:25:58,24A13374,
2025-10-29 14:25:58,24A13374,
2025-10-29 14:25:59,24A13374,
2025-10-29 14:25:59,24A13374,
2025-10-29 14:25:59,24A13374,
2025-10-29 14:25:59,24A13374,
2025-10-29 14:26:00,24A13374,
2025-10-29 14:26:00,24A13374,
2025-10-29 14:26:00,24A13374,
2025-10-29 14:26:01,24A13374,
2025-10-29 14:26:01,24A13374,
2025-10-29 14:26:01,24A13374,
2025-10-29 14:26:02,24A13374,
2025-10-29 14:26:02,24A13374,
2025-10-29 14:26:02,24A13374,
2025-10-29 14:26:02,24A13374,
2025-10-29 14:26:03,24A13374,
2025-10-29 14:26:03,24A13374,
2025-10-29 14:26:03,24A13374,
2025-10-29 14:26:04,24A13374,
2025-10-29 14:26:04,24A13374,
2025-10-29 14:26:04,24A13374,
2025-10-29 14:26:05,24A13374,
2025-10-29 14:26:05,24A13374,
2025-10-29 14:26:05,24A13374,
2025-10-29 14:26:05,24A13374,
2025-10-29 14:26:06,24A13374,
2025-10-29 14:26:06,24A13374,
2025-10-29 14:26:06,24A13374,
2025-10-29 14:26:07,24A13374,
2025-10-29 14:26:07,24A13374,
2025-10-29 14:26:07,24A13374,
2025-10-29 14:26:08,24A13374,
2025-10-29 14:26:08,24A13374,
2025-10-29 14:26:08,24A13374,
2025-10-29 14:26:08,24A13374,
2025-10-29 14:26:09,24A13374,
2025-10-29 14:26:09,24A13374,
2025-10-29 14:26:09,24A13374,
2025-10-29 14:26:10,24A13374,
2025-10-29 14:26:10,24A13374,
2025-10-29 14:26:10,24A13374,
2025-10-29 14:26:11,24A13374,
2025-10-29 14:26:11,24A13374,
2025-10-29 14:26:11,24A13374,
2025-10-29 14:26:11,24A13374,
2025-10-29 14:26:12,24A13374,
2025-10-29 14:26:12,24A13374,
2025-10-29 14:26:12,24A13374,
2025-10-29 14:26:13,24A13374,
2025-10-29 14:26:13,24A13374,
2025-10-29 14:26:13,24A13374,
2025-10-29 14:26:14,24A13374,
2025-10-29 14:26:14,24A13374,
2025-10-29 14:26:14,24A13374,
2025-10-29 14:26:14,24A13374,
2025-10-29 14:26:15,24A13374,
2025-10-29 14:26:15,24A13374,
2025-10-29 14:26:15,24A13374,
2025-10-29 14:26:16,24A13374,
2025-10-29 14:26:16,24A13374,
2025-10-29 14:26:16,24A13374,
2025-10-29 14:26:17,24A13374,
2025-10-29 14:26:17,24A13374,
2025-10-29 14:26:17,24A13374,
2025-10-29 14:26:17,24A13374,
2025-10-29 14:26:18,24A13374,
2025-10-29 14:26:18,24A13374,
2025-10-29 14:26:18,24A13374,
2025-10-29 14:26:19,24A13374,
2025-10-29 14:26:19,24A13374,
2025-10-29 14:26:19,24A13374,
2025-10-29 14:26:20,24A13374,
2025-10-29 14:26:20,24A13374,
2025-10-29 14:26:20,24A13374,
2025-10-29 14:26:21,24A13374,
2025-10-29 14:26:21,24A13374,
2025-10-29 14:26:31,24A25975,
2025-10-29 14:26:32,24A25975,
2025-10-29 14:26:32,24A25975,
2025-10-29 14:26:32,24A25975,
2025-10-29 14:26:33,24A25975,
2025-10-29 14:26:34,24A25975,
2025-10-29 14:26:34,24A25975,
2025-10-29 14:26:34,24A25975,
2025-10-29 14:26:35,24A25975,
2025-10-29 14:26:35,24A25975,
2025-10-29 14:26:36,24A25975,
2025-10-29 14:26:36,24A25975,
2025-10-29 14:26:36,24A25975,
2025-10-29 14:26:37,24A25975,
2025-10-29 14:26:37,24A25975,
2025-10-29 14:26:37,24A25975,
2025-10-29 14:26:38,24A25975,
2025-10-29 14:26:38,24A25975,
2025-10-29 14:26:38,24A25975,
2025-10-29 14:26:39,24A25975,
2025-10-29 14:26:39,24A25975,
2025-10-29 14:26:39,24A25975,
2025-10-29 14:26:40,24A25975,
2025-10-29 14:26:40,24A25975,
2025-10-29 14:26:40,24A25975,
2025-10-29 14:26:41,24A25975,
2025-10-29 14:26:41,24A25975,
2025-10-29 14:26:41,24A25975,
2025-10-29 14:26:42,24A25975,
2025-10-29 14:26:42,24A25975,
2025-10-29 14:26:42,24A25975,
2025-10-29 14:26:43,24A25975,
2025-10-29 14:26:43,24A25975,
2025-10-29 14:27:25,24B216134,
2025-10-29 14:27:25,248216134,
2025-10-29 14:27:26,248216134,
2025-10-29 14:27:26,1248216134,
2025-10-29 14:27:27,248216134,
2025-10-29 14:27:27,248216134,
2025-10-29 14:27:28,248216134,
2025-10-29 14:27:28,248216134,
2025-10-29 14:27:28,248216134,
2025-10-29 14:27:29,248216134,
2025-10-29 14:27:29,248216134,
2025-10-29 14:27:30,248216134,
2025-10-29 14:27:30,258216134,
2025-10-29 14:27:31,258216134,
2025-10-29 14:27:31,248216134,
2025-10-29 14:27:32,248216134,
2025-10-29 14:27:32,1248216134,
2025-10-29 14:28:00,748299384,
2025-10-29 14:28:01,248299384,
2025-10-29 14:28:01,24B299284,
2025-10-29 14:28:08,21E111345,
2025-10-29 14:28:08,21E111345,
2025-10-29 14:28:09,21E111345,
2025-10-29 14:28:09,21E111345,
2025-10-29 14:28:10,21E111345,
2025-10-29 14:28:10,21ET11345,
2025-10-29 14:28:10,21E111345,
2025-10-29 14:28:11,21E111345,
2025-10-29 14:28:11,21E111345,
2025-10-29 14:28:12,21E111345,
2025-10-29 14:28:12,21E111345,
2025-10-29 14:28:12,21E111345,
2025-10-29 14:28:13,21E111345,
2025-10-29 14:28:13,21E111345,
2025-10-29 14:28:14,21E111345,
2025-10-29 14:28:14,21E111345,
2025-10-29 14:28:14,21E111345,
2025-10-29 14:28:15,21E111345,
2025-10-29 14:28:18,2483707544,
2025-10-29 14:28:18,2483707544,
2025-10-29 14:28:19,248307544,
2025-10-29 14:28:20,21E111345,
2025-10-29 14:28:20,21E111345,
2025-10-29 14:28:21,1248307544,
2025-10-29 14:28:21,2483707544,
2025-10-29 14:28:21,1248307544,
2025-10-29 14:28:22,1248307544,
2025-10-29 14:28:22,2483707544,
2025-10-29 14:28:22,2483707544,
2025-10-29 14:28:23,248307544,
2025-10-29 14:28:23,248307544,
2025-10-29 14:28:24,248307544,
2025-10-29 14:28:24,248307544,
2025-10-29 14:28:24,248307544,
2025-10-29 14:28:25,248307544,
2025-10-29 14:28:25,248307544,
2025-10-29 14:28:26,2483107544,
2025-10-29 14:28:26,248307544,
2025-10-29 14:28:26,248307544,
2025-10-29 14:28:27,248307544,
2025-10-29 14:28:27,248307544,
2025-10-29 14:28:28,248307544,
2025-10-29 14:28:28,248307544,
2025-10-29 14:28:29,248307544,
2025-10-29 14:28:29,248307544,
2025-10-29 14:28:29,248307544,
2025-10-29 14:28:30,248307544,
2025-10-29 14:28:30,248307544,
2025-10-29 14:28:31,248307544,
2025-10-29 14:28:31,248307544,
2025-10-29 14:28:32,248307544,
2025-10-29 14:28:38,24H02156,
2025-10-29 14:28:38,24H02156,
2025-10-29 14:28:39,24H02156,
2025-10-29 14:28:39,24H02156,
2025-10-29 14:28:39,24H02156,
2025-10-29 14:28:40,24H02156,
2025-10-29 14:28:40,24H02156,
2025-10-29 14:28:41,24H02156,
2025-10-29 14:28:41,24H02156,
2025-10-29 14:28:41,24H02156,
2025-10-29 14:28:42,24H02156,
2025-10-29 14:28:42,24H02156,
2025-10-29 14:28:43,24H02156,
2025-10-29 14:28:43,24H02156,
2025-10-29 14:28:44,24H02156,
2025-10-29 14:28:44,24H02156,
2025-10-29 14:28:44,24H02156,
2025-10-29 14:28:45,24H02156,
2025-10-29 14:28:45,24H02156,
2025-10-29 14:28:46,24H02156,
2025-10-29 14:28:46,24H02156,
2025-10-29 14:28:46,24H02156,
2025-10-29 14:28:47,24H02156,
2025-10-29 14:28:47,24H02156,
2025-10-29 14:28:48,24H02156,
2025-10-29 14:28:48,24H02156,
2025-10-29 14:28:49,24H02156,
2025-10-29 14:28:49,24H02156,
2025-10-29 14:28:49,24H02156,
2025-10-29 14:28:50,24H02156,
2025-10-29 14:28:50,24H02156,
2025-10-29 14:28:51,24H02156,
2025-10-29 14:28:51,24H02156,
2025-10-29 14:28:51,24H02156,
2025-10-29 14:28:52,24H02156,
2025-10-29 14:28:52,24H02156,
2025-10-29 14:28:52,24H02156,
2025-10-29 14:28:53,24H02156,
2025-10-29 14:28:53,24H02156,
2025-10-29 14:28:54,24H02156,
2025-10-29 14:28:54,24H02156,
2025-10-29 14:28:54,24H02156,
2025-10-29 14:29:33,25P10466,
2025-10-29 14:29:33,25P19970,
2025-10-29 14:29:34,25P19970,
2025-10-29 14:29:34,25P19970,
2025-10-29 14:29:34,25P10466,
2025-10-29 14:29:35,25P10466,
2025-10-29 14:29:35,25P19970,
2025-10-29 14:29:36,25P10466,
2025-10-29 14:29:36,25P10466,
2025-10-29 14:29:36,25P10466,
2025-10-29 14:29:37,25P19970,
2025-10-29 14:29:37,25P10466,
2025-10-29 14:29:39,238214274,
2025-10-29 14:29:39,248214274,
2025-10-29 14:29:39,248214274,
2025-10-29 14:29:40,248214274,
2025-10-29 14:29:40,248214274,
2025-10-29 14:29:41,248214274,
2025-10-29 14:29:41,248214274,
2025-10-29 14:29:41,248214274,
2025-10-29 14:29:42,248214274,
2025-10-29 14:29:42,248214274,
2025-10-29 14:29:43,248214274,
2025-10-29 14:29:43,248214274,
2025-10-29 14:29:43,248214275,
2025-10-29 14:29:44,248214275,
2025-10-29 14:29:44,248214274,
2025-10-29 14:29:44,248214274,
2025-10-29 14:29:45,248214274,
2025-10-29 14:29:45,248214274,
2025-10-29 14:29:45,248214274,
2025-10-29 14:29:46,248214274,
2025-10-29 14:29:46,248214274,
2025-10-29 14:29:47,248214274,
2025-10-29 14:29:47,248214274,
2025-10-29 14:29:47,248214274,
2025-10-29 14:29:48,248214274,
2025-10-29 14:29:48,248214274,
2025-10-29 14:29:48,248214274,
2025-10-29 14:29:49,248214274,
2025-10-29 14:29:49,248214274,
2025-10-29 14:29:49,258214274,
2025-10-29 14:29:50,7248214274,
2025-10-29 14:30:00,20C26581,
2025-10-29 14:30:01,20C26581,
2025-10-29 14:30:01,20C26581,
2025-10-29 14:30:01,20C26581,
2025-10-29 14:30:02,20C26581,
2025-10-29 14:30:02,20C26581,
2025-10-29 14:30:03,205779,
2025-10-29 14:30:04,20C26581,
2025-10-29 14:30:04,20C26581,
2025-10-29 14:30:05,20C26581,
2025-10-29 14:30:05,20C26581,
2025-10-29 14:30:06,20C26581,
2025-10-29 14:30:06,20E6779,
2025-10-29 14:30:07,20C26581,
2025-10-29 14:30:07,20C26581,
2025-10-29 14:30:08,20C26581,
2025-10-29 14:30:08,20C26581,
2025-10-29 14:30:09,20C26581,
2025-10-29 14:30:09,20C26581,
2025-10-29 14:30:09,20C26581,
2025-10-29 14:30:10,20C26581,
2025-10-29 14:30:11,20C26581,
2025-10-29 14:30:11,20C26581,
2025-10-29 14:30:12,20C26581,
2025-10-29 14:30:12,20C26581,
2025-10-29 14:30:13,20C26581,
2025-10-29 14:30:14,20C26581,
2025-10-29 14:30:14,20C26581,
2025-10-29 14:30:15,20C26581,
2025-10-29 14:30:15,20C26581,
2025-10-29 14:30:16,20C26581,
2025-10-29 14:30:16,20C26581,
2025-10-29 14:30:16,20C26581,
2025-10-29 14:30:17,20C26581,
2025-10-29 14:30:17,20C26581,
2025-10-29 14:30:18,20C26581,
2025-10-29 14:30:18,20C26581,
2025-10-29 14:30:19,2435779,
2025-10-29 14:30:19,20C26581,
2025-10-29 14:30:20,20C26581,
2025-10-29 14:30:20,20C26581,
2025-10-29 14:30:21,20C26581,
2025-10-29 14:30:21,20C26581,
2025-10-29 14:30:21,20C26581,
2025-10-29 14:30:22,20C26581,
2025-10-29 14:30:22,20C26581,
2025-10-29 14:30:23,20C26581,
2025-10-29 14:30:23,20C26581,
2025-10-29 14:30:24,20C26581,
2025-10-29 14:30:24,20C26581,
2025-10-29 14:30:24,20C26581,
2025-10-29 14:30:25,20C26581,
2025-10-29 14:30:25,20C26581,
2025-10-29 14:30:25,20C26581,
2025-10-29 14:30:26,20C26581,
2025-10-29 14:30:26,20C26581,
2025-10-29 14:30:27,20C26581,
2025-10-29 14:30:27,20C26581,
2025-10-29 14:30:27,20C26581,
2025-10-29 14:30:28,20C26581,
2025-10-29 14:30:28,20C26581,
2025-10-29 14:30:28,20C26581,
2025-10-29 14:30:29,20C26581,
2025-10-29 14:30:29,20C26581,
2025-10-29 14:30:29,20C26581,
2025-10-29 14:30:30,20C26581,
2025-10-29 14:30:30,20C26581,
2025-10-29 14:30:31,20C26581,
2025-10-29 14:30:31,20C26581,
2025-10-29 14:30:31,20C26581,
2025-10-29 14:30:32,20C26581,
2025-10-29 14:30:32,20C26581,
2025-10-29 14:30:32,20C26581,
2025-10-29 14:30:33,20C26581,
2025-10-29 14:30:33,20C26581,
2025-10-29 14:30:34,20C26581,
2025-10-29 14:30:34,20C26581,
2025-10-29 14:30:34,20C26581,
2025-10-29 14:30:35,20C26581,
2025-10-29 14:30:35,20C26581,
2025-10-29 14:30:36,20C25581,
2025-10-29 14:30:36,20C26581,
2025-10-29 14:30:37,20C26581,
2025-10-29 14:30:37,20C26580,
2025-10-29 14:30:38,20C26581,
2025-10-29 14:30:38,20C26581,
2025-10-29 14:30:38,20C26581,
2025-10-29 14:30:39,20C26581,
2025-10-29 14:30:45,24A10519,
2025-10-29 14:30:46,24A10519,
2025-10-29 14:30:46,24A10519,
2025-10-29 14:30:46,24A10519,
2025-10-29 14:30:47,24A10519,
2025-10-29 14:30:47,24A10519,
2025-10-29 14:30:47,24A10519,
2025-10-29 14:30:48,24A10519,
2025-10-29 14:30:48,24A10519,
2025-10-29 14:30:49,24A10519,
2025-10-29 14:30:49,24A10519,
2025-10-29 14:30:49,24A10519,
2025-10-29 14:30:50,24A10519,
2025-10-29 14:30:50,24A10519,
2025-10-29 14:30:51,24A10519,
2025-10-29 14:30:51,24A10519,
2025-10-29 14:30:51,24A10519,
2025-10-29 14:30:52,24A10519,
2025-10-29 14:30:52,24A10519,
2025-10-29 14:30:53,24A10519,
2025-10-29 14:30:53,24A10519,
2025-10-29 14:30:54,24A10519,
2025-10-29 14:30:54,24A10519,
2025-10-29 14:30:55,24A10519,
2025-10-29 14:30:55,24A10519,
2025-10-29 14:30:56,24A10519,
2025-10-29 14:30:57,24A10519,
2025-10-29 14:30:57,24A10519,
2025-10-29 14:30:58,24A10519,
2025-10-29 14:30:59,24A10519,
2025-10-29 14:30:59,24A10519,
2025-10-29 14:31:00,24A10519,
2025-10-29 14:31:01,24A10519,
2025-10-29 14:31:01,24A10519,
2025-10-29 14:31:02,24A10519,
2025-10-29 14:31:03,24A10519,
2025-10-29 14:31:03,24A10519,
2025-10-29 14:31:04,24A10519,
2025-10-29 14:31:05,24A10519,
2025-10-29 14:31:05,24A10519,
2025-10-29 14:31:06,24A10519,
2025-10-29 14:31:07,24A10519,
2025-10-29 14:31:07,24A10519,
2025-10-29 14:31:08,24A10519,
2025-10-29 14:31:09,24A10519,
2025-10-29 14:31:09,24A10519,
2025-10-29 14:31:10,24A10519,
2025-10-29 14:31:11,24A10519,
2025-10-29 14:31:11,24A10519,
2025-10-29 14:31:12,24A10519,
2025-10-29 14:31:13,24A10519,
2025-10-29 14:31:13,24A10519,
2025-10-29 14:31:14,24A10519,
2025-10-29 14:31:15,24A10519,
2025-10-29 14:31:15,24A10519,
2025-10-29 14:31:16,24A10519,
2025-10-29 14:31:16,24A10519,
2025-10-29 14:31:17,24A10519,
2025-10-29 14:31:17,24A10519,
2025-10-29 14:31:18,24A10519,
2025-10-29 14:31:18,24A10519,
2025-10-29 14:31:19,24A10519,
2025-10-29 14:31:19,24A10519,
2025-10-29 14:31:19,24A10519,
2025-10-29 14:31:20,24A10519,
2025-10-29 14:31:20,24A10519,
2025-10-29 14:31:21,1248320564,
2025-10-29 14:31:21,24A10519,
2025-10-29 14:31:21,24A10519,
2025-10-29 14:31:22,24A10519,
2025-10-29 14:31:22,1248320564,
2025-10-29 14:31:23,76B20566,
2025-10-29 14:31:23,248320564,
2025-10-29 14:31:28,24A22905,
2025-10-29 14:31:29,24A22905,
2025-10-29 14:31:29,24A22905,
2025-10-29 14:31:29,24A22905,
2025-10-29 14:31:30,24A22905,
2025-10-29 14:31:30,24A22905,
2025-10-29 14:31:31,24A22905,
2025-10-29 14:31:31,24A22905,
2025-10-29 14:31:31,24A22905,
2025-10-29 14:31:32,24A22905,
2025-10-29 14:31:32,24A22905,
2025-10-29 14:31:32,24A22905,
2025-10-29 14:31:33,24A22905,
2025-10-29 14:31:33,24A22905,
2025-10-29 14:31:33,24A22905,
2025-10-29 14:31:34,24A22905,
2025-10-29 14:31:34,24A22905,
2025-10-29 14:31:34,24A22905,
2025-10-29 14:31:35,24A22905,
2025-10-29 14:31:35,24A22905,
2025-10-29 14:31:35,24A22905,
2025-10-29 14:31:36,24A22905,
2025-10-29 14:31:36,24A22905,
2025-10-29 14:31:36,24A22905,
2025-10-29 14:31:37,24A22905,
2025-10-29 14:31:37,24A22905,
2025-10-29 14:31:37,24A22905,
2025-10-29 14:31:38,24A22905,
2025-10-29 14:31:38,24A22905,
2025-10-29 14:31:38,24A22905,
2025-10-29 14:31:39,24A22905,
2025-10-29 14:31:39,24A22905,
2025-10-29 14:31:39,24A22905,
2025-10-29 14:31:40,24A22905,
2025-10-29 14:31:40,24A22905,
2025-10-29 14:31:40,24A22905,
2025-10-29 14:31:41,24A22905,
2025-10-29 14:31:41,24A22905,
2025-10-29 14:31:41,24A22905,
2025-10-29 14:31:42,24A22905,
2025-10-29 14:31:42,24A22905,
2025-10-29 14:31:42,24A22905,
2025-10-29 14:31:43,24A22905,
2025-10-29 14:31:43,24A22905,
2025-10-29 14:31:44,24A22905,
2025-10-29 14:31:44,24A22905,
2025-10-29 14:31:44,24A22905,
2025-10-29 14:31:45,24A22905,
2025-10-29 14:31:45,24A22905,
2025-10-29 14:31:45,24A22905,
2025-10-29 14:31:46,24A22905,
2025-10-29 14:31:46,24A22905,
2025-10-29 14:31:46,24A22905,
2025-10-29 14:31:47,24A22905,
2025-10-29 14:31:47,24A22905,
2025-10-29 14:31:47,24A22905,
2025-10-29 14:31:48,24A22905,
2025-10-29 14:31:48,24A22905,
2025-10-29 14:31:48,24A22905,
2025-10-29 14:31:49,24A22905,
2025-10-29 14:31:49,24A22905,
2025-10-29 14:31:49,24A22905,
2025-10-29 14:31:50,24A22905,
2025-10-29 14:31:50,24N01103,
2025-10-29 14:31:51,24N01103,
2025-10-29 14:31:51,24A22905,
2025-10-29 14:31:52,24ND14197,
2025-10-29 14:31:52,24A22905,
2025-10-29 14:31:53,20N0114197,
2025-10-29 14:31:53,24A22905,
2025-10-29 14:31:53,24A22905,
2025-10-29 14:31:54,24A22905,
2025-10-29 14:31:55,24A22905,
2025-10-29 14:31:55,21N014197,
2025-10-29 14:31:56,21ND14197,
2025-10-29 14:31:57,24X0114197,
2025-10-29 14:31:57,24X0114197,
2025-10-29 14:31:59,240114197,
2025-10-29 14:32:01,24A02331,
2025-10-29 14:32:01,24A02331,
2025-10-29 14:32:01,24A02331,
2025-10-29 14:32:02,24A02331,
2025-10-29 14:32:02,24A02331,
2025-10-29 14:32:02,24A02331,
2025-10-29 14:32:03,24A02331,
2025-10-29 14:32:03,24A02331,
2025-10-29 14:32:03,24A02331,
2025-10-29 14:32:04,24A02331,
2025-10-29 14:32:04,24A02331,
2025-10-29 14:32:05,24A02331,
2025-10-29 14:32:05,24A02331,
2025-10-29 14:32:05,24A02331,
2025-10-29 14:32:06,24A02331,
2025-10-29 14:32:06,24A02331,
2025-10-29 14:32:06,24A02331,
2025-10-29 14:32:07,24A02331,
2025-10-29 14:32:07,24A02331,
2025-10-29 14:32:07,24A02331,
2025-10-29 14:32:08,24A02331,
2025-10-29 14:32:08,24A02331,
2025-10-29 14:32:08,24A02331,
2025-10-29 14:32:09,24A02331,
2025-10-29 14:32:09,24A02331,
2025-10-29 14:32:09,24A02331,
2025-10-29 14:32:10,24A02331,
2025-10-29 14:32:10,24A02331,
2025-10-29 14:32:10,24A02331,
2025-10-29 14:32:11,24A02331,
2025-10-29 14:32:11,24A02331,
2025-10-29 14:32:12,24A02331,
2025-10-29 14:32:12,24A02331,
2025-10-29 14:32:12,24A02331,
2025-10-29 14:32:13,24A02331,
2025-10-29 14:32:13,24A02331,
2025-10-29 14:32:13,24A02331,
2025-10-29 14:32:14,24A02331,
2025-10-29 14:32:14,24A02331,
2025-10-29 14:32:14,24A02331,
2025-10-29 14:32:15,24A02331,
2025-10-29 14:32:15,24A02331,
2025-10-29 14:32:16,24A02331,
2025-10-29 14:32:16,24A02331,
2025-10-29 14:32:16,24A02331,
2025-10-29 14:32:17,24A02331,
2025-10-29 14:32:17,24A02331,
2025-10-29 14:32:17,24A02331,
2025-10-29 14:32:18,24A02331,
2025-10-29 14:32:18,24A02331,
2025-10-29 14:32:18,24A02331,
2025-10-29 14:32:19,24A02331,
2025-10-29 14:32:19,24A02331,
2025-10-29 14:32:19,24A02331,
2025-10-29 14:32:20,24A02331,
2025-10-29 14:32:20,24A02331,
2025-10-29 14:32:21,24A02331,
2025-10-29 14:32:21,24A02331,
2025-10-29 14:32:21,24A02331,
2025-10-29 14:32:22,24A02331,
2025-10-29 14:32:22,24A02331,
2025-10-29 14:32:23,24A02331,
2025-10-29 14:32:23,24A02331,
2025-10-29 14:32:24,24A02331,
2025-10-29 14:32:24,24A02331,
2025-10-29 14:32:24,24A02331,
2025-10-29 14:32:32,30N87288,
2025-10-29 14:32:33,30N87788,
2025-10-29 14:32:33,30N87288,
2025-10-29 14:32:34,30N87288,
2025-10-29 14:32:34,30N87288,
2025-10-29 14:32:34,30N87288,
2025-10-29 14:32:35,30N87788,
2025-10-29 14:32:35,30N87288,
2025-10-29 14:32:35,30N87788,
2025-10-29 14:32:36,30N87288,
2025-10-29 14:32:36,30N87288,
2025-10-29 14:32:37,30N87288,
2025-10-29 14:32:37,30N87288,
2025-10-29 14:32:37,30N87788,
2025-10-29 14:32:38,30N87788,
2025-10-29 14:32:38,30N87788,
2025-10-29 14:32:39,30N37288,
2025-10-29 14:32:40,30N87288,
2025-10-29 14:33:21,24A14526,
2025-10-29 14:33:22,24A14528,
2025-10-29 14:33:22,24A14526,
2025-10-29 14:33:23,24A14526,
2025-10-29 14:33:23,24A14526,
2025-10-29 14:33:23,24A14526,
2025-10-29 14:33:24,24A14526,
2025-10-29 14:33:24,24A14526,
2025-10-29 14:33:25,24A14526,
2025-10-29 14:33:25,24A14526,
2025-10-29 14:33:25,24A14526,
2025-10-29 14:33:26,24A14526,
2025-10-29 14:33:26,24A14526,
2025-10-29 14:33:27,24A14526,
2025-10-29 14:33:27,24A14526,
2025-10-29 14:33:27,24A14526,
2025-10-29 14:33:28,24A14526,
2025-10-29 14:33:28,24A14526,
2025-10-29 14:33:28,24A14526,
2025-10-29 14:33:29,24A14526,
2025-10-29 14:33:29,24A14526,
2025-10-29 14:33:30,24A14526,
2025-10-29 14:33:30,24A14526,
2025-10-29 14:33:30,24A14526,
2025-10-29 14:33:31,24A14526,
2025-10-29 14:33:31,24A14526,
2025-10-29 14:33:31,24A14526,
2025-10-29 14:33:31,24A14526,
2025-10-29 14:33:32,24A14526,
2025-10-29 14:33:32,24A14526,
2025-10-29 14:33:32,24A14526,
2025-10-29 14:33:33,24A14526,
2025-10-29 14:33:33,24A14526,
2025-10-29 14:33:33,24A14526,
2025-10-29 14:33:34,24A14526,
2025-10-29 14:33:34,24A14526,
2025-10-29 14:33:34,24A14526,
2025-10-29 14:33:35,24A14526,
2025-10-29 14:33:35,24A14526,
2025-10-29 14:33:35,24A14526,
2025-10-29 14:33:36,24A14526,
2025-10-29 14:33:36,24A14526,
2025-10-29 14:33:36,24A14526,
2025-10-29 14:33:37,24A14526,
2025-10-29 14:33:59,24A0631,
2025-10-29 14:34:00,24A06310,
2025-10-29 14:34:00,24A06310,
2025-10-29 14:34:00,24A06310,
2025-10-29 14:34:01,24A06310,
2025-10-29 14:34:01,24A06310,
2025-10-29 14:34:01,24A06310,
2025-10-29 14:34:02,24A06310,
2025-10-29 14:34:02,24A06310,
2025-10-29 14:34:03,24A06310,
2025-10-29 14:34:03,24A06310,
2025-10-29 14:34:03,24A06310,
2025-10-29 14:34:04,24A06310,
2025-10-29 14:34:05,24A06310,
2025-10-29 14:34:05,24A06310,
2025-10-29 14:34:06,24A06310,
2025-10-29 14:34:07,24A0631,
2025-10-29 14:34:08,24A0631,
2025-10-29 14:34:09,796149333,
2025-10-29 14:34:10,296149333,
2025-10-29 14:34:10,296149333,
2025-10-29 14:34:11,296149333,
2025-10-29 14:34:11,2961749333,
2025-10-29 14:34:12,296149333,
2025-10-29 14:34:13,296149333,
2025-10-29 14:34:13,296149333,
2025-10-29 14:34:13,29G149333,
2025-10-29 14:34:14,29G149333,
2025-10-29 14:34:14,29G149333,
2025-10-29 14:34:15,296149333,
2025-10-29 14:34:16,2961149333,
2025-10-29 14:34:16,296149333,
2025-10-29 14:34:17,296149333,
2025-10-29 14:34:17,296149333,
2025-10-29 14:34:17,2961749333,
2025-10-29 14:34:18,2961749333,
2025-10-29 14:34:19,2961049333,
2025-10-29 14:34:19,2961749333,
2025-10-29 14:34:20,2961749333,
2025-10-29 14:34:20,2961749333,
2025-10-29 14:34:21,29G149333,
2025-10-29 14:34:22,296149333,
2025-10-29 14:34:23,26U9333,
2025-10-29 14:34:24,2961749333,
2025-10-29 14:34:25,296149333,
2025-10-29 14:34:26,2961749333,
2025-10-29 14:34:26,2961749333,
2025-10-29 14:34:30,296149333,
2025-10-29 14:34:52,248132306,
2025-10-29 14:34:52,248132306,
2025-10-29 14:34:53,00B13205,
2025-10-29 14:34:53,26B132305,
2025-10-29 14:34:53,248132306,
2025-10-29 14:34:54,24B132305,
2025-10-29 14:34:55,248132306,
2025-10-29 14:34:55,2481732306,
2025-10-29 14:34:56,2481732306,
2025-10-29 14:34:57,24C01392,
2025-10-29 14:34:58,24C01392,
2025-10-29 14:34:59,24C01392,
2025-10-29 14:35:00,24C01392,
2025-10-29 14:35:00,24C01392,
2025-10-29 14:35:01,24C01392,
2025-10-29 14:35:01,24C01392,
2025-10-29 14:35:02,24C01392,
2025-10-29 14:35:03,24C01392,
2025-10-29 14:35:04,24C01392,
2025-10-29 14:35:05,24C01392,
2025-10-29 14:35:05,24C01392,
2025-10-29 14:35:06,24C01392,
2025-10-29 14:35:06,24C01392,
2025-10-29 14:35:07,24C01392,
2025-10-29 14:35:07,24C01392,
2025-10-29 14:35:08,24C01392,
2025-10-29 14:35:08,24C01392,
2025-10-29 14:35:09,24C01392,
2025-10-29 14:35:10,24C01392,
2025-10-29 14:35:10,24C01392,
2025-10-29 14:35:11,24C01392,
2025-10-29 14:35:11,24C01392,
2025-10-29 14:35:12,24C01392,
2025-10-29 14:35:12,24C01392,
2025-10-29 14:35:13,24C01392,
2025-10-29 14:35:14,24C01392,
2025-10-29 14:35:14,24C01392,
2025-10-29 14:35:14,24C01392,
2025-10-29 14:35:15,24C01392,
2025-10-29 14:35:16,24C01392,
2025-10-29 14:35:16,24C01392,
2025-10-29 14:35:17,24C01392,
2025-10-29 14:35:17,24C01392,
2025-10-29 14:35:18,24C01392,
2025-10-29 14:35:19,24C01392,
2025-10-29 14:35:19,24C01392,
2025-10-29 14:35:20,24C01392,
2025-10-29 14:35:21,24C01392,
2025-10-29 14:35:22,24A11511,
2025-10-29 14:35:23,24A11511,
2025-10-29 14:35:24,24A11511,
2025-10-29 14:35:24,24A11511,
2025-10-29 14:35:25,24A11511,
2025-10-29 14:35:26,24A11511,
2025-10-29 14:35:26,24A11511,
2025-10-29 14:35:27,24A11511,
2025-10-29 14:35:28,24A11511,
2025-10-29 14:35:30,24A11511,
2025-10-29 14:35:30,24A11511,
2025-10-29 14:35:31,24A11511,
2025-10-29 14:35:32,24A11511,
2025-10-29 14:35:32,24A11511,
2025-10-29 14:35:32,24A11511,
2025-10-29 14:35:33,24A11511,
2025-10-29 14:35:33,24A11511,
2025-10-29 14:35:34,24A11511,
2025-10-29 14:35:35,24A11511,
2025-10-29 14:35:36,24A11511,
2025-10-29 14:35:37,24A11511,
2025-10-29 14:35:37,24A11511,
2025-10-29 14:35:38,24A11511,
2025-10-29 14:35:38,24A11511,
2025-10-29 14:35:39,24A11511,
2025-10-29 14:35:40,24A11511,
2025-10-29 14:35:40,24A11511,
2025-10-29 14:35:41,24A11511,
2025-10-29 14:35:42,24A11511,
2025-10-29 14:35:43,24A11511,
2025-10-29 14:35:44,24A11511,
2025-10-29 14:35:44,24A11511,
2025-10-29 14:35:45,24A11511,
2025-10-29 14:35:45,24A11511,
2025-10-29 14:35:46,24A11511,
2025-10-29 14:35:46,24A11511,
2025-10-29 14:35:47,24A11511,
2025-10-29 14:35:47,24A11511,
2025-10-29 14:35:47,24A11511,
2025-10-29 14:35:48,24A11511,
2025-10-29 14:35:48,24A11511,
2025-10-29 14:35:49,24A11511,
2025-10-29 14:35:49,24A11511,
2025-10-29 14:35:50,24A11511,
2025-10-29 14:35:50,24A11511,
2025-10-29 14:35:51,24A11511,
2025-10-29 14:35:51,24A11511,
2025-10-29 14:35:51,24A11511,
2025-10-29 14:35:52,24A11511,
2025-10-29 14:35:53,24A11511,
2025-10-29 14:35:53,24A11511,
2025-10-29 14:35:53,24A11511,
2025-10-29 14:35:55,24A20995,
2025-10-29 14:35:55,24A20995,
2025-10-29 14:35:56,24A20995,
2025-10-29 14:35:57,24A20995,
2025-10-29 14:35:57,24A20995,
2025-10-29 14:35:58,24A20995,
2025-10-29 14:35:58,24A20995,
2025-10-29 14:35:59,24A20995,
2025-10-29 14:36:00,24A20995,
2025-10-29 14:36:00,24A20995,
2025-10-29 14:36:01,24A20995,
2025-10-29 14:36:02,24A20995,
2025-10-29 14:36:02,24A20995,
2025-10-29 14:36:03,24A20995,
2025-10-29 14:36:04,24A20995,
2025-10-29 14:36:05,24A20995,
2025-10-29 14:36:05,24A20995,
2025-10-29 14:36:06,24A20995,
2025-10-29 14:36:06,24A20995,
2025-10-29 14:36:07,24A20995,
2025-10-29 14:36:07,24A20995,
2025-10-29 14:36:07,24A20995,
2025-10-29 14:36:08,24A20995,
2025-10-29 14:36:09,24A20995,
2025-10-29 14:36:09,24A20995,
2025-10-29 14:36:10,24A20995,
2025-10-29 14:36:11,24A20995,
2025-10-29 14:36:11,24A20995,
2025-10-29 14:36:12,24A20995,
2025-10-29 14:36:13,24A20995,
2025-10-29 14:36:13,24A20995,
2025-10-29 14:36:14,24A20995,
2025-10-29 14:36:14,24A20995,
2025-10-29 14:36:15,24A20995,
2025-10-29 14:36:15,24A20995,
2025-10-29 14:36:16,24A20995,
2025-10-29 14:36:16,24A20995,
2025-10-29 14:36:17,24A20995,
2025-10-29 14:36:17,24A20995,
2025-10-29 14:36:18,24A20995,
2025-10-29 14:36:18,24A20995,
2025-10-29 14:36:19,24A20995,
2025-10-29 14:36:20,24A20995,
2025-10-29 14:36:20,24A20995,
2025-10-29 14:36:21,24A20995,
2025-10-29 14:36:21,24A20995,
2025-10-29 14:36:22,24A20995,
2025-10-29 14:36:22,24A20995,
2025-10-29 14:36:23,24A20995,
2025-10-29 14:36:24,24A20995,
2025-10-29 14:36:24,24A20995,
2025-10-29 14:36:25,24A20995,
2025-10-29 14:36:25,24A20995,
2025-10-29 14:36:26,24A20995,
2025-10-29 14:36:27,24A20995,
2025-10-29 14:36:27,24A20995,
2025-10-29 14:36:28,24A20995,
2025-10-29 14:36:28,24A20995,
2025-10-29 14:36:29,24A20995,
2025-10-29 14:36:30,24A20995,
2025-10-29 14:36:30,24A20995,
2025-10-29 14:36:31,24A20995,
2025-10-29 14:36:33,24C09595,
2025-10-29 14:36:34,24C09595,
2025-10-29 14:36:35,24A20995,
2025-10-29 14:36:37,24C09595,
2025-10-29 14:36:38,24A20995,
2025-10-29 14:36:38,24A20995,
2025-10-29 14:36:39,24C09595,
2025-10-29 14:36:40,24C09595,
2025-10-29 14:36:40,24C09595,
2025-10-29 14:36:41,24C09595,
2025-10-29 14:36:41,24C09595,
2025-10-29 14:36:41,24C09595,
2025-10-29 14:36:42,24C09595,
2025-10-29 14:36:42,24C09595,
2025-10-29 14:36:43,24C09595,
2025-10-29 14:36:44,24C09595,
2025-10-29 14:36:44,24C09595,
2025-10-29 14:36:44,24C09595,
2025-10-29 14:36:45,24C09595,
2025-10-29 14:36:45,24C09595,
2025-10-29 14:36:46,24C09595,
2025-10-29 14:36:46,24C09595,
2025-10-29 14:36:47,24C09595,
2025-10-29 14:36:47,24C09595,
2025-10-29 14:36:48,24C09595,
2025-10-29 14:36:48,24C09595,
2025-10-29 14:36:49,24C09595,
2025-10-29 14:36:49,24C09595,
2025-10-29 14:36:50,24C09595,
2025-10-29 14:36:51,24C09595,
2025-10-29 14:36:51,24C09595,
2025-10-29 14:36:52,24C09595,
2025-10-29 14:36:52,24C09595,
2025-10-29 14:36:52,24C09595,
2025-10-29 14:36:53,24C09595,
2025-10-29 14:36:53,24C09595,
2025-10-29 14:36:54,24C09595,
2025-10-29 14:36:54,24C09595,
2025-10-29 14:36:55,24C09595,
2025-10-29 14:36:56,24C09595,
2025-10-29 14:36:56,24C09595,
2025-10-29 14:36:57,24C09595,
2025-10-29 14:36:58,24C09595,
2025-10-29 14:36:58,24C09595,
2025-10-29 14:36:59,24C09595,
2025-10-29 14:37:00,009595,
2025-10-29 14:37:02,24A07570,
2025-10-29 14:37:02,24A07570,
2025-10-29 14:37:04,24A07570,
2025-10-29 14:37:04,24A07570,
2025-10-29 14:37:04,24A07570,
2025-10-29 14:37:05,24A07570,
2025-10-29 14:37:05,24A07570,
2025-10-29 14:37:06,24A07570,
2025-10-29 14:37:06,24A07570,
2025-10-29 14:37:07,24A07570,
2025-10-29 14:37:07,24A07570,
2025-10-29 14:37:08,24A07570,
2025-10-29 14:37:08,24A07570,
2025-10-29 14:37:09,24A07570,
2025-10-29 14:37:09,24A07570,
2025-10-29 14:37:09,24A07570,
2025-10-29 14:37:10,24A07570,
2025-10-29 14:37:10,24A07570,
2025-10-29 14:37:10,24A07570,
2025-10-29 14:37:11,24A07570,
2025-10-29 14:37:11,24A07570,
2025-10-29 14:37:11,24A07570,
2025-10-29 14:37:12,24A07570,
2025-10-29 14:37:12,24A07570,
2025-10-29 14:37:12,24A07570,
2025-10-29 14:37:13,24A07570,
2025-10-29 14:37:13,24A07570,
2025-10-29 14:37:13,24A07570,
2025-10-29 14:37:14,24A07570,
2025-10-29 14:37:14,24A07570,
2025-10-29 14:37:14,24A07570,
2025-10-29 14:37:15,24A07570,
2025-10-29 14:37:15,24A07570,
2025-10-29 14:37:16,24A07570,
2025-10-29 14:37:16,24A07570,
2025-10-29 14:37:16,24A07570,
2025-10-29 14:37:17,24A07570,
2025-10-29 14:37:17,24A07570,
2025-10-29 14:37:17,24A07570,
2025-10-29 14:37:18,24A07570,
2025-10-29 14:37:18,24A07570,
2025-10-29 14:37:18,24A07570,
2025-10-29 14:37:19,24A07570,
2025-10-29 14:37:19,24A07570,
2025-10-29 14:37:19,24A07570,
2025-10-29 14:37:20,24A07570,
2025-10-29 14:37:20,24A07570,
2025-10-29 14:37:21,24A07570,
2025-10-29 14:37:21,24A07570,
2025-10-29 14:37:21,24A07570,
2025-10-29 14:37:22,24A07570,
2025-10-29 14:37:22,24A07570,
2025-10-29 14:37:22,24A07570,
2025-10-29 14:38:03,24A09833,
2025-10-29 14:38:05,24A09833,
2025-10-29 14:38:05,24A09833,
2025-10-29 14:38:06,24A09833,
2025-10-29 14:38:06,24A09833,
2025-10-29 14:38:07,24A09833,
2025-10-29 14:38:07,24A09833,
2025-10-29 14:38:08,24A09833,
2025-10-29 14:38:09,24A09833,
2025-10-29 14:38:09,24A09833,
2025-10-29 14:38:10,24A09833,
2025-10-29 14:38:10,24A09833,
2025-10-29 14:38:11,24A09833,
2025-10-29 14:38:11,24A09833,
2025-10-29 14:38:12,24A09833,
2025-10-29 14:38:12,24A09833,
2025-10-29 14:38:12,24A09833,
2025-10-29 14:38:13,24A09833,
2025-10-29 14:38:13,24A09833,
2025-10-29 14:38:14,24A09833,
2025-10-29 14:38:14,24A09833,
2025-10-29 14:38:14,24A09833,
2025-10-29 14:38:15,24A09833,
2025-10-29 14:38:15,24A09833,
2025-10-29 14:38:16,24A09833,
2025-10-29 14:38:17,24A09833,
2025-10-29 14:38:17,24A09833,
2025-10-29 14:38:17,24A09833,
2025-10-29 14:38:18,24A09833,
2025-10-29 14:38:18,24A09833,
2025-10-29 14:38:19,24A09833,
2025-10-29 14:38:19,24A09833,
2025-10-29 14:38:20,24A09833,
2025-10-29 14:38:21,24A09833,
2025-10-29 14:38:21,24A09833,
2025-10-29 14:38:22,24A09833,
2025-10-29 14:38:22,24A09833,
2025-10-29 14:38:23,24A09833,
2025-10-29 14:38:23,24A09833,
2025-10-29 14:38:24,24A09833,
2025-10-29 14:38:24,24A09833,
2025-10-29 14:38:25,009833,
2025-10-29 14:38:39,24A00365,
2025-10-29 14:38:40,21A00365,
2025-10-29 14:38:40,24A00365,
2025-10-29 14:38:41,24A00365,
2025-10-29 14:38:42,24A00365,
2025-10-29 14:38:42,24A00365,
2025-10-29 14:38:43,24A00365,
2025-10-29 14:38:44,24A00365,
2025-10-29 14:38:44,24A00365,
2025-10-29 14:38:45,24A00365,
2025-10-29 14:38:45,24A00365,
2025-10-29 14:38:45,24A00365,
2025-10-29 14:38:46,24A00365,
2025-10-29 14:38:46,24A00365,
2025-10-29 14:38:47,24A00365,
2025-10-29 14:38:47,24A00365,
2025-10-29 14:38:48,24A00365,
2025-10-29 14:38:48,24A00365,
2025-10-29 14:38:49,24A00365,
2025-10-29 14:38:49,24A00365,
2025-10-29 14:38:50,24A00365,
2025-10-29 14:38:51,24A00365,
2025-10-29 14:38:51,24A00365,
2025-10-29 14:38:52,24A00365,
2025-10-29 14:38:52,24A00365,
2025-10-29 14:38:52,24A00365,
2025-10-29 14:38:53,24A00365,
2025-10-29 14:38:53,24A00365,
2025-10-29 14:38:54,24A00365,
2025-10-29 14:38:54,24A00365,
2025-10-29 14:38:55,24A00365,
2025-10-29 14:38:55,24A00365,
2025-10-29 14:38:56,24A00365,
2025-10-29 14:38:56,24A00365,
2025-10-29 14:38:56,24A00365,
2025-10-29 14:38:57,24A00365,
2025-10-29 14:38:57,24A00365,
2025-10-29 14:38:57,24A00365,
2025-10-29 14:38:58,24A00365,
2025-10-29 14:38:58,24A00365,
2025-10-29 14:38:59,24A00365,
2025-10-29 14:38:59,24A00365,
2025-10-29 14:39:00,24A00365,
2025-10-29 14:39:00,24A00365,
2025-10-29 14:39:00,24A00365,
2025-10-29 14:39:01,21A0365,
2025-10-29 14:39:01,21A0365,
2025-10-29 14:39:06,24A17809,
2025-10-29 14:39:07,24A17809,
2025-10-29 14:39:07,24A17809,
2025-10-29 14:39:08,24A17809,
2025-10-29 14:39:08,24A17809,
2025-10-29 14:39:09,24A17809,
2025-10-29 14:39:10,24A17809,
2025-10-29 14:39:10,24A17809,
2025-10-29 14:39:11,24A17809,
2025-10-29 14:39:11,24A17809,
2025-10-29 14:39:12,24A17809,
2025-10-29 14:39:12,24A17809,
2025-10-29 14:39:13,24A17809,
2025-10-29 14:39:13,24A17809,
2025-10-29 14:39:13,24A17809,
2025-10-29 14:39:14,24A17809,
2025-10-29 14:39:15,24A17809,
2025-10-29 14:39:15,24A17809,
2025-10-29 14:39:16,24A17809,
2025-10-29 14:39:16,24A17809,
2025-10-29 14:39:16,24A17809,
2025-10-29 14:39:17,24A17809,
2025-10-29 14:39:17,24A17809,
2025-10-29 14:39:18,24A17809,
2025-10-29 14:39:18,24A17809,
2025-10-29 14:39:18,24A7809,
2025-10-29 14:39:31,37A12830,
2025-10-29 14:39:31,37A12830,
2025-10-29 14:39:32,37A12830,
2025-10-29 14:39:32,37A12830,
2025-10-29 14:39:32,37A12830,
2025-10-29 14:39:33,37A12830,
2025-10-29 14:39:33,37A12830,
2025-10-29 14:39:34,37A12830,
2025-10-29 14:39:34,37A12830,
2025-10-29 14:39:34,37A12830,
2025-10-29 14:39:35,37A12830,
2025-10-29 14:39:35,37A12830,
2025-10-29 14:39:36,37A12830,
2025-10-29 14:39:36,37A12830,
2025-10-29 14:39:36,37A12830,
2025-10-29 14:39:37,37A12830,
2025-10-29 14:39:37,37A12830,
2025-10-29 14:39:37,37A12830,
2025-10-29 14:39:38,37A12830,
2025-10-29 14:39:38,37A12830,
2025-10-29 14:39:39,37A12830,
2025-10-29 14:39:39,37A12830,
2025-10-29 14:39:39,37A12830,
2025-10-29 14:39:40,37A12830,
2025-10-29 14:39:40,37A12830,
2025-10-29 14:39:40,37A12830,
2025-10-29 14:39:41,37A12830,
2025-10-29 14:39:41,37A12830,
2025-10-29 14:39:42,37A12830,
2025-10-29 14:39:42,37A12830,
2025-10-29 14:39:43,37A12830,
2025-10-29 14:39:43,37A12830,
2025-10-29 14:39:43,37A12830,
2025-10-29 14:39:44,37A12830,
2025-10-29 14:39:44,37A12830,
2025-10-29 14:39:44,37A12830,
2025-10-29 14:39:45,37A12830,
2025-10-29 14:39:45,37A12830,
2025-10-29 14:39:46,37A12830,
2025-10-29 14:39:46,37A12830,
2025-10-29 14:39:46,37A12830,
2025-10-29 14:39:47,37A12830,
2025-10-29 14:39:47,37A12830,
2025-10-29 14:39:48,37A12830,
2025-10-29 14:39:48,37A12830,
2025-10-29 14:39:48,37A12830,
2025-10-29 14:39:49,37A12830,
2025-10-29 14:39:49,37A12830,
2025-10-29 14:39:49,37A12830,
2025-10-29 14:39:50,37A12830,
2025-10-29 14:39:50,37A12830,
2025-10-29 14:39:50,37A12830,
2025-10-29 14:39:51,37A12830,
2025-10-29 14:39:51,37A12830,
2025-10-29 14:39:52,37A12830,
2025-10-29 14:39:52,37A12830,
2025-10-29 14:39:53,37A12830,
2025-10-29 14:39:53,37A12830,
2025-10-29 14:39:53,37A12830,
2025-10-29 14:39:54,37A12830,
2025-10-29 14:39:55,37A12830,
2025-10-29 14:40:10,21A04518,
2025-10-29 14:40:11,21A04518,
2025-10-29 14:40:12,21A0518,
2025-10-29 14:40:12,24A04518,
2025-10-29 14:40:12,24A04518,
2025-10-29 14:40:14,24A04518,
2025-10-29 14:40:14,24A04518,
2025-10-29 14:40:14,24A04518,
2025-10-29 14:40:15,24A04518,
2025-10-29 14:40:15,24A04518,
2025-10-29 14:40:16,24A04518,
2025-10-29 14:40:17,24A04518,
2025-10-29 14:40:17,24A04518,
2025-10-29 14:40:18,24A04518,
2025-10-29 14:40:19,24A04518,
2025-10-29 14:40:19,24A04518,
2025-10-29 14:40:20,24A04518,
2025-10-29 14:40:20,24A04518,
2025-10-29 14:40:21,24A04518,
2025-10-29 14:40:21,24A04518,
2025-10-29 14:40:22,24A04518,
2025-10-29 14:40:22,24A04518,
2025-10-29 14:40:23,24A04518,
2025-10-29 14:40:23,24A04518,
2025-10-29 14:40:23,24A04518,
2025-10-29 14:40:24,24A04518,
2025-10-29 14:40:24,24A04518,
2025-10-29 14:40:25,24A04518,
2025-10-29 14:40:25,24A04518,
2025-10-29 14:40:25,24A04518,
2025-10-29 14:40:26,24A04518,
2025-10-29 14:40:26,24A04518,
2025-10-29 14:40:26,24A04518,
2025-10-29 14:40:27,24A04518,
2025-10-29 14:40:27,24A04518,
2025-10-29 14:40:28,24A04518,
2025-10-29 14:40:28,24A04518,
2025-10-29 14:40:28,24A04518,
2025-10-29 14:40:29,24A04518,
2025-10-29 14:40:29,24A04518,
2025-10-29 14:40:29,24A04518,
2025-10-29 14:40:30,24A04518,
2025-10-29 14:40:30,24A04518,
2025-10-29 14:40:31,24A04518,
2025-10-29 14:40:31,24A04518,
2025-10-29 14:40:32,24A04518,
2025-10-29 14:40:33,24A04518,
2025-10-29 14:40:33,24A04518,
2025-10-29 14:40:33,24A04518,
2025-10-29 14:40:34,24A04518,
2025-10-29 14:40:34,24A04518,
2025-10-29 14:40:34,24A04518,
2025-10-29 14:40:35,24A04518,
2025-10-29 14:40:35,24A04518,
2025-10-29 14:40:36,24A04518,
2025-10-29 14:40:37,24A04518,
2025-10-29 14:40:37,24A04518,
2025-10-29 14:40:38,24A04518,
2025-10-29 14:40:39,24A04518,
2025-10-29 14:40:39,24A04518,
2025-10-29 14:40:40,24A04518,
2025-10-29 14:40:41,24A04518,
2025-10-29 14:40:42,24A04518,
2025-10-29 14:40:43,24A04518,
2025-10-29 14:40:43,24A04518,
2025-10-29 14:40:44,24A04518,
2025-10-29 14:40:44,24A04518,
2025-10-29 14:40:45,24A04518,
2025-10-29 14:40:45,244045,
2025-10-29 14:41:00,24E00190,
2025-10-29 14:41:01,24E00180,
2025-10-29 14:41:01,24E00180,
2025-10-29 14:41:02,24E00180,
2025-10-29 14:41:03,24E00180,
2025-10-29 14:41:04,24E00180,
2025-10-29 14:41:04,24E00180,
2025-10-29 14:41:04,24E00180,
2025-10-29 14:41:05,24E00180,
2025-10-29 14:41:05,24E00180,
2025-10-29 14:41:06,24E00180,
2025-10-29 14:41:06,24E00180,
2025-10-29 14:41:07,24E00180,
2025-10-29 14:41:07,24E00180,
2025-10-29 14:41:07,24E00180,
2025-10-29 14:41:08,24E00180,
2025-10-29 14:41:08,24E00180,
2025-10-29 14:41:09,24E00180,
2025-10-29 14:41:09,24E00180,
2025-10-29 14:41:09,24E00180,
2025-10-29 14:41:10,24E00180,
2025-10-29 14:41:10,24E00180,
2025-10-29 14:41:11,24E00180,
2025-10-29 14:41:12,24E00180,
2025-10-29 14:41:12,24E00180,
2025-10-29 14:41:14,24E00180,
2025-10-29 14:41:15,24AA00830,
2025-10-29 14:41:16,24E00180,
2025-10-29 14:41:17,24E00180,
2025-10-29 14:41:18,24E00180,
2025-10-29 14:41:19,24AA00830,
2025-10-29 14:41:20,24E00180,
2025-10-29 14:41:21,24AA00830,
2025-10-29 14:41:22,24E00180,
2025-10-29 14:41:23,24AA700830,
2025-10-29 14:41:23,24AA700830,
2025-10-29 14:41:24,24E100180,
2025-10-29 14:41:25,24E00180,
2025-10-29 14:41:26,24E00180,
2025-10-29 14:41:27,24E00180,
2025-10-29 14:41:28,24E00180,
2025-10-29 14:41:29,24E00180,
2025-10-29 14:41:30,24E00180,
2025-10-29 14:41:30,24E001800,
2025-10-29 14:41:31,24E001800,
2025-10-29 14:41:32,24E00180,
2025-10-29 14:41:33,24E00180,
2025-10-29 14:41:33,24E00180,
2025-10-29 14:41:35,24E00180,
2025-10-29 14:41:36,24E00180,
2025-10-29 14:41:36,24E00180,
2025-10-29 14:41:37,24E00180,
2025-10-29 14:41:38,24E100180,
2025-10-29 14:41:38,24E100180,
2025-10-29 14:41:39,24E00180,
2025-10-29 14:41:40,24E00180,
2025-10-29 14:41:41,24E00180,
2025-10-29 14:41:42,24E00180,
2025-10-29 14:41:43,24E00180,
2025-10-29 14:41:43,24E00180,
2025-10-29 14:41:44,24E00180,
2025-10-29 14:41:45,24E00180,
2025-10-29 14:41:46,24E00180,
2025-10-29 14:41:46,24E00180,
2025-10-29 14:41:47,24E00180,
2025-10-29 14:41:47,24E00180,
2025-10-29 14:41:48,24E00180,
2025-10-29 14:41:49,24E00180,
2025-10-29 14:41:49,24E00180,
2025-10-29 14:41:50,24E00180,
2025-10-29 14:41:51,24E00180,
2025-10-29 14:41:52,24E00180,
2025-10-29 14:41:53,24E00180,
2025-10-29 14:41:55,24E00180,
2025-10-29 14:42:23,24C11961,
2025-10-29 14:42:24,00E11961,
2025-10-29 14:42:26,401I96,
2025-10-29 14:42:27,27C11961,
2025-10-29 14:42:28,4011961,
2025-10-29 14:42:31,2501961,
2025-10-29 14:42:32,24C11961,
2025-10-29 14:42:32,25GN96,
2025-10-29 14:42:33,29C11961,
2025-10-29 14:42:34,25C11961,
2025-10-29 14:42:35,29C1961,
2025-10-29 14:42:35,20C11961,
2025-10-29 14:42:36,20C11961,
2025-10-29 14:42:37,20C11961,
2025-10-29 14:42:37,20L11961,
2025-10-29 14:42:38,20C11961,
2025-10-29 14:42:38,24C1961,
2025-10-29 14:42:39,24C11961,
2025-10-29 14:42:40,24C11961,
2025-10-29 14:42:41,24C11961,
2025-10-29 14:42:42,411961,
2025-10-29 14:42:42,26C1961,
2025-10-29 14:42:44,20L1961,
2025-10-29 14:42:45,20L1961,
2025-10-29 14:42:46,20C11961,
2025-10-29 14:42:46,011964,
2025-10-29 14:42:47,24O17961,
2025-10-29 14:42:47,24011961,
2025-10-29 14:42:48,20T11961,
2025-10-29 14:42:49,20T11961,
2025-10-29 14:42:51,26C41961,
2025-10-29 14:42:51,20L4961,
2025-10-29 14:43:00,24A19403,
2025-10-29 14:43:02,24A19403,
2025-10-29 14:43:03,24A19403,
2025-10-29 14:43:05,24A19403,
2025-10-29 14:43:05,24A19403,
2025-10-29 14:43:06,24A19403,
2025-10-29 14:43:07,24A19403,
2025-10-29 14:43:07,24A19403,
2025-10-29 14:43:07,24A19403,
2025-10-29 14:43:08,24A19403,
2025-10-29 14:43:09,24A19403,
2025-10-29 14:43:10,24A19403,
2025-10-29 14:43:10,24A19403,
2025-10-29 14:43:11,24A19403,
2025-10-29 14:43:11,24A19403,
2025-10-29 14:43:12,24A19403,
2025-10-29 14:43:12,24A19403,
2025-10-29 14:43:13,24A19403,
2025-10-29 14:43:13,24A19403,
2025-10-29 14:43:14,24A19403,
2025-10-29 14:43:14,24A19403,
2025-10-29 14:43:14,24A194031,
2025-10-29 14:43:15,24A19403,
2025-10-29 14:43:15,24A19403,
2025-10-29 14:43:15,24A19403,
2025-10-29 14:43:16,24A19403,
2025-10-29 14:43:16,24A19403,
2025-10-29 14:43:17,24A19403,
2025-10-29 14:43:17,24A19403,
2025-10-29 14:43:17,24A19403,
2025-10-29 14:43:18,24A19403,
2025-10-29 14:43:18,24A19403,
2025-10-29 14:43:18,24A19403,
2025-10-29 14:43:19,24A19403,
2025-10-29 14:43:19,24A19403,
2025-10-29 14:43:20,24A19403,
2025-10-29 14:43:20,24A19403,
2025-10-29 14:43:20,24A1901,
2025-10-29 14:44:00,24A23185,
2025-10-29 14:44:01,24A23185,
2025-10-29 14:44:01,24A23185,
2025-10-29 14:44:02,24A23185,
2025-10-29 14:44:03,24A23185,
2025-10-29 14:44:03,24A23185,
2025-10-29 14:44:04,24A23185,
2025-10-29 14:44:05,24A23185,
2025-10-29 14:44:06,24A23185,
2025-10-29 14:44:06,24A23185,
2025-10-29 14:44:07,24A23185,
2025-10-29 14:44:07,24A23185,
2025-10-29 14:44:08,24A23185,
2025-10-29 14:44:09,24A23185,
2025-10-29 14:44:10,24A23185,
2025-10-29 14:44:11,24A23185,
2025-10-29 14:44:11,24A23185,
2025-10-29 14:44:12,24A23185,
2025-10-29 14:44:13,24A23185,
2025-10-29 14:44:13,24A23185,
2025-10-29 14:44:14,24A23185,
2025-10-29 14:44:15,24A23185,
2025-10-29 14:44:16,24A23185,
2025-10-29 14:44:16,24A23185,
2025-10-29 14:44:16,24A23185,
2025-10-29 14:44:17,24A23185,
2025-10-29 14:44:17,24A23185,
2025-10-29 14:44:18,24A23185,
2025-10-29 14:44:18,24A23185,
2025-10-29 14:44:19,24A23185,
2025-10-29 14:44:19,24A23185,
2025-10-29 14:44:20,24A23185,
2025-10-29 14:44:20,24A23185,
2025-10-29 14:44:20,24A23185,
2025-10-29 14:44:21,24A23185,
2025-10-29 14:44:21,24A23185,
2025-10-29 14:44:22,24A23185,
2025-10-29 14:44:22,24A23185,
2025-10-29 14:44:23,24A23185,
2025-10-29 14:44:23,24A23185,
2025-10-29 14:44:24,24A23185,
2025-10-29 14:44:24,24A23185,
2025-10-29 14:44:25,24A23185,
2025-10-29 14:44:25,24A23185,
2025-10-29 14:44:26,24A23185,
2025-10-29 14:44:26,24A23185,
2025-10-29 14:44:27,24A23185,
2025-10-29 14:44:27,24A23185,
2025-10-29 14:44:28,24A23185,
2025-10-29 14:44:28,24A23185,
2025-10-29 14:44:29,24A23185,
2025-10-29 14:44:29,24A23185,
2025-10-29 14:44:39,24A10744,
2025-10-29 14:44:39,24A10744,
2025-10-29 14:44:40,24A10744,
2025-10-29 14:44:43,24810744,
2025-10-29 14:44:44,2081074,
2025-10-29 14:44:44,1010744,
2025-10-29 14:45:05,24A19039,
2025-10-29 14:45:06,24A19039,
2025-10-29 14:45:07,24A19088,
2025-10-29 14:45:08,24A19089,
2025-10-29 14:45:08,24A1908,
2025-10-29 14:45:15,24A07015,
2025-10-29 14:45:16,24A07015,
2025-10-29 14:45:16,20A07015,
2025-10-29 14:45:17,24A07015,
2025-10-29 14:45:18,24A07015,
2025-10-29 14:45:18,20A07015,
2025-10-29 14:45:19,20A07015,
2025-10-29 14:45:20,24A07015,
2025-10-29 14:45:20,24A07015,
2025-10-29 14:45:21,24A07015,
2025-10-29 14:45:22,24A07015,
2025-10-29 14:45:22,24A07015,
2025-10-29 14:45:23,24A07015,
2025-10-29 14:45:24,24A07015,
2025-10-29 14:45:24,24A07015,
2025-10-29 14:45:25,24A07015,
2025-10-29 14:45:26,24A07015,
2025-10-29 14:45:26,24A07015,
2025-10-29 14:45:27,24A07015,
2025-10-29 14:45:28,24A13799,
2025-10-29 14:45:29,24A13799,
2025-10-29 14:45:30,24A13799,
2025-10-29 14:45:31,24A13799,
2025-10-29 14:45:32,74A07015,
2025-10-29 14:45:32,24A13799,
2025-10-29 14:45:33,24A13799,
2025-10-29 14:45:34,24A13799,
2025-10-29 14:45:35,24A13799,
2025-10-29 14:45:36,24A13799,
2025-10-29 14:45:37,20A07015,
2025-10-29 14:45:38,24A07015,
2025-10-29 14:45:38,24A07015,
2025-10-29 14:45:39,24A07015,
2025-10-29 14:45:40,24A07015,
2025-10-29 14:45:41,24A07015,
2025-10-29 14:45:41,24A07015,
2025-10-29 14:45:41,24A07015,
2025-10-29 14:45:42,24A07015,
2025-10-29 14:45:43,24A07015,
2025-10-29 14:45:43,24A07015,
2025-10-29 14:45:44,24A07015,
2025-10-29 14:45:44,24A07015,
2025-10-29 14:45:45,24A07015,
2025-10-29 14:45:46,24A07015,
2025-10-29 14:45:47,24P45918,
2025-10-29 14:45:47,24P475918,
2025-10-29 14:45:48,24P475918,
2025-10-29 14:45:48,24P45919,
2025-10-29 14:45:49,24P45919,
2025-10-29 14:45:50,24P45919,
2025-10-29 14:45:50,24P45919,
2025-10-29 14:45:51,24P45919,
2025-10-29 14:45:51,24745911,
2025-10-29 14:45:52,24745911,
2025-10-29 14:45:52,24745971,
2025-10-29 14:45:53,2445978,
2025-10-29 14:45:53,247475970,
2025-10-29 14:45:54,247475970,
2025-10-29 14:45:55,24747590,
2025-10-29 14:45:55,20495978,
2025-10-29 14:45:56,24745978,
2025-10-29 14:45:57,24745978,
2025-10-29 14:45:57,2445973,
2025-10-29 14:45:58,240475973,
2025-10-29 14:45:58,240245978,
2025-10-29 14:45:58,240245978,
2025-10-29 14:45:59,245245978,
2025-10-29 14:45:59,245245978,
2025-10-29 14:46:00,247475978,
2025-10-29 14:46:00,20745918,
2025-10-29 14:46:01,20745918,
2025-10-29 14:46:30,25P37228,
2025-10-29 14:46:30,26P37228,
2025-10-29 14:46:31,24P37228,
2025-10-29 14:46:31,24P37228,
2025-10-29 14:46:32,24P37228,
2025-10-29 14:46:33,24P37228,
2025-10-29 14:46:33,24P37228,
2025-10-29 14:46:34,24P37228,
2025-10-29 14:46:34,24P37228,
2025-10-29 14:46:35,24P37228,
2025-10-29 14:46:35,24P37228,
2025-10-29 14:46:36,24P37228,
2025-10-29 14:46:36,24P37228,
2025-10-29 14:46:37,24P37228,
2025-10-29 14:46:38,24P37228,
2025-10-29 14:46:39,23P37228,
2025-10-29 14:46:40,24P37228,
2025-10-29 14:46:42,24P37228,
2025-10-29 14:46:54,240179161,
2025-10-29 14:46:55,240179161,
2025-10-29 14:46:55,2401079161,
2025-10-29 14:46:56,248179161,
2025-10-29 14:46:57,248179161,
2025-10-29 14:46:57,248179161,
2025-10-29 14:46:57,248179161,
2025-10-29 14:46:58,20179151,
2025-10-29 14:46:58,281079161,
2025-10-29 14:46:59,2481079151,
2025-10-29 14:46:59,28179161,
2025-10-29 14:47:00,2481079161,
2025-10-29 14:47:00,2481079161,
2025-10-29 14:47:00,2481079161,
2025-10-29 14:47:01,281079161,
2025-10-29 14:47:01,28179161,
2025-10-29 14:47:02,21E819161,
2025-10-29 14:47:02,201079161,
2025-10-29 14:47:03,21E31961,
2025-10-29 14:47:04,21E31961,
2025-10-29 14:47:04,81D79161,
2025-10-29 14:47:05,0179161,
2025-10-29 14:47:06,00NT79161,
2025-10-29 14:47:07,279161,
2025-10-29 14:47:08,2879161,
2025-10-29 14:47:09,2481779151,
2025-10-29 14:47:09,2481779151,
2025-10-29 14:47:10,243179151,
2025-10-29 14:47:13,20179161,
2025-10-29 14:47:22,15C15945,
2025-10-29 14:47:23,19C15944,
2025-10-29 14:47:24,19G1594,
2025-10-29 14:47:24,19G1594,
2025-10-29 14:47:26,19C15944,
2025-10-29 14:47:27,19C15944,
2025-10-29 14:47:29,19C15944,
2025-10-29 14:47:30,19C15944,
2025-10-29 14:47:30,19C15944,
2025-10-29 14:47:32,19C15944,
2025-10-29 14:47:32,19C15944,
2025-10-29 14:47:33,19C15944,
2025-10-29 14:47:34,19C15944,
2025-10-29 14:47:36,19H53000,
2025-10-29 14:47:37,19H53000,
2025-10-29 14:47:37,19H53000,
2025-10-29 14:47:38,19H53000,
2025-10-29 14:47:38,19H53000,
2025-10-29 14:47:39,19H53080,
2025-10-29 14:47:39,19H53080,
2025-10-29 14:47:40,19H53080,
2025-10-29 14:47:41,19H53080,
2025-10-29 14:47:41,19H53080,
2025-10-29 14:47:42,19H53080,
2025-10-29 14:47:43,19H53000,
2025-10-29 14:47:43,19H53980,
2025-10-29 14:47:44,19H53980,
2025-10-29 14:47:44,19H53000,
2025-10-29 14:47:45,19H53080,
2025-10-29 14:47:46,19H53900,
2025-10-29 14:47:46,19H53000,
2025-10-29 14:47:47,19H53080,
2025-10-29 14:47:47,19H53080,
2025-10-29 14:47:48,19H53080,
2025-10-29 14:47:49,19H53000,
2025-10-29 14:47:49,19H53900,
2025-10-29 14:47:50,19H53900,
2025-10-29 14:47:50,19H53900,
2025-10-29 14:47:51,19HS3900,
2025-10-29 14:47:52,19H53900,
2025-10-29 14:48:12,260114265,
2025-10-29 14:48:13,260114265,
2025-10-29 14:48:13,260114265,
2025-10-29 14:48:14,2601714265,
2025-10-29 14:48:14,260114265,
2025-10-29 14:48:15,260114265,
2025-10-29 14:48:15,260114265,
2025-10-29 14:48:16,240114265,
2025-10-29 14:48:16,240114265,
2025-10-29 14:48:17,240114265,
2025-10-29 14:48:17,240114265,
2025-10-29 14:48:17,2481714265,
2025-10-29 14:48:18,248114265,
2025-10-29 14:48:18,24014265,
2025-10-29 14:48:19,260114265,
2025-10-29 14:48:21,248114265,
2025-10-29 14:48:28,19C18701,
2025-10-29 14:48:28,19C18701,
2025-10-29 14:48:28,19C18701,
2025-10-29 14:48:29,19C18701,
2025-10-29 14:48:29,19C18701,
2025-10-29 14:48:30,19C18701,
2025-10-29 14:49:00,24A02199,
2025-10-29 14:49:00,24A02199,
2025-10-29 14:49:00,24A02199,
2025-10-29 14:49:01,24A02199,
2025-10-29 14:49:01,24A02199,
2025-10-29 14:49:02,24A02199,
2025-10-29 14:49:02,24A02199,
2025-10-29 14:49:03,24A02199,
2025-10-29 14:49:03,24A02199,
2025-10-29 14:49:04,24A02199,
2025-10-29 14:49:05,24A02199,
2025-10-29 14:49:05,24A02199,
2025-10-29 14:49:06,24A02199,
2025-10-29 14:49:07,24A02199,
2025-10-29 14:49:07,24A02199,
2025-10-29 14:49:08,24A02199,
2025-10-29 14:49:08,24A02199,
2025-10-29 14:49:09,24A02199,
2025-10-29 14:49:09,24A02199,
2025-10-29 14:49:10,24A02199,
2025-10-29 14:49:10,24A02199,
2025-10-29 14:49:11,24A02199,
2025-10-29 14:49:12,24A02199,
2025-10-29 14:49:13,24A02199,
2025-10-29 14:49:13,24A02199,
2025-10-29 14:49:14,24A02199,
2025-10-29 14:49:14,24A02199,
2025-10-29 14:49:15,24A02199,
2025-10-29 14:49:15,24A02199,
2025-10-29 14:49:16,24A02199,
2025-10-29 14:49:16,24A02199,
2025-10-29 14:49:17,24A02199,
2025-10-29 14:49:18,24A02199,
2025-10-29 14:49:18,24A02199,
2025-10-29 14:49:19,24A02199,
2025-10-29 14:49:19,24A02199,
2025-10-29 14:49:20,24A02199,
2025-10-29 14:49:20,24A02199,
2025-10-29 14:49:21,24A02199,
2025-10-29 14:49:22,24A02199,
2025-10-29 14:49:22,24A02199,
2025-10-29 14:49:23,24A02199,
2025-10-29 14:49:23,24A02199,
2025-10-29 14:49:24,24A02199,
2025-10-29 14:49:24,24A02199,
2025-10-29 14:49:25,24A02199,
2025-10-29 14:49:26,24A02199,
2025-10-29 14:49:26,24A02199,
2025-10-29 14:49:27,30G07010,
2025-10-29 14:49:28,30G87010,
2025-10-29 14:49:29,30G87010,
2025-10-29 14:49:30,30G87010,
2025-10-29 14:49:31,30G87010,
2025-10-29 14:49:32,24A02199,
2025-10-29 14:49:33,30G87010,
2025-10-29 14:49:34,30G87010,
2025-10-29 14:49:35,30G87010,
2025-10-29 14:49:36,30G87010,
2025-10-29 14:49:38,30G87010,
2025-10-29 14:49:39,30G87010,
2025-10-29 14:49:40,30G87010,
2025-10-29 14:49:41,30G87010,
2025-10-29 14:49:42,30G87010,
2025-10-29 14:49:43,30G87010,
2025-10-29 14:49:44,30G87010,
2025-10-29 14:49:45,30G87010,
2025-10-29 14:49:46,30G87010,
2025-10-29 14:49:46,30G87010,
2025-10-29 14:49:47,30G87010,
2025-10-29 14:49:48,30G87010,
2025-10-29 14:49:49,30G87010,
2025-10-29 14:49:51,30G87010,
2025-10-29 14:49:52,30G87010,
2025-10-29 14:49:53,30G87010,
2025-10-29 14:49:53,30G87010,
2025-10-29 14:49:54,30G87010,
2025-10-29 14:49:55,30G87010,
2025-10-29 14:49:56,30G87010,
2025-10-29 14:49:57,30G87010,
2025-10-29 14:49:59,30G87010,
2025-10-29 14:50:00,30G87010,
2025-10-29 14:50:01,30G87010,
2025-10-29 14:50:02,30G87010,
2025-10-29 14:50:03,30G87010,
2025-10-29 14:50:04,30G87010,
2025-10-29 14:50:05,30G87010,
2025-10-29 14:50:06,30G87010,
2025-10-29 14:50:07,30G87010,
2025-10-29 14:50:09,30G87010,
2025-10-29 14:50:10,30G87010,
2025-10-29 14:50:11,30G87010,
2025-10-29 14:50:12,30G87010,
2025-10-29 14:50:13,24A16999,
2025-10-29 14:50:14,30G87010,
2025-10-29 14:50:15,24A16999,
2025-10-29 14:50:17,24A16999,
2025-10-29 14:50:17,24A16999,
2025-10-29 14:50:18,24A16999,
2025-10-29 14:50:19,24A16999,
2025-10-29 14:50:20,24A16999,
2025-10-29 14:50:21,24A16999,
2025-10-29 14:50:22,24A16999,
2025-10-29 14:50:22,24A16999,
2025-10-29 14:50:23,24A16999,
2025-10-29 14:50:24,24A16999,
2025-10-29 14:50:25,24A16999,
2025-10-29 14:50:26,24A16999,
2025-10-29 14:50:27,24A16999,
2025-10-29 14:50:28,24A16999,
2025-10-29 14:50:29,24A16999,
2025-10-29 14:50:30,24A16999,
2025-10-29 14:50:30,24A16999,
2025-10-29 14:50:32,24A16999,
2025-10-29 14:50:33,24A16999,
2025-10-29 14:50:34,24A16999,
2025-10-29 14:50:35,24A16999,
2025-10-29 14:50:35,24A16999,
2025-10-29 14:50:36,24A16999,
2025-10-29 14:50:37,24A16999,
2025-10-29 14:50:38,30G87010,
2025-10-29 14:50:40,24A16999,
2025-10-29 14:50:41,24A16999,
2025-10-29 14:50:42,24A16999,
2025-10-29 14:50:43,24A16999,
2025-10-29 14:50:43,24A16999,
2025-10-29 14:50:44,24A16999,
2025-10-29 14:50:45,24A16999,
2025-10-29 14:50:46,24A16999,
2025-10-29 14:50:46,24A16999,
2025-10-29 14:50:47,24A16999,
2025-10-29 14:50:47,24A16999,
2025-10-29 14:50:48,24A16999,
2025-10-29 14:50:48,24A16999,
2025-10-29 14:50:49,24A16999,
2025-10-29 14:50:49,24A16999,
2025-10-29 14:50:50,24A16999,
2025-10-29 14:50:50,24A16999,
2025-10-29 14:50:51,24A05799,
2025-10-29 14:50:52,24A16999,
2025-10-29 14:50:52,24A16999,
2025-10-29 14:50:53,24A05799,
2025-10-29 14:50:53,24A05799,
2025-10-29 14:50:54,24A16999,
2025-10-29 14:50:54,24A05799,
2025-10-29 14:50:55,24A05799,
2025-10-29 14:50:55,24A05799,
2025-10-29 14:50:56,24A05799,
2025-10-29 14:50:56,24A05799,
2025-10-29 14:50:56,24A05799,
2025-10-29 14:50:57,24A05799,
2025-10-29 14:50:57,24A05799,
2025-10-29 14:50:58,24A05799,
2025-10-29 14:50:58,24A16999,
2025-10-29 14:50:59,24A05799,
2025-10-29 14:50:59,24A05799,
2025-10-29 14:51:00,24A05799,
2025-10-29 14:51:00,24A05799,
2025-10-29 14:51:01,24A05799,
2025-10-29 14:51:02,24A05799,
2025-10-29 14:51:02,24A05799,
2025-10-29 14:51:03,24A16999,
2025-10-29 14:51:03,24A16999,
2025-10-29 14:51:04,24A169991,
2025-10-29 14:51:04,24A16999,
2025-10-29 14:51:04,24A169991,
2025-10-29 14:51:05,24A169991,
2025-10-29 14:51:05,24A169991,
2025-10-29 14:51:05,24A16999,
2025-10-29 14:51:06,24A16999,
2025-10-29 14:51:06,24A16999,
2025-10-29 14:51:06,24A169991,
2025-10-29 14:51:07,24A16999,
2025-10-29 14:51:07,24A16999,
2025-10-29 14:51:07,24A16999,
2025-10-29 14:51:08,24A16999,
2025-10-29 14:51:08,24A16999,
2025-10-29 14:51:08,24A16999,
2025-10-29 14:51:11,24A23118,
2025-10-29 14:51:12,24A23118,
2025-10-29 14:51:12,24A23118,
2025-10-29 14:51:13,24A23118,
2025-10-29 14:51:13,24A23118,
2025-10-29 14:51:14,24A23118,
2025-10-29 14:51:14,24A23118,
2025-10-29 14:51:15,24A23118,
2025-10-29 14:51:15,24A23118,
2025-10-29 14:51:15,24A23118,
2025-10-29 14:51:16,24A23118,
2025-10-29 14:51:16,24A23118,
2025-10-29 14:51:16,24A23118,
2025-10-29 14:51:17,24A23118,
2025-10-29 14:51:17,24A23118,
2025-10-29 14:51:18,24A23118,
2025-10-29 14:51:18,24A23118,
2025-10-29 14:51:18,24A23118,
2025-10-29 14:51:19,24A23118,
2025-10-29 14:51:19,24A23118,
2025-10-29 14:51:19,24A23118,
2025-10-29 14:51:20,24A23118,
2025-10-29 14:51:20,24A23118,
2025-10-29 14:51:21,24A23118,
2025-10-29 14:51:21,24A23118,
2025-10-29 14:51:21,24A23118,
2025-10-29 14:51:22,24A23118,
2025-10-29 14:51:22,24A23118,
2025-10-29 14:51:22,24A23118,
2025-10-29 14:51:23,24A23118,
2025-10-29 14:51:23,24A23118,
2025-10-29 14:51:24,24A23118,
2025-10-29 14:51:24,24A23118,
2025-10-29 14:51:24,24A23118,
2025-10-29 14:51:25,24A23118,
2025-10-29 14:51:25,24A23118,
2025-10-29 14:51:25,24A23118,
2025-10-29 14:51:26,24A23118,
2025-10-29 14:51:26,24A23118,
2025-10-29 14:51:27,24A23118,
2025-10-29 14:51:27,24A23118,
2025-10-29 14:51:27,24A23118,
2025-10-29 14:51:28,24A23118,
2025-10-29 14:51:28,24A23118,
2025-10-29 14:51:29,24A23118,
2025-10-29 14:51:29,24A23118,
2025-10-29 14:51:29,24A23118,
2025-10-29 14:51:30,24A23118,
2025-10-29 14:51:30,24A23118,
2025-10-29 14:51:30,24A23118,
2025-10-29 14:51:31,24A23118,
2025-10-29 14:51:31,24A23118,
2025-10-29 14:51:32,24A23118,
2025-10-29 14:51:32,24A23118,
2025-10-29 14:51:32,24A23118,
2025-10-29 14:51:33,24A23118,
2025-10-29 14:51:33,24A23118,
2025-10-29 14:51:33,24A23118,
2025-10-29 14:51:34,24A23118,
2025-10-29 14:51:34,24A23118,
2025-10-29 14:51:34,24A23118,
2025-10-29 14:51:35,24A23118,
2025-10-29 14:51:35,24A23118,
2025-10-29 14:51:36,24A23118,
2025-10-29 14:51:36,24A23118,
2025-10-29 14:51:36,24A23118,
2025-10-29 14:51:37,24A23118,
2025-10-29 14:51:37,24A23118,
2025-10-29 14:51:38,24A23118,
2025-10-29 14:51:38,24A23118,
2025-10-29 14:51:38,24A23118,
2025-10-29 14:51:39,24A23118,
2025-10-29 14:51:39,24A23118,
2025-10-29 14:51:40,24A23118,
2025-10-29 14:51:40,24A23118,
2025-10-29 14:51:40,24A23118,
2025-10-29 14:51:41,24A23118,
2025-10-29 14:51:41,24A23118,
2025-10-29 14:51:42,24A23118,
2025-10-29 14:51:42,24A23118,
2025-10-29 14:51:42,24A23118,
2025-10-29 14:51:43,24A23118,
2025-10-29 14:51:43,24A23118,
2025-10-29 14:51:43,24A23118,
2025-10-29 14:51:44,24A23118,
2025-10-29 14:51:44,24A23118,
2025-10-29 14:51:45,24A23118,
2025-10-29 14:51:45,24A23118,
2025-10-29 14:51:50,24B00604,
2025-10-29 14:51:50,24800604,
2025-10-29 14:51:51,24B00604,
2025-10-29 14:51:51,24B00604,
2025-10-29 14:51:51,24B00604,
2025-10-29 14:51:52,24800604,
2025-10-29 14:51:52,24800604,
2025-10-29 14:51:52,22B00609,
2025-10-29 14:51:53,28BJ00608,
2025-10-29 14:51:53,24800604,
2025-10-29 14:51:53,24800604,
2025-10-29 14:51:54,24B00604,
2025-10-29 14:51:54,24B00604,
2025-10-29 14:51:54,24B00604,
2025-10-29 14:51:54,24800604,
2025-10-29 14:51:55,24800604,
2025-10-29 14:51:55,24B00604,
2025-10-29 14:51:55,24800604,
2025-10-29 14:51:56,24800604,
2025-10-29 14:51:56,24B00604,
2025-10-29 14:51:56,24B00604,
2025-10-29 14:51:57,24B00604,
2025-10-29 14:51:57,24B00604,
2025-10-29 14:51:57,24B00604,
2025-10-29 14:51:58,24B00604,
2025-10-29 14:51:58,24B00604,
2025-10-29 14:51:58,24B00604,
2025-10-29 14:51:59,24B00604,
2025-10-29 14:51:59,24B00604,
2025-10-29 14:51:59,24B00604,
2025-10-29 14:51:59,24B00604,
2025-10-29 14:52:00,24B00604,
2025-10-29 14:52:00,24B00604,
2025-10-29 14:52:00,24B00604,
2025-10-29 14:52:01,24B00604,
2025-10-29 14:52:01,24B00604,
2025-10-29 14:52:01,24B00604,
2025-10-29 14:52:02,24B00604,
2025-10-29 14:52:02,24B00604,
2025-10-29 14:52:02,24B00604,
2025-10-29 14:52:02,24B00604,
2025-10-29 14:52:03,24B00604,
2025-10-29 14:52:03,24B00604,
2025-10-29 14:52:03,24B00604,
2025-10-29 14:52:04,24B00604,
2025-10-29 14:52:04,24B00604,
2025-10-29 14:52:04,24B00604,
2025-10-29 14:52:05,24B00604,
2025-10-29 14:52:05,24B00604,
2025-10-29 14:52:05,24B00604,
2025-10-29 14:52:06,24B00604,
2025-10-29 14:52:06,24B00604,
2025-10-29 14:52:06,24B00604,
2025-10-29 14:52:06,24B00604,
2025-10-29 14:52:07,24B00604,
2025-10-29 14:52:07,24B00604,
2025-10-29 14:52:07,24B00604,
2025-10-29 14:52:51,24A13032,
2025-10-29 14:52:52,24A13032,
2025-10-29 14:52:52,24A13032,
2025-10-29 14:52:53,24A13032,
2025-10-29 14:52:53,24A13032,
2025-10-29 14:52:54,24A13032,
2025-10-29 14:52:55,24A13032,
2025-10-29 14:52:55,24A13032,
2025-10-29 14:52:56,24A13032,
2025-10-29 14:52:57,24A13032,
2025-10-29 14:52:58,24A1303,
2025-10-29 14:52:59,24A130,
2025-10-29 14:52:59,24A130,
2025-10-29 14:53:25,5142843,
2025-10-29 14:53:27,21EN142943,
2025-10-29 14:53:28,21EN142943,
2025-10-29 14:53:36,24A06337,
2025-10-29 14:53:37,24A06337,
2025-10-29 14:53:37,24A06337,
2025-10-29 14:53:39,24A06337,
2025-10-29 14:53:41,24A06337,
2025-10-29 14:53:41,24A06337,
2025-10-29 14:53:42,24A06337,
2025-10-29 14:53:43,4006337,
2025-10-29 14:53:56,24C09363,
2025-10-29 14:53:57,24C09363,
2025-10-29 14:53:57,24C09363,
2025-10-29 14:53:58,24C09363,
2025-10-29 14:53:59,24C09363,
2025-10-29 14:54:00,24C09363,
2025-10-29 14:54:00,24C09363,
2025-10-29 14:54:01,24C09363,
2025-10-29 14:54:02,24C09363,
2025-10-29 14:54:03,24C09363,
2025-10-29 14:54:03,24C09363,
2025-10-29 14:54:04,24C09363,
2025-10-29 14:54:04,24C09363,
2025-10-29 14:54:05,24C09363,
2025-10-29 14:54:05,24C09363,
2025-10-29 14:54:06,24C09363,
2025-10-29 14:54:06,2400936,
2025-10-29 14:54:42,20A06317,
2025-10-29 14:54:43,21A06317,
2025-10-29 14:54:43,20A06317,
2025-10-29 14:54:43,20A06317,
2025-10-29 14:54:44,21A06317,
2025-10-29 14:54:44,20A06317,
2025-10-29 14:54:45,21A06317,
2025-10-29 14:54:45,21A06317,
2025-10-29 14:54:46,21A06317,
2025-10-29 14:54:47,21A06317,
2025-10-29 14:54:47,21A06317,
2025-10-29 14:54:48,21A06317,
2025-10-29 14:54:48,21A06317,
2025-10-29 14:54:49,21A06317,
2025-10-29 14:54:50,20A06317,
2025-10-29 14:54:50,21A06317,
2025-10-29 14:54:50,20A06317,
2025-10-29 14:54:51,21A06317,
2025-10-29 14:54:51,21A06317,
2025-10-29 14:54:52,21A06317,
2025-10-29 14:54:52,21A06317,
2025-10-29 14:54:53,21A06317,
2025-10-29 14:54:54,20A06317,
2025-10-29 14:54:54,21A06317,
2025-10-29 14:54:55,20A06317,
2025-10-29 14:54:55,20A06317,
2025-10-29 14:54:56,21A06317,
2025-10-29 14:54:56,21A06317,
2025-10-29 14:54:57,21A06317,
2025-10-29 14:54:57,248232713,
2025-10-29 14:54:57,21A06317,
2025-10-29 14:54:58,21A06317,
2025-10-29 14:54:58,21A06317,
2025-10-29 14:55:00,21A06317,
2025-10-29 14:55:01,21A06317,
2025-10-29 14:55:02,21A06317,
2025-10-29 14:55:03,21A06317,
2025-10-29 14:55:04,21A06317,
2025-10-29 14:55:04,21A06317,
2025-10-29 14:55:05,21A06317,
2025-10-29 14:55:06,21A06317,
2025-10-29 14:55:07,21A06317,
2025-10-29 14:55:08,21A06317,
2025-10-29 14:55:08,21A06317,
2025-10-29 14:55:09,21A06317,
2025-10-29 14:55:10,21A06317,
2025-10-29 14:55:10,21A06317,
2025-10-29 14:55:11,21A06317,
2025-10-29 14:55:12,21A06317,
2025-10-29 14:55:13,21A06317,
2025-10-29 14:55:13,21A06317,
2025-10-29 14:55:14,21A06317,
2025-10-29 14:55:15,21A06317,
2025-10-29 14:55:15,21A06317,
2025-10-29 14:55:16,21A06317,
2025-10-29 14:55:17,21A06317,
2025-10-29 14:55:18,21A06317,
2025-10-29 14:55:18,21A06317,
2025-10-29 14:55:19,21A06317,
2025-10-29 14:55:20,21A06317,
2025-10-29 14:55:21,21A06317,
2025-10-29 14:55:22,21A06317,
2025-10-29 14:55:23,21A06317,
2025-10-29 14:55:24,21A06317,
2025-10-29 14:55:25,21A06317,
2025-10-29 14:55:25,21A06317,
2025-10-29 14:55:26,21A06317,
2025-10-29 14:55:27,21A06317,
2025-10-29 14:55:27,21A06317,
2025-10-29 14:55:28,21A06317,
2025-10-29 14:55:29,24MD125523,
2025-10-29 14:55:31,21A06317,
2025-10-29 14:55:31,24ND125523,
2025-10-29 14:55:32,24ND125523,
2025-10-29 14:55:33,24ND125523,
2025-10-29 14:55:35,24ND125523,
2025-10-29 14:55:35,21A06317,
2025-10-29 14:55:36,24HD125523,
2025-10-29 14:55:36,24HD125523,
2025-10-29 14:55:37,20I25523,
2025-10-29 14:55:38,24M0125523,
2025-10-29 14:55:39,24N0125523,
2025-10-29 14:55:40,24D125523,
2025-10-29 14:55:41,24D125523,
2025-10-29 14:55:44,24D125523,
2025-10-29 14:55:45,24D125523,
2025-10-29 14:55:46,24M0125523,
2025-10-29 14:56:44,60A32034,
2025-10-29 14:57:30,24P43392,
2025-10-29 14:57:31,24P43392,
2025-10-29 14:57:31,24P43392,
2025-10-29 14:57:32,24P43392,
2025-10-29 14:57:33,24P43392,
2025-10-29 14:57:33,24P43392,
2025-10-29 14:57:34,24P43392,
2025-10-29 14:57:34,24P43392,
2025-10-29 14:57:35,24P43392,
2025-10-29 14:57:35,24P43392,
2025-10-29 14:57:36,24P43392,
2025-10-29 14:57:36,24P43392,
2025-10-29 14:57:37,24P43392,
2025-10-29 14:57:37,24P43392,
2025-10-29 14:57:38,24P43392,
2025-10-29 14:57:38,24P43392,
2025-10-29 14:57:39,24P43392,
2025-10-29 14:57:40,24P43392,
2025-10-29 14:57:40,24P43392,
2025-10-29 14:57:41,24P43392,
2025-10-29 14:57:41,24P43392,
2025-10-29 14:57:42,24P43392,
2025-10-29 14:57:42,24P43392,
2025-10-29 14:57:43,24P43392,
2025-10-29 14:57:43,25P43392,
2025-10-29 14:57:44,25P43392,
2025-10-29 14:57:45,24P43392,
2025-10-29 14:57:45,24P43392,
2025-10-29 14:57:46,24P43392,
2025-10-29 14:57:46,24P43392,
2025-10-29 14:57:48,25P43392,
2025-10-29 14:57:49,24P43392,
2025-10-29 14:57:49,24P43392,
2025-10-29 14:57:50,24P43392,
2025-10-29 14:58:17,248114946,
2025-10-29 14:58:17,248114946,
2025-10-29 14:58:18,258114946,
2025-10-29 14:58:18,248114946,
2025-10-29 14:58:18,248114936,
2025-10-29 14:58:19,248114936,
2025-10-29 14:58:19,24B1946,
2025-10-29 14:58:20,20B1796,
2025-10-29 14:58:20,248114946,
2025-10-29 14:58:20,248114946,
2025-10-29 14:58:21,2481714946,
2025-10-29 14:58:21,2481714946,
2025-10-29 14:58:21,24B1196,
2025-10-29 14:58:22,248114946,
2025-10-29 14:58:22,2491714946,
2025-10-29 14:58:23,248114946,
2025-10-29 14:58:23,248114946,
2025-10-29 14:58:23,248114946,
2025-10-29 14:58:24,281713946,
2025-10-29 14:58:24,240114946,
2025-10-29 14:58:25,2431014946,
2025-10-29 14:58:25,2481714946,
2025-10-29 14:58:25,248114946,
2025-10-29 14:58:26,248114946,
2025-10-29 14:58:26,0240114346,
2025-10-29 14:58:27,24B1196,
2025-10-29 14:58:27,2481714946,
2025-10-29 14:58:28,2481714946,
2025-10-29 14:58:28,2481714946,
2025-10-29 14:58:29,24A287,
2025-10-29 14:58:30,24A28743,
2025-10-29 14:58:30,24A28743,
2025-10-29 14:58:30,24A28743,
2025-10-29 14:58:30,24A28743,
2025-10-29 14:58:31,24A28743,
2025-10-29 14:58:31,24A28743,
2025-10-29 14:58:31,24A28743,
2025-10-29 14:58:32,24A28743,
2025-10-29 14:58:32,24A28743,
2025-10-29 14:58:32,24A28743,
2025-10-29 14:58:32,24A28743,
2025-10-29 14:58:33,24A28743,
2025-10-29 14:58:33,24A28743,
2025-10-29 14:58:33,24A28743,
2025-10-29 14:58:34,24A28743,
2025-10-29 14:58:34,24A28743,
2025-10-29 14:58:34,24A28743,
2025-10-29 14:58:34,24A2874,
2025-10-29 14:58:35,24A28743,
2025-10-29 14:58:35,24A28743,
2025-10-29 14:58:35,24A28743,
2025-10-29 14:58:36,24A28743,
2025-10-29 14:58:36,24A28743,
2025-10-29 14:58:36,24A28743,
2025-10-29 14:58:37,24A28743,
2025-10-29 14:58:37,24A28743,
2025-10-29 14:58:37,24A28743,
2025-10-29 14:58:37,24A28743,
2025-10-29 14:58:38,24A28743,
2025-10-29 14:58:38,24A28743,
2025-10-29 14:58:38,24A28743,
2025-10-29 14:58:39,24A28743,
2025-10-29 14:58:39,24A28743,
2025-10-29 14:58:39,24A28743,
2025-10-29 14:58:39,24A28743,
2025-10-29 14:58:40,24A28743,
2025-10-29 14:58:40,24A28743,
2025-10-29 14:58:40,24A28743,
2025-10-29 14:58:41,24A28743,
2025-10-29 14:58:41,24A28743,
2025-10-29 14:58:41,24A28743,
2025-10-29 14:58:42,24A28743,
2025-10-29 14:58:42,24A28743,
2025-10-29 14:58:42,24A28743,
2025-10-29 14:58:43,24A28743,
2025-10-29 14:58:43,24A28743,
2025-10-29 14:58:43,128743,
2025-10-29 14:59:00,26B213644,
2025-10-29 14:59:00,248218644,
2025-10-29 14:59:00,248218644,
2025-10-29 14:59:01,248218844,
2025-10-29 14:59:01,248218844,
2025-10-29 14:59:01,248218844,
2025-10-29 14:59:02,248218844,
2025-10-29 14:59:02,248218864,
2025-10-29 14:59:03,268218864,
2025-10-29 14:59:03,248218864,
2025-10-29 14:59:03,258218844,
2025-10-29 14:59:04,258218844,
2025-10-29 14:59:04,258218844,
2025-10-29 14:59:04,1248218844,
2025-10-29 14:59:05,248218844,
2025-10-29 14:59:05,248218844,
2025-10-29 14:59:05,248218844,
2025-10-29 14:59:06,248218844,
2025-10-29 14:59:06,248218844,
2025-10-29 14:59:08,246218844,
2025-10-29 14:59:08,248218844,
2025-10-29 14:59:09,1248218844,
2025-10-29 14:59:10,1248218844,
2025-10-29 14:59:43,248226189,
2025-10-29 14:59:44,248226189,
2025-10-29 14:59:45,248226189,
2025-10-29 14:59:46,248226189,
2025-10-29 14:59:46,24B226189,
2025-10-29 14:59:47,248226189,
2025-10-29 14:59:47,248226189,
2025-10-29 14:59:48,248226189,
2025-10-29 14:59:48,24B226189,
2025-10-29 14:59:49,24B226189,
2025-10-29 14:59:49,24B226489,
2025-10-29 14:59:50,248226189,
2025-10-29 14:59:50,248226189,
2025-10-29 14:59:51,248226189,
2025-10-29 14:59:52,248226189,
2025-10-29 14:59:53,248226189,
2025-10-29 14:59:54,248226189,
2025-10-29 14:59:54,248226189,
2025-10-29 14:59:55,248226189,
2025-10-29 14:59:57,2482126189,
2025-10-29 14:59:58,2482126189,
2025-10-29 14:59:59,2482126189,
2025-10-29 15:00:00,248226189,
2025-10-29 15:00:02,248226189,
2025-10-29 15:00:03,248226189,
2025-10-29 15:00:36,24C11254,
2025-10-29 15:00:38,24C11254,
2025-10-29 15:00:39,24C11254,
2025-10-29 15:00:39,24C11254,
2025-10-29 15:00:40,24C11254,
2025-10-29 15:00:40,24C11254,
2025-10-29 15:00:41,24C11254,
2025-10-29 15:00:42,24C11254,
2025-10-29 15:00:42,24A08166,
2025-10-29 15:00:43,24A08166,
2025-10-29 15:00:43,24A08166,
2025-10-29 15:00:45,24A08166,
2025-10-29 15:00:46,20A08166,
2025-10-29 15:00:46,20A08166,
2025-10-29 15:00:47,20A08166,
2025-10-29 15:00:48,00A08166,
2025-10-29 15:00:48,24A08166,
2025-10-29 15:00:49,20A08166,
2025-10-29 15:00:50,20A08166,
2025-10-29 15:00:50,24A08166,
2025-10-29 15:00:51,24A08166,
2025-10-29 15:00:51,24A08166,
2025-10-29 15:00:52,24A08166,
2025-10-29 15:00:52,24A08166,
2025-10-29 15:00:53,24A08166,
2025-10-29 15:00:53,24A08166,
2025-10-29 15:00:54,24A08166,
2025-10-29 15:00:55,24A08166,
2025-10-29 15:00:56,24A08166,
2025-10-29 15:00:56,24A08166,
2025-10-29 15:00:57,24A08166,
2025-10-29 15:00:57,24A08166,
2025-10-29 15:00:58,24A08166,
2025-10-29 15:00:59,24A08166,
2025-10-29 15:00:59,24A08166,
2025-10-29 15:01:00,24A08166,
2025-10-29 15:01:01,24A08166,
2025-10-29 15:01:01,24A08166,
2025-10-29 15:01:02,24A08166,
2025-10-29 15:01:03,24A08166,
2025-10-29 15:01:03,24A08166,
2025-10-29 15:01:04,24A08166,
2025-10-29 15:01:05,24A08166,
2025-10-29 15:01:05,24A08166,
2025-10-29 15:01:06,74A08166,
2025-10-29 15:01:07,24A08166,
2025-10-29 15:01:08,24A08166,
2025-10-29 15:01:09,24A08166,
2025-10-29 15:01:10,24A08166,
2025-10-29 15:01:10,24A08166,
2025-10-29 15:01:10,24A08166,
2025-10-29 15:01:11,24A08166,
2025-10-29 15:01:12,24A08166,
2025-10-29 15:01:13,24A08166,
2025-10-29 15:01:13,24A08166,
2025-10-29 15:01:14,24A08166,
2025-10-29 15:01:15,24AL08166,
2025-10-29 15:01:15,24A08166,
2025-10-29 15:01:16,24A08166,
2025-10-29 15:01:16,24A08166,
2025-10-29 15:01:17,24A08166,
2025-10-29 15:01:17,24A08166,
2025-10-29 15:01:18,24A08166,
2025-10-29 15:01:18,24A08166,
2025-10-29 15:01:19,24A08166,
2025-10-29 15:01:19,24A08166,
2025-10-29 15:01:20,26A15577,
2025-10-29 15:01:21,26A15577,
2025-10-29 15:01:21,26A15577,
2025-10-29 15:01:21,26A15577,
2025-10-29 15:01:22,26A15577,
2025-10-29 15:01:22,26A15577,
2025-10-29 15:01:22,26A15577,
2025-10-29 15:01:23,26A15577,
2025-10-29 15:01:23,26A15577,
2025-10-29 15:01:24,26A15577,
2025-10-29 15:01:24,26A15577,
2025-10-29 15:01:24,26A15577,
2025-10-29 15:01:25,26A15577,
2025-10-29 15:01:25,26A15577,
2025-10-29 15:01:25,26A15577,
2025-10-29 15:01:26,26A15577,
2025-10-29 15:01:26,26A15577,
2025-10-29 15:01:27,26A15577,
2025-10-29 15:01:27,26A15577,
2025-10-29 15:01:27,26A15577,
2025-10-29 15:01:28,26A15577,
2025-10-29 15:01:28,26A15577,
2025-10-29 15:01:28,26A15577,
2025-10-29 15:01:29,26A15577,
2025-10-29 15:01:29,26A15577,
2025-10-29 15:01:30,26A15577,
2025-10-29 15:01:30,26A15577,
2025-10-29 15:01:30,26A15577,
2025-10-29 15:01:31,26A15577,
2025-10-29 15:01:31,26A15577,
2025-10-29 15:01:31,26A15577,
2025-10-29 15:01:32,26A15577,
2025-10-29 15:01:32,26A15577,
2025-10-29 15:01:32,26A15577,
2025-10-29 15:01:33,26A15577,
2025-10-29 15:01:33,26A15577,
2025-10-29 15:01:33,26A15577,
2025-10-29 15:01:34,26A15577,
2025-10-29 15:01:34,26A15577,
2025-10-29 15:01:35,26A15577,
2025-10-29 15:01:35,26A15577,
2025-10-29 15:01:35,26A15577,
2025-10-29 15:01:36,26A15577,
2025-10-29 15:01:36,26A15577,
2025-10-29 15:01:37,26A15577,
2025-10-29 15:01:37,26A15577,
2025-10-29 15:01:38,26A15577,
2025-10-29 15:01:39,26A15577,
2025-10-29 15:01:39,26A15577,
2025-10-29 15:01:40,26A15577,
2025-10-29 15:01:41,26A15577,
2025-10-29 15:01:42,26A15577,
2025-10-29 15:02:52,24H02264,
2025-10-29 15:02:53,24H02264,
2025-10-29 15:02:53,24H02264,
2025-10-29 15:02:54,24H02264,
2025-10-29 15:02:54,24H02264,
2025-10-29 15:02:55,24H02264,
2025-10-29 15:02:55,24H02264,
2025-10-29 15:02:56,24H02264,
2025-10-29 15:02:56,24H02264,
2025-10-29 15:02:56,24H02264,
2025-10-29 15:02:57,24H02264,
2025-10-29 15:02:58,24H02264,
2025-10-29 15:02:58,24H02264,
2025-10-29 15:02:58,24H02264,
2025-10-29 15:02:59,24H02264,
2025-10-29 15:03:00,24H02264,
2025-10-29 15:03:00,24H02264,
2025-10-29 15:03:01,24H02264,
2025-10-29 15:03:02,24H02264,
2025-10-29 15:03:03,24H02264,
2025-10-29 15:03:04,24H02264,
2025-10-29 15:03:05,24H02264,
2025-10-29 15:03:05,24H02264,
2025-10-29 15:03:06,24H02264,
2025-10-29 15:03:07,24H02264,
2025-10-29 15:03:08,24H02264,
2025-10-29 15:03:08,24H02264,
2025-10-29 15:03:09,24H02264,
2025-10-29 15:03:10,24H02264,
2025-10-29 15:03:10,24H02264,
2025-10-29 15:03:12,24H02264,
2025-10-29 15:03:13,24H02264,
2025-10-29 15:03:13,24A19572,
2025-10-29 15:03:14,24A19572,
2025-10-29 15:03:15,24H02264,
2025-10-29 15:03:15,24H02264,
2025-10-29 15:03:16,24A119572,
2025-10-29 15:03:17,24H02264,
2025-10-29 15:03:18,24H02264,
2025-10-29 15:03:19,24H02264,
2025-10-29 15:03:20,24H02264,
2025-10-29 15:03:21,24A19572,
2025-10-29 15:03:22,24A119572,
2025-10-29 15:03:22,24A19572,
2025-10-29 15:03:23,24A19572,
2025-10-29 15:03:24,24A19572,
2025-10-29 15:03:25,24A19572,
2025-10-29 15:03:25,24A19572,
2025-10-29 15:03:26,24A19572,
2025-10-29 15:03:26,24A19572,
2025-10-29 15:03:27,24AC19572,
2025-10-29 15:03:27,24AC19572,
2025-10-29 15:03:28,24A19572,
2025-10-29 15:03:28,24A19572,
2025-10-29 15:03:29,24A19572,
2025-10-29 15:03:29,24A19572,
2025-10-29 15:03:30,24A19572,
2025-10-29 15:03:31,24A19572,
2025-10-29 15:03:31,24A19572,
2025-10-29 15:03:31,24A19572,
2025-10-29 15:03:32,24A19572,
2025-10-29 15:03:32,24A19572,
2025-10-29 15:03:33,24A19572,
2025-10-29 15:03:33,24A19572,
2025-10-29 15:03:34,24A19572,
2025-10-29 15:03:34,24A19572,
2025-10-29 15:03:35,24A19572,
2025-10-29 15:03:35,24A19572,
2025-10-29 15:03:36,24A19572,
2025-10-29 15:03:37,24A19572,
2025-10-29 15:03:37,24A19572,
2025-10-29 15:03:38,24A19572,
2025-10-29 15:03:39,24A19572,
2025-10-29 15:03:39,24A19572,
2025-10-29 15:03:40,24A19572,
2025-10-29 15:03:41,24A19572,
2025-10-29 15:03:42,24A19572,
2025-10-29 15:03:42,24A19572,
2025-10-29 15:03:43,24A19572,
2025-10-29 15:03:44,24A19572,
2025-10-29 15:03:44,24A19572,
2025-10-29 15:03:45,24A19572,
2025-10-29 15:03:46,24A19572,
2025-10-29 15:03:47,24A19572,
2025-10-29 15:03:47,24A19572,
2025-10-29 15:03:48,24A19572,
2025-10-29 15:03:49,24A19572,
2025-10-29 15:03:49,24A19572,
2025-10-29 15:03:49,24A19572,
2025-10-29 15:03:50,24A19572,
2025-10-29 15:03:51,24A19572,
2025-10-29 15:03:52,24A19572,
2025-10-29 15:03:52,24A19572,
2025-10-29 15:03:53,24A19572,
2025-10-29 15:03:53,24A19572,
2025-10-29 15:03:54,24A19572,
2025-10-29 15:03:54,24A19572,
2025-10-29 15:03:55,24A19572,
2025-10-29 15:03:55,24A19572,
2025-10-29 15:03:55,24A19572,
2025-10-29 15:03:56,24A19572,
2025-10-29 15:03:57,24A19572,
2025-10-29 15:03:57,24A19572,
2025-10-29 15:03:58,24A19572,
2025-10-29 15:03:59,24A19572,
2025-10-29 15:03:59,24A19572,
2025-10-29 15:04:00,24A19572,
2025-10-29 15:04:00,24A19572,
2025-10-29 15:04:00,24A19572,
2025-10-29 15:04:01,24A19576,
2025-10-29 15:04:01,24A19576,
2025-10-29 15:04:55,24A09989,
2025-10-29 15:04:56,24A08989,
2025-10-29 15:04:57,24A08989,
2025-10-29 15:04:58,24A08989,
2025-10-29 15:04:59,24A08989,
2025-10-29 15:04:59,24A08989,
2025-10-29 15:05:00,24A08989,
2025-10-29 15:05:01,24A08989,
2025-10-29 15:05:01,24A68680,
2025-10-29 15:05:02,24A08989,
2025-10-29 15:05:03,24A08989,
2025-10-29 15:05:03,24A08989,
2025-10-29 15:05:04,24A68680,
2025-10-29 15:05:04,24A68680,
2025-10-29 15:05:05,24A68680,
2025-10-29 15:05:05,24A08989,
2025-10-29 15:05:06,24A68680,
2025-10-29 15:05:07,24A68680,
2025-10-29 15:05:08,24A08989,
2025-10-29 15:05:09,24A08989,
2025-10-29 15:05:10,24A68680,
2025-10-29 15:05:10,24A68680,
2025-10-29 15:05:11,24A68680,
2025-10-29 15:05:12,24A68680,
2025-10-29 15:05:12,24A68680,
2025-10-29 15:05:13,24A68680,
2025-10-29 15:05:14,24A68680,
2025-10-29 15:05:14,24A68680,
2025-10-29 15:05:15,24A68680,
2025-10-29 15:05:15,24A08989,
2025-10-29 15:05:16,24A68680,
2025-10-29 15:05:17,24A08989,
2025-10-29 15:05:18,24A08989,
2025-10-29 15:05:18,24A68680,
2025-10-29 15:05:18,24A68680,
2025-10-29 15:05:19,24A68680,
2025-10-29 15:05:19,24A68680,
2025-10-29 15:05:20,24A68680,
2025-10-29 15:05:21,24A08989,
2025-10-29 15:05:21,24A68680,
2025-10-29 15:05:22,24A68680,
2025-10-29 15:05:23,24A68680,
2025-10-29 15:05:23,24A68680,
2025-10-29 15:05:24,24A68680,
2025-10-29 15:05:24,24A68680,
2025-10-29 15:05:57,24C1048,
2025-10-29 15:05:57,24C14048,
2025-10-29 15:05:58,24C14048,
2025-10-29 15:05:58,24C14048,
2025-10-29 15:05:59,24C14048,
2025-10-29 15:06:00,24C14048,
2025-10-29 15:06:00,24C14048,
2025-10-29 15:06:01,24C14048,
2025-10-29 15:06:02,24C14048,
2025-10-29 15:06:02,24C14048,
2025-10-29 15:06:03,24C14048,
2025-10-29 15:06:03,24C14048,
2025-10-29 15:06:04,24C14048,
2025-10-29 15:06:04,24C14048,
2025-10-29 15:06:05,24C14048,
2025-10-29 15:06:05,24C14048,
2025-10-29 15:06:06,24C14048,
2025-10-29 15:06:07,24C14048,
2025-10-29 15:06:07,24C14048,
2025-10-29 15:06:07,24C14048,
2025-10-29 15:06:08,24C14048,
2025-10-29 15:06:08,24C14048,
2025-10-29 15:06:09,24C14048,
2025-10-29 15:06:09,24C14048,
2025-10-29 15:06:10,24C14048,
2025-10-29 15:06:10,24C14048,
2025-10-29 15:06:10,24C14048,
2025-10-29 15:06:11,24C14048,
2025-10-29 15:06:11,24C14048,
2025-10-29 15:06:12,24C14048,
2025-10-29 15:06:12,24C14048,
2025-10-29 15:06:13,24C14048,
2025-10-29 15:06:13,24C14048,
2025-10-29 15:06:14,24C14048,
2025-10-29 15:06:15,24C14048,
2025-10-29 15:06:15,24C14048,
2025-10-29 15:06:16,24C14048,
2025-10-29 15:06:16,24C14048,
2025-10-29 15:06:17,24C14048,
2025-10-29 15:06:18,24C14048,
2025-10-29 15:06:18,24C14048,
2025-10-29 15:06:19,24C14048,
2025-10-29 15:06:19,24C14048,
2025-10-29 15:06:20,24C14048,
2025-10-29 15:06:20,24C14048,
2025-10-29 15:06:21,24C14048,
2025-10-29 15:06:22,24C14048,
2025-10-29 15:06:22,24C14048,
2025-10-29 15:06:23,24C14048,
2025-10-29 15:06:23,24C14048,
2025-10-29 15:06:24,24C14048,
2025-10-29 15:06:25,24C14048,
2025-10-29 15:06:26,24C14048,
2025-10-29 15:06:26,24C14048,
2025-10-29 15:06:27,24C14048,
2025-10-29 15:06:27,24C14048,
2025-10-29 15:06:28,24C14048,
2025-10-29 15:06:28,24C14048,
2025-10-29 15:06:28,24C14040,
2025-10-29 15:06:29,21J9809,
2025-10-29 15:06:30,21S9809,
2025-10-29 15:06:30,2139809,
2025-10-29 15:06:30,2139809,
2025-10-29 15:06:30,27119809,
2025-10-29 15:06:31,2119809,
2025-10-29 15:06:31,74119809,
2025-10-29 15:06:31,214988,
2025-10-29 15:06:32,20119809,
2025-10-29 15:06:32,098109,
2025-10-29 15:06:33,20119809,
2025-10-29 15:06:33,20119809,
2025-10-29 15:06:34,20119809,
2025-10-29 15:06:35,20119809,
2025-10-29 15:06:36,20119809,
2025-10-29 15:06:36,2119809,
2025-10-29 15:06:37,2119809,
2025-10-29 15:06:38,2119809,
2025-10-29 15:06:38,2119809,
2025-10-29 15:06:38,2119809,
2025-10-29 15:06:39,2119809,
2025-10-29 15:06:39,0019809,
2025-10-29 15:06:40,01D19809,
2025-10-29 15:06:41,20D19809,
2025-10-29 15:06:41,039809,
2025-10-29 15:06:42,039809,
2025-10-29 15:06:42,271019809,
2025-10-29 15:06:43,20119809,
2025-10-29 15:06:44,2119809,
2025-10-29 15:06:45,29119809,
2025-10-29 15:06:45,21D19809,
2025-10-29 15:06:46,2119809,
2025-10-29 15:06:47,22019809,
2025-10-29 15:06:49,75119009,
2025-10-29 15:06:51,44C6688,
2025-10-29 15:06:53,24C6688,
2025-10-29 15:07:06,248143712,
2025-10-29 15:07:07,248143712,
2025-10-29 15:07:09,248143712,
2025-10-29 15:07:09,248143712,
2025-10-29 15:07:10,248143712,
2025-10-29 15:07:11,248143712,
2025-10-29 15:07:11,248143712,
2025-10-29 15:07:12,248143712,
2025-10-29 15:07:13,248143712,
2025-10-29 15:07:14,24B143712,
2025-10-29 15:07:14,248143712,
2025-10-29 15:07:15,248143712,
2025-10-29 15:07:17,24D1012,
2025-10-29 15:07:17,74B103712,
2025-10-29 15:07:19,248143712,
2025-10-29 15:07:19,240143712,
2025-10-29 15:07:20,248143712,
2025-10-29 15:08:29,24H821000,
2025-10-29 15:08:29,24H821000,
2025-10-29 15:08:30,24HB21889,
2025-10-29 15:08:30,24HB21889,
2025-10-29 15:08:31,24HB21889,
2025-10-29 15:08:32,24HB21889,
2025-10-29 15:08:32,24HB21889,
2025-10-29 15:08:33,24HB21889,
2025-10-29 15:08:34,24HB21889,
2025-10-29 15:08:35,24H821889,
2025-10-29 15:08:35,24H821889,
2025-10-29 15:08:36,24H821889,
2025-10-29 15:08:36,24H821889,
2025-10-29 15:08:37,24HB21889,
2025-10-29 15:08:37,24H821889,
2025-10-29 15:08:38,24H821889,
2025-10-29 15:08:38,24HB21889,
2025-10-29 15:08:39,24HB21889,
2025-10-29 15:08:40,24HB21889,
2025-10-29 15:08:40,24HB21889,
2025-10-29 15:08:41,24HB21889,
2025-10-29 15:08:41,24HB21889,
2025-10-29 15:08:42,24HB21889,
2025-10-29 15:08:42,24H821889,
2025-10-29 15:08:43,24H821889,
2025-10-29 15:08:44,24H821889,
2025-10-29 15:08:44,24HB21889,
2025-10-29 15:08:45,24H821889,
2025-10-29 15:08:45,24H821889,
2025-10-29 15:08:46,24H821889,
2025-10-29 15:08:46,24H821889,
2025-10-29 15:08:47,24H821889,
2025-10-29 15:08:48,24H821889,
2025-10-29 15:08:49,24H821889,
2025-10-29 15:08:50,24H821089,
2025-10-29 15:08:52,24H821889,
2025-10-29 15:08:55,24A3264,
2025-10-29 15:08:56,24A3264,
2025-10-29 15:08:56,24A13264,
2025-10-29 15:08:57,24A13264,
2025-10-29 15:08:58,24A13264,
2025-10-29 15:08:58,24A13264,
2025-10-29 15:08:59,24A13264,
2025-10-29 15:08:59,24A13264,
2025-10-29 15:09:00,24A13264,
2025-10-29 15:09:00,24A13264,
2025-10-29 15:09:01,24A13264,
2025-10-29 15:09:01,24A13264,
2025-10-29 15:09:02,24A13264,
2025-10-29 15:09:03,24A13264,
2025-10-29 15:09:03,24A13264,
2025-10-29 15:09:03,24A13264,
2025-10-29 15:09:04,24A13264,
2025-10-29 15:09:04,24A13264,
2025-10-29 15:09:05,24A13264,
2025-10-29 15:09:05,24A13264,
2025-10-29 15:09:06,24A1326,
2025-10-29 15:09:40,24A13799,
2025-10-29 15:09:40,24A13799,
2025-10-29 15:09:41,24A13799,
2025-10-29 15:09:42,24A13799,
2025-10-29 15:09:43,24A13799,
2025-10-29 15:09:43,24A13799,
2025-10-29 15:09:44,24A13799,
2025-10-29 15:09:44,24A13799,
2025-10-29 15:09:44,24A13799,
2025-10-29 15:09:45,24A13799,
2025-10-29 15:09:46,24A13799,
2025-10-29 15:09:46,24A13799,
2025-10-29 15:09:47,24A13799,
2025-10-29 15:09:47,24A13799,
2025-10-29 15:09:47,24A13799,
2025-10-29 15:09:48,24A13799,
2025-10-29 15:09:49,24A13799,
2025-10-29 15:09:49,24A13799,
2025-10-29 15:09:50,24A13799,
2025-10-29 15:09:51,24A13799,
2025-10-29 15:09:51,24A13799,
2025-10-29 15:09:52,24A13799,
2025-10-29 15:09:52,24A13799,
2025-10-29 15:09:53,24A13799,
2025-10-29 15:09:54,24A13799,
2025-10-29 15:09:54,24A13799,
2025-10-29 15:09:54,24A13799,
2025-10-29 15:09:55,24A13799,
2025-10-29 15:09:55,24A13799,
2025-10-29 15:09:56,24A13799,
2025-10-29 15:09:56,24A13799,
2025-10-29 15:09:57,24A13799,
2025-10-29 15:09:58,24A13799,
2025-10-29 15:09:58,24A13799,
2025-10-29 15:09:59,24A13799,
2025-10-29 15:09:59,24A13799,
2025-10-29 15:10:00,24A13799,
2025-10-29 15:10:00,24A13700,
2025-10-29 15:10:14,70122568,
2025-10-29 15:10:14,20122566,
2025-10-29 15:10:15,70122566,
2025-10-29 15:10:15,2122556,
2025-10-29 15:10:16,12122556,
2025-10-29 15:10:16,21122566,
2025-10-29 15:10:17,21122566,
2025-10-29 15:10:18,257122566,
2025-10-29 15:10:18,1251122566,
2025-10-29 15:10:18,21122566,
2025-10-29 15:10:19,27122566,
2025-10-29 15:10:19,237122566,
2025-10-29 15:10:20,241122566,
2025-10-29 15:10:20,241122566,
2025-10-29 15:10:21,241122566,
2025-10-29 15:10:22,241122566,
2025-10-29 15:10:22,124Y122566,
2025-10-29 15:10:23,21122566,
2025-10-29 15:10:23,21122566,
2025-10-29 15:10:24,21122566,
2025-10-29 15:10:24,20122565,
2025-10-29 15:10:25,230122565,
2025-10-29 15:10:26,241122565,
2025-10-29 15:10:27,2411225655,
2025-10-29 15:10:27,2411225665,
2025-10-29 15:10:28,24Y122566,
2025-10-29 15:10:28,24Y122566,
2025-10-29 15:10:29,24Y122566,
2025-10-29 15:10:29,24Y122566,
2025-10-29 15:10:30,24Y122566,
2025-10-29 15:10:30,24122566,
2025-10-29 15:10:31,2457122566,
2025-10-29 15:10:32,2457122566,
2025-10-29 15:10:32,24Y122566,
2025-10-29 15:10:33,2451122566,
2025-10-29 15:10:34,2451122566,
2025-10-29 15:10:34,24Y122566,
2025-10-29 15:10:35,24Y122566,
2025-10-29 15:10:36,15A77395,
2025-10-29 15:10:36,15A77395,
2025-10-29 15:10:37,15A77395,
2025-10-29 15:10:38,15A77395,
2025-10-29 15:10:39,15A7739,
2025-10-29 15:10:40,15A7739,
2025-10-29 15:10:41,243122566,
2025-10-29 15:10:43,24Y122566,
2025-10-29 15:11:07,240127657,
2025-10-29 15:11:08,240127557,
2025-10-29 15:11:09,24817557,
2025-10-29 15:11:09,248107557,
2025-10-29 15:11:09,24D1657,
2025-10-29 15:11:10,2401027657,
2025-10-29 15:11:11,248123557,
2025-10-29 15:11:12,248123557,
2025-10-29 15:11:12,248123557,
2025-10-29 15:11:13,248122557,
2025-10-29 15:11:14,248123557,
2025-10-29 15:11:14,248123557,
2025-10-29 15:11:14,248123557,
2025-10-29 15:11:15,281002557,
2025-10-29 15:11:15,281002557,
2025-10-29 15:11:16,240123557,
2025-10-29 15:11:17,248122557,
2025-10-29 15:11:17,210122657,
2025-10-29 15:11:18,20172557,
2025-10-29 15:11:18,20172557,
2025-10-29 15:11:19,200072557,
2025-10-29 15:11:19,2013557,
2025-10-29 15:11:20,2001723557,
2025-10-29 15:11:20,240103657,
2025-10-29 15:11:21,240103657,
2025-10-29 15:11:21,2401723657,
2025-10-29 15:11:23,240122657,
2025-10-29 15:11:24,240122657,
2025-10-29 15:11:47,24A7706,
2025-10-29 15:11:47,24A17706,
2025-10-29 15:11:48,24A17706,
2025-10-29 15:11:49,24A17706,
2025-10-29 15:11:49,24A17706,
2025-10-29 15:11:50,24A17706,
2025-10-29 15:11:50,24A17706,
2025-10-29 15:11:51,24A17706,
2025-10-29 15:11:51,24A17706,
2025-10-29 15:11:51,24A17706,
2025-10-29 15:11:52,24A17706,
2025-10-29 15:11:52,24A17706,
2025-10-29 15:11:53,24A17706,
2025-10-29 15:11:54,24A17706,
2025-10-29 15:11:55,24A17706,
2025-10-29 15:11:55,24A17706,
2025-10-29 15:11:55,24A17706,
2025-10-29 15:11:56,24A17706,
2025-10-29 15:11:57,24A17706,
2025-10-29 15:11:57,24A17706,
2025-10-29 15:11:57,24A17706,
2025-10-29 15:11:58,24A17706,
2025-10-29 15:11:59,24A17706,
2025-10-29 15:12:00,24A17706,
2025-10-29 15:12:00,24A17706,
2025-10-29 15:12:01,24A17706,
2025-10-29 15:12:01,24A17706,
2025-10-29 15:12:02,24A17706,
2025-10-29 15:12:02,24A17706,
2025-10-29 15:12:03,24A17706,
2025-10-29 15:12:03,24A17706,
2025-10-29 15:12:04,24A17706,
2025-10-29 15:12:04,24A17706,
2025-10-29 15:12:05,24A17706,
2025-10-29 15:12:06,24A17706,
2025-10-29 15:12:06,24A17706,
2025-10-29 15:12:07,24A17706,
2025-10-29 15:12:07,24A17706,
2025-10-29 15:12:08,24A17706,
2025-10-29 15:12:08,24A17706,
2025-10-29 15:12:09,24A17706,
2025-10-29 15:12:09,24A17706,
2025-10-29 15:12:10,24A17706,
2025-10-29 15:12:10,24A17706,
2025-10-29 15:12:11,24A17706,
2025-10-29 15:12:11,24A17706,
2025-10-29 15:12:11,24A17706,
2025-10-29 15:12:12,24A17706,
2025-10-29 15:12:12,24A17706,
2025-10-29 15:12:13,24A17706,
2025-10-29 15:12:13,24A17706,
2025-10-29 15:12:14,24A17706,
2025-10-29 15:12:14,24A17706,
2025-10-29 15:12:14,24AL17706,
2025-10-29 15:12:15,24A17706,
2025-10-29 15:12:15,24AL17706,
2025-10-29 15:12:16,24A17706,
2025-10-29 15:12:17,24A17706,
2025-10-29 15:12:17,24A17706,
2025-10-29 15:12:17,24A17706,
2025-10-29 15:12:18,24A17706,
2025-10-29 15:12:19,24A17706,
2025-10-29 15:12:20,24A17706,
2025-10-29 15:12:20,24A17706,
2025-10-29 15:12:21,24A17706,
2025-10-29 15:12:22,24A17706,
2025-10-29 15:12:22,24A17706,
2025-10-29 15:12:23,24A17706,
2025-10-29 15:12:23,24A17706,
2025-10-29 15:12:24,24A17706,
2025-10-29 15:12:25,24A17706,
2025-10-29 15:12:25,24A17706,
2025-10-29 15:12:27,24A16434,
2025-10-29 15:12:27,24A16434,
2025-10-29 15:12:28,24A16434,
2025-10-29 15:12:28,24A16434,
2025-10-29 15:12:28,24A16434,
2025-10-29 15:12:29,24A16434,
2025-10-29 15:12:30,24A16434,
2025-10-29 15:12:30,24A16434,
2025-10-29 15:12:31,24A16434,
2025-10-29 15:12:31,24A16434,
2025-10-29 15:12:32,24A16434,
2025-10-29 15:12:33,24A16434,
2025-10-29 15:12:33,24A16434,
2025-10-29 15:12:33,24A16434,
2025-10-29 15:12:34,24A16434,
2025-10-29 15:12:34,24A16434,
2025-10-29 15:12:35,24A16434,
2025-10-29 15:12:36,24A16434,
2025-10-29 15:12:36,24A16434,
2025-10-29 15:12:37,24A16434,
2025-10-29 15:12:38,24A16434,
2025-10-29 15:12:39,24A16434,
2025-10-29 15:12:39,24A16434,
2025-10-29 15:12:39,24A16434,
2025-10-29 15:12:40,24A16434,
2025-10-29 15:12:40,24A16434,
2025-10-29 15:12:41,24A16434,
2025-10-29 15:12:42,24A16434,
2025-10-29 15:12:43,24A16434,
2025-10-29 15:12:43,24A16434,
2025-10-29 15:12:44,24A16434,
2025-10-29 15:12:45,24A16434,
2025-10-29 15:12:45,24A16434,
2025-10-29 15:12:46,24A16434,
2025-10-29 15:12:47,24A16434,
2025-10-29 15:12:47,24A16434,
2025-10-29 15:12:48,24A16434,
2025-10-29 15:12:48,24A16434,
2025-10-29 15:12:49,24A16434,
2025-10-29 15:12:49,24A16434,
2025-10-29 15:12:50,24A16434,
2025-10-29 15:12:51,24A16434,
2025-10-29 15:12:51,24A16434,
2025-10-29 15:12:52,24A16434,
2025-10-29 15:12:52,24A16434,
2025-10-29 15:12:53,24A16434,
2025-10-29 15:12:53,24A16434,
2025-10-29 15:12:54,24A16434,
2025-10-29 15:12:54,24A16434,
2025-10-29 15:12:55,24A16434,
2025-10-29 15:12:56,24A16434,
2025-10-29 15:12:56,24A16434,
2025-10-29 15:12:57,24A16434,
2025-10-29 15:12:58,24A16434,
2025-10-29 15:12:58,24A164341,
2025-10-29 15:12:59,24A16434,
2025-10-29 15:12:59,24A16434,
2025-10-29 15:13:00,24A16434,
2025-10-29 15:13:01,24A16434,
2025-10-29 15:13:02,248194457,
2025-10-29 15:13:03,249194457,
2025-10-29 15:13:04,24A16434,
2025-10-29 15:13:05,24A16434,
2025-10-29 15:13:06,248194457,
2025-10-29 15:13:07,248194457,
2025-10-29 15:13:07,248194457,
2025-10-29 15:13:08,24B1357,
2025-10-29 15:13:08,248194457,
2025-10-29 15:13:09,248194457,
2025-10-29 15:13:09,24B1357,
2025-10-29 15:13:10,248194357,
2025-10-29 15:13:10,248194457,
2025-10-29 15:13:11,248194457,
2025-10-29 15:13:11,248194457,
2025-10-29 15:13:12,248194457,
2025-10-29 15:13:13,248194457,
2025-10-29 15:13:14,248194457,
2025-10-29 15:13:14,248194457,
2025-10-29 15:13:15,248194457,
2025-10-29 15:13:15,248194457,
2025-10-29 15:13:16,248194457,
2025-10-29 15:13:16,21CB19457,
2025-10-29 15:13:17,248194457,
2025-10-29 15:13:17,21B13052,
2025-10-29 15:13:18,21B13052,
2025-10-29 15:13:19,248194457,
2025-10-29 15:13:20,248194457,
2025-10-29 15:13:21,248194457,
2025-10-29 15:13:30,24C11224,
2025-10-29 15:13:31,24C11224,
2025-10-29 15:13:31,24C11224,
2025-10-29 15:13:32,24C11224,
2025-10-29 15:13:33,24C11224,
2025-10-29 15:13:34,24C11224,
2025-10-29 15:13:34,24C11224,
2025-10-29 15:13:35,24C11224,
2025-10-29 15:13:36,24C11224,
2025-10-29 15:13:36,24C11224,
2025-10-29 15:13:37,24C11224,
2025-10-29 15:13:37,24C11224,
2025-10-29 15:13:38,24C11224,
2025-10-29 15:13:38,24C11224,
2025-10-29 15:13:39,24C11224,
2025-10-29 15:13:40,24C11224,
2025-10-29 15:13:40,24C11224,
2025-10-29 15:13:41,24C11224,
2025-10-29 15:13:45,24C11224,
2025-10-29 15:14:10,1602713,
2025-10-29 15:14:11,0002713,
2025-10-29 15:14:11,0002713,
2025-10-29 15:14:12,002713,
2025-10-29 15:14:12,0002213,
2025-10-29 15:14:13,002713,
2025-10-29 15:14:13,002713,
2025-10-29 15:14:14,0002713,
2025-10-29 15:14:14,0002713,
2025-10-29 15:14:15,002713,
2025-10-29 15:14:16,002Z13,
2025-10-29 15:14:17,002713,
2025-10-29 15:14:18,002713,
2025-10-29 15:14:18,102213,
2025-10-29 15:14:19,102713,
2025-10-29 15:14:20,10ZZ13,
2025-10-29 15:14:20,002713,
2025-10-29 15:14:21,002713,
2025-10-29 15:14:21,102Z13,
2025-10-29 15:14:22,10ZZ13,
2025-10-29 15:14:22,10ZZ13,
2025-10-29 15:14:23,102Z13,
2025-10-29 15:14:23,102713,
2025-10-29 15:14:24,102713,
2025-10-29 15:14:25,502713,
2025-10-29 15:14:25,10ZZ13,
2025-10-29 15:14:26,102Z13,
2025-10-29 15:14:26,10ZZ13,
2025-10-29 15:14:27,102713,
2025-10-29 15:14:27,002713,
2025-10-29 15:14:28,602713,
2025-10-29 15:14:29,0002213,
2025-10-29 15:14:30,10ZZ13,
2025-10-29 15:14:31,0002713,
2025-10-29 15:14:32,50C02713,
2025-10-29 15:14:32,50C02713,
2025-10-29 15:14:33,00L0213,
2025-10-29 15:14:34,10ZZ13,
2025-10-29 15:14:35,027131,
2025-10-29 15:14:37,002713,
2025-10-29 15:14:37,102712,
2025-10-29 15:14:38,24A17909,
2025-10-29 15:14:40,24A17909,
2025-10-29 15:14:40,24A17909,
2025-10-29 15:14:42,24A17909,
2025-10-29 15:14:43,24A17909,
2025-10-29 15:14:44,24A17909,
2025-10-29 15:14:45,24A17909,
2025-10-29 15:14:46,24A17909,
2025-10-29 15:14:47,24A17909,
2025-10-29 15:14:47,24A17909,
2025-10-29 15:14:48,24A17909,
2025-10-29 15:14:49,24A17909,
2025-10-29 15:14:50,24A17909,
2025-10-29 15:14:50,24A17909,
2025-10-29 15:14:51,24A17909,
2025-10-29 15:14:51,24A17909,
2025-10-29 15:14:52,24A17909,
2025-10-29 15:14:52,24A17909,
2025-10-29 15:14:53,24A17909,
2025-10-29 15:14:53,24A17909,
2025-10-29 15:14:54,24A17909,
2025-10-29 15:14:54,24A17909,
2025-10-29 15:14:55,24A17909,
2025-10-29 15:14:55,24A17909,
2025-10-29 15:14:56,24A17909,
2025-10-29 15:14:57,24A17909,
2025-10-29 15:14:57,24A17909,
2025-10-29 15:14:58,24A17909,
2025-10-29 15:14:58,24A17909,
2025-10-29 15:14:58,24A17909,
2025-10-29 15:14:59,24A17909,
2025-10-29 15:14:59,24A17909,
2025-10-29 15:14:59,24A17909,
2025-10-29 15:15:00,24A17909,
2025-10-29 15:15:00,24A17909,
2025-10-29 15:15:00,24A17909,
2025-10-29 15:15:01,24A17909,
2025-10-29 15:15:01,24A17909,
2025-10-29 15:15:02,24A17909,
2025-10-29 15:15:02,24A17909,
2025-10-29 15:15:02,24A17909,
2025-10-29 15:15:03,24A17909,
2025-10-29 15:15:03,24A17909,
2025-10-29 15:15:04,24A17909,
2025-10-29 15:15:04,24A17909,
2025-10-29 15:15:04,24A17909,
2025-10-29 15:15:05,24A17909,
2025-10-29 15:15:05,24A17909,
2025-10-29 15:15:05,24A17909,
2025-10-29 15:15:06,24A17909,
2025-10-29 15:15:06,24A17909,
2025-10-29 15:15:06,24A17909,
2025-10-29 15:15:07,24A17909,
2025-10-29 15:15:07,24A17909,
2025-10-29 15:15:08,24A17909,
2025-10-29 15:15:08,24A17909,
2025-10-29 15:15:08,24A17909,
2025-10-29 15:15:09,24A17909,
2025-10-29 15:15:09,24A17909,
2025-10-29 15:15:10,24A17909,
2025-10-29 15:15:11,24A17909,
2025-10-29 15:15:13,759154789,
2025-10-29 15:15:14,719154789,
2025-10-29 15:15:14,20154789,
2025-10-29 15:15:15,745154789,
2025-10-29 15:15:17,24A11888,
2025-10-29 15:15:18,24A511888,
2025-10-29 15:15:18,248160769,
2025-10-29 15:15:21,2816789,
2025-10-29 15:15:22,24A11888,
2025-10-29 15:15:23,24A11888,
2025-10-29 15:15:24,29C783247,
2025-10-29 15:15:26,29C83247,
2025-10-29 15:15:27,29C783247,
2025-10-29 15:15:27,29C783247,
2025-10-29 15:15:28,29C783247,
2025-10-29 15:15:29,29C83247,
2025-10-29 15:15:29,29C83247,
2025-10-29 15:15:30,29C73247,
2025-10-29 15:15:31,24A11888,
2025-10-29 15:15:31,24A11888,
2025-10-29 15:15:32,24A11888,
2025-10-29 15:15:32,24A11888,
2025-10-29 15:15:33,24A11888,
2025-10-29 15:15:33,24A511888,
2025-10-29 15:15:34,24A11888,
2025-10-29 15:15:34,24A11888,
2025-10-29 15:15:35,24A11888,
2025-10-29 15:15:36,24A11888,
2025-10-29 15:15:36,24A11888,
2025-10-29 15:15:37,24A11888,
2025-10-29 15:15:37,24A11888,
2025-10-29 15:15:37,24A11888,
2025-10-29 15:15:38,24A11888,
2025-10-29 15:15:39,24A11888,
2025-10-29 15:15:39,24A11888,
2025-10-29 15:15:40,24A11888,
2025-10-29 15:15:40,24A11888,
2025-10-29 15:15:41,24A11888,
2025-10-29 15:15:41,24A11888,
2025-10-29 15:15:42,24A11888,
2025-10-29 15:15:42,24A11888,
2025-10-29 15:15:42,24A11888,
2025-10-29 15:15:43,24A11888,
2025-10-29 15:15:43,24A11888,
2025-10-29 15:15:44,24A11888,
2025-10-29 15:15:44,24A11888,
2025-10-29 15:15:44,24A11888,
2025-10-29 15:15:45,24A11888,
2025-10-29 15:15:45,24A11888,
2025-10-29 15:15:45,24A11888,
2025-10-29 15:15:46,24A11888,
2025-10-29 15:15:47,24A11888,
2025-10-29 15:15:47,24A11888,
2025-10-29 15:15:48,24A11888,
2025-10-29 15:15:49,24A11888,
2025-10-29 15:15:49,24A11888,
2025-10-29 15:15:49,24A11888,
2025-10-29 15:15:50,24A11888,
2025-10-29 15:15:51,24A11888,
2025-10-29 15:15:51,24A11888,
2025-10-29 15:15:52,24A11888,
2025-10-29 15:15:52,24A11888,
2025-10-29 15:15:52,24A11888,
2025-10-29 15:15:53,24A11888,
2025-10-29 15:15:53,24A11888,
2025-10-29 15:15:53,24A11888,
2025-10-29 15:15:54,24A11888,
2025-10-29 15:15:54,24A11888,
2025-10-29 15:15:55,24A11888,
2025-10-29 15:15:55,24A11888,
2025-10-29 15:15:55,24A11888,
2025-10-29 15:15:56,24A11888,
2025-10-29 15:15:56,24A11888,
2025-10-29 15:15:57,24A11888,
2025-10-29 15:15:57,24A11888,
2025-10-29 15:15:57,24A11888,
2025-10-29 15:15:58,24A11888,
2025-10-29 15:15:59,24A11888,
2025-10-29 15:15:59,24A11888,
2025-10-29 15:16:00,24A11888,
2025-10-29 15:16:00,24A11888,
2025-10-29 15:16:01,24A11888,
2025-10-29 15:16:01,24A11888,
2025-10-29 15:16:02,24A11888,
2025-10-29 15:16:03,24A11888,
2025-10-29 15:16:03,24A11888,
2025-10-29 15:16:03,24A11888,
2025-10-29 15:16:04,24A11888,
2025-10-29 15:16:04,24A11888,
2025-10-29 15:16:04,24A11888,
2025-10-29 15:16:05,24A11888,
2025-10-29 15:16:05,24A11888,
2025-10-29 15:16:06,24A11888,
2025-10-29 15:16:06,24A11888,
2025-10-29 15:16:06,24A11888,
2025-10-29 15:16:07,24A11888,
2025-10-29 15:16:07,24A11888,
2025-10-29 15:16:07,4011888,
2025-10-29 15:16:08,011888,
2025-10-29 15:16:08,011888,
2025-10-29 15:16:21,24A20497,
2025-10-29 15:16:21,24A20497,
2025-10-29 15:16:22,24A20497,
2025-10-29 15:16:22,24A20497,
2025-10-29 15:16:23,24A20497,
2025-10-29 15:16:23,24A20497,
2025-10-29 15:16:24,24A20497,
2025-10-29 15:16:24,24A20497,
2025-10-29 15:16:25,24A20497,
2025-10-29 15:16:25,24A20497,
2025-10-29 15:16:26,24A20497,
2025-10-29 15:16:27,24A20497,
2025-10-29 15:16:27,24A20497,
2025-10-29 15:16:28,24A20497,
2025-10-29 15:16:29,24A20497,
2025-10-29 15:16:29,24A20497,
2025-10-29 15:16:30,24A20497,
2025-10-29 15:16:31,24A20497,
2025-10-29 15:16:31,24A20497,
2025-10-29 15:16:31,24A20497,
2025-10-29 15:16:32,24A20497,
2025-10-29 15:16:33,24A20497,
2025-10-29 15:16:33,24A20497,
2025-10-29 15:16:33,24A20497,
2025-10-29 15:16:34,24A20497,
2025-10-29 15:16:35,24A20497,
2025-10-29 15:16:35,24A20497,
2025-10-29 15:16:36,24A20497,
2025-10-29 15:16:36,24A20497,
2025-10-29 15:16:37,24A20497,
2025-10-29 15:16:37,24A20497,
2025-10-29 15:16:38,24A20497,
2025-10-29 15:16:38,24A20497,
2025-10-29 15:16:39,24A20497,
2025-10-29 15:16:40,24A20497,
2025-10-29 15:16:41,24A20497,
2025-10-29 15:16:42,24A20497,
2025-10-29 15:16:42,24A20497,
2025-10-29 15:16:43,24A20497,
2025-10-29 15:16:44,24A20497,
2025-10-29 15:16:45,24A20497,
2025-10-29 15:16:45,24A20497,
2025-10-29 15:16:46,24A20497,
2025-10-29 15:16:46,24A20497,
2025-10-29 15:16:47,24A20497,
2025-10-29 15:16:47,24A20497,
2025-10-29 15:16:48,24A20497,
2025-10-29 15:16:49,24A20497,
2025-10-29 15:16:50,24A20497,
2025-10-29 15:17:00,24A27951,
2025-10-29 15:17:01,24A27951,
2025-10-29 15:17:01,24A27951,
2025-10-29 15:17:02,24A27951,
2025-10-29 15:17:02,24A27951,
2025-10-29 15:17:03,24A27951,
2025-10-29 15:17:04,24A27951,
2025-10-29 15:17:04,24A27951,
2025-10-29 15:17:05,24A27951,
2025-10-29 15:17:06,24A27951,
2025-10-29 15:17:06,24A27951,
2025-10-29 15:17:07,24A27951,
2025-10-29 15:17:07,24A27951,
2025-10-29 15:17:08,24A27951,
2025-10-29 15:17:09,24A27951,
2025-10-29 15:17:09,24A27951,
2025-10-29 15:17:10,24A27951,
2025-10-29 15:17:10,24A27951,
2025-10-29 15:17:11,24A27951,
2025-10-29 15:17:11,24A27951,
2025-10-29 15:17:12,24A27951,
2025-10-29 15:17:12,24A27951,
2025-10-29 15:17:13,24A27951,
2025-10-29 15:17:13,24A27951,
2025-10-29 15:17:13,24A27951,
2025-10-29 15:17:14,24A2795,
2025-10-29 15:18:14,248258476,
2025-10-29 15:18:15,248258476,
2025-10-29 15:18:16,248258476,
2025-10-29 15:18:16,248258476,
2025-10-29 15:18:17,248258476,
2025-10-29 15:18:17,248258476,
2025-10-29 15:18:18,248258476,
2025-10-29 15:18:18,24B258476,
2025-10-29 15:18:18,24B258476,
2025-10-29 15:18:19,24B258476,
2025-10-29 15:18:19,24B268476,
2025-10-29 15:18:20,248258476,
2025-10-29 15:18:20,248258476,
2025-10-29 15:18:20,248258476,
2025-10-29 15:18:21,248258476,
2025-10-29 15:18:21,248258476,
2025-10-29 15:18:22,248258476,
2025-10-29 15:18:22,248258476,
2025-10-29 15:18:23,248258476,
2025-10-29 15:18:24,1248258476,
2025-10-29 15:18:24,1248258476,
2025-10-29 15:18:25,248258476,
2025-10-29 15:18:25,248258476,
2025-10-29 15:18:26,1248258476,
2025-10-29 15:18:27,248258476,
2025-10-29 15:18:28,248258476,
2025-10-29 15:18:29,2482758476,
2025-10-29 15:19:05,30F30937,
2025-10-29 15:19:05,30F30937,
2025-10-29 15:19:06,30F30937,
2025-10-29 15:19:06,30F30937,
2025-10-29 15:19:06,30F30937,
2025-10-29 15:19:07,30F30937,
2025-10-29 15:19:07,30F30937,
2025-10-29 15:19:08,30F30937,
2025-10-29 15:19:08,30F30937,
2025-10-29 15:19:08,30F30937,
2025-10-29 15:19:09,30F30937,
2025-10-29 15:19:09,30F30937,
2025-10-29 15:19:10,30F30937,
2025-10-29 15:19:10,30F30937,
2025-10-29 15:19:11,30F30937,
2025-10-29 15:19:11,30F30937,
2025-10-29 15:19:12,30F30937,
2025-10-29 15:19:13,30F30937,
2025-10-29 15:19:13,30F30937,
2025-10-29 15:19:14,30F30937,
2025-10-29 15:19:14,30F30937,
2025-10-29 15:19:15,30F30937,
2025-10-29 15:19:15,30F30937,
2025-10-29 15:19:16,30F30937,
2025-10-29 15:19:16,30F30937,
2025-10-29 15:19:17,30F30937,
2025-10-29 15:19:17,30F30937,
2025-10-29 15:19:18,30F30937,
2025-10-29 15:19:18,30F30937,
2025-10-29 15:19:19,30F30937,
2025-10-29 15:19:20,30F30937,
2025-10-29 15:19:20,30F30937,
2025-10-29 15:19:20,30F30937,
2025-10-29 15:19:21,30F30937,
2025-10-29 15:19:21,30F30937,
2025-10-29 15:19:22,30F30937,
2025-10-29 15:19:22,30F30937,
2025-10-29 15:19:23,30F30937,
2025-10-29 15:19:23,30F30937,
2025-10-29 15:19:24,30F30937,
2025-10-29 15:19:24,30F30937,
2025-10-29 15:19:24,30F30937,
2025-10-29 15:19:25,30F30937,
2025-10-29 15:19:25,30F30937,
2025-10-29 15:19:25,30F30937,
2025-10-29 15:19:26,30F30937,
2025-10-29 15:19:27,30F30937,
2025-10-29 15:19:27,30F30937,
2025-10-29 15:19:28,30F30937,
2025-10-29 15:19:28,30F30937,
2025-10-29 15:19:28,30F30937,
2025-10-29 15:19:29,30F30937,
2025-10-29 15:19:29,30F30937,
2025-10-29 15:19:30,30F30937,
2025-10-29 15:19:30,30F30937,
2025-10-29 15:19:31,30F30937,
2025-10-29 15:19:31,30F30937,
2025-10-29 15:19:32,30F30937,
2025-10-29 15:19:33,30F30937,
2025-10-29 15:19:33,30F30937,
2025-10-29 15:19:34,30F30937,
2025-10-29 15:19:35,30F30937,
2025-10-29 15:19:36,30F30937,
2025-10-29 15:19:36,0030937,
2025-10-29 15:19:37,0030937,
2025-10-29 15:19:43,74P59306,
2025-10-29 15:19:44,24P59306,
2025-10-29 15:19:45,24P59306,
2025-10-29 15:19:45,24P59306,
2025-10-29 15:19:46,24P59306,
2025-10-29 15:19:54,21110005,
2025-10-29 15:19:54,241110005,
2025-10-29 15:19:55,24010005,
2025-10-29 15:19:55,1291010005,
2025-10-29 15:19:55,121110005,
2025-10-29 15:19:56,121110005,
2025-10-29 15:19:56,1211010005,
2025-10-29 15:19:57,2411010005,
2025-10-29 15:19:57,2411110005,
2025-10-29 15:19:57,24T110005,
2025-10-29 15:19:58,24T110005,
2025-10-29 15:19:58,24T110005,
2025-10-29 15:19:58,241110005,
2025-10-29 15:19:59,241110005,
2025-10-29 15:19:59,24T1110005,
2025-10-29 15:19:59,2411710005,
2025-10-29 15:20:00,25T110005,
2025-10-29 15:20:00,25T110005,
2025-10-29 15:20:01,24T110005,
2025-10-29 15:20:01,24T110005,
2025-10-29 15:20:01,241110005,
2025-10-29 15:20:02,241110005,
2025-10-29 15:20:02,2411110005,
2025-10-29 15:20:02,2411110005,
2025-10-29 15:20:03,241110005,
2025-10-29 15:20:03,241110005,
2025-10-29 15:20:04,241110005,
2025-10-29 15:20:05,241110005,
2025-10-29 15:20:06,2411710005,
2025-10-29 15:20:09,2411710005,
2025-10-29 15:20:09,2411010005,
2025-10-29 15:20:19,24A15670,
2025-10-29 15:20:20,24A15670,
2025-10-29 15:20:20,24A15670,
2025-10-29 15:20:21,24A15670,
2025-10-29 15:20:22,24A15670,
2025-10-29 15:20:23,24A15670,
2025-10-29 15:20:23,24A15670,
2025-10-29 15:20:24,24A15670,
2025-10-29 15:20:25,24A15670,
2025-10-29 15:20:25,24A15670,
2025-10-29 15:20:25,24A15670,
2025-10-29 15:20:26,24A15670,
2025-10-29 15:20:26,24A15670,
2025-10-29 15:20:27,24A15670,
2025-10-29 15:20:27,24A15670,
2025-10-29 15:20:28,24A15670,
2025-10-29 15:20:28,24A15670,
2025-10-29 15:20:29,24A15670,
2025-10-29 15:20:29,24A15670,
2025-10-29 15:20:30,24A15670,
2025-10-29 15:20:31,24A15670,
2025-10-29 15:20:31,24A15670,
2025-10-29 15:20:32,24A15670,
2025-10-29 15:20:32,24A15670,
2025-10-29 15:20:33,24A15670,
2025-10-29 15:20:33,24A15670,
2025-10-29 15:20:34,24A15670,
2025-10-29 15:20:34,24A15670,
2025-10-29 15:20:35,24A15670,
2025-10-29 15:20:36,24A15670,
2025-10-29 15:20:36,24A15670,
2025-10-29 15:20:37,24A15670,
2025-10-29 15:20:38,24A15670,
2025-10-29 15:20:39,24A15670,
2025-10-29 15:20:39,24A15670,
2025-10-29 15:20:40,24A15670,
2025-10-29 15:20:41,24A15670,
2025-10-29 15:20:42,24A15670,
2025-10-29 15:20:42,24A15670,
2025-10-29 15:20:43,24A15670,
2025-10-29 15:20:44,77705357,
2025-10-29 15:20:45,71705357,
2025-10-29 15:20:46,24K45357,
2025-10-29 15:20:46,25K45357,
2025-10-29 15:20:46,25K45357,
2025-10-29 15:20:47,01L5357,
2025-10-29 15:20:47,24K45357,
2025-10-29 15:20:48,24K45357,
2025-10-29 15:20:48,01KA5357,
2025-10-29 15:20:53,24L45357,
2025-10-29 15:20:53,01IL5357,
2025-10-29 15:20:54,01IL5357,
2025-10-29 15:20:54,21EL5357,
2025-10-29 15:20:57,24105357,
2025-10-29 15:20:57,24105357,
2025-10-29 15:20:57,24145357,
2025-10-29 15:20:58,32785357,
2025-10-29 15:20:58,32785357,
2025-10-29 15:20:59,24K45357,
2025-10-29 15:21:00,25845357,
2025-10-29 15:21:16,248221527,
2025-10-29 15:21:17,248221527,
2025-10-29 15:21:17,248221527,
2025-10-29 15:21:18,2482121527,
2025-10-29 15:21:19,248221527,
2025-10-29 15:21:19,248221527,
2025-10-29 15:21:20,248221527,
2025-10-29 15:21:20,248221527,
2025-10-29 15:21:21,248221527,
2025-10-29 15:21:21,2482121527,
2025-10-29 15:21:22,248221527,
2025-10-29 15:21:22,248221527,
2025-10-29 15:21:23,248221527,
2025-10-29 15:21:24,248221527,
2025-10-29 15:21:25,248221527,
2025-10-29 15:21:26,248221527,
2025-10-29 15:21:27,1248221527,
2025-10-29 15:21:28,1248221527,
2025-10-29 15:22:26,24AA00956,
2025-10-29 15:22:26,24AA00956,
2025-10-29 15:22:26,24AA00956,
2025-10-29 15:22:27,24AA00956,
2025-10-29 15:22:28,24AA00956,
2025-10-29 15:22:28,24AA00956,
2025-10-29 15:22:29,24AA00956,
2025-10-29 15:22:31,24AA00956,
2025-10-29 15:22:31,24AA00956,
2025-10-29 15:22:32,24AA00956,
2025-10-29 15:22:32,24AA00956,
2025-10-29 15:22:33,24AA00956,
2025-10-29 15:22:34,24AA00956,
2025-10-29 15:22:35,24AA00956,
2025-10-29 15:22:35,24AA00956,
2025-10-29 15:22:39,24F00110,
2025-10-29 15:22:40,24F00110,
2025-10-29 15:22:42,24F00110,
2025-10-29 15:22:43,24F00110,
2025-10-29 15:22:43,24F00110,
2025-10-29 15:22:44,24F001510,
2025-10-29 15:22:44,24F00110,
2025-10-29 15:22:45,24F00110,
2025-10-29 15:22:46,24F00110,
2025-10-29 15:22:46,24F00110,
2025-10-29 15:22:47,24F00110,
2025-10-29 15:22:47,24F00110,
2025-10-29 15:22:48,24F00110,
2025-10-29 15:22:49,24F00110,
2025-10-29 15:22:49,24F00110,
2025-10-29 15:22:50,24F00110,
2025-10-29 15:22:51,24F00110,
2025-10-29 15:22:52,24F00110,
2025-10-29 15:22:52,24F00110,
2025-10-29 15:22:53,24F00110,
2025-10-29 15:22:54,24F00110,
2025-10-29 15:22:54,24F001510,
2025-10-29 15:22:55,24F001510,
2025-10-29 15:22:56,24F00110,
2025-10-29 15:22:56,24F00110,
2025-10-29 15:22:57,24F00110,
2025-10-29 15:22:57,24F00110,
2025-10-29 15:22:58,24F00110,
2025-10-29 15:22:58,24F00110,
2025-10-29 15:22:59,24F00110,
2025-10-29 15:23:00,24F0110,
2025-10-29 15:23:12,24E00028,
2025-10-29 15:23:13,24E00029,
2025-10-29 15:23:14,24E00029,
2025-10-29 15:23:14,24E00028,
2025-10-29 15:23:15,24E00028,
2025-10-29 15:23:16,24E00028,
2025-10-29 15:23:17,24E00028,
2025-10-29 15:23:18,24E0002,
2025-10-29 15:23:19,021438,
2025-10-29 15:23:20,021438,
2025-10-29 15:23:35,24A22754,
2025-10-29 15:23:36,24A22754,
2025-10-29 15:23:36,24A22754,
2025-10-29 15:23:37,24A22754,
2025-10-29 15:23:37,24A22754,
2025-10-29 15:23:38,24A22754,
2025-10-29 15:23:38,24A22754,
2025-10-29 15:23:38,24A22754,
2025-10-29 15:23:39,24A22754,
2025-10-29 15:23:39,24A22754,
2025-10-29 15:23:40,24A22754,
2025-10-29 15:23:40,24A22754,
2025-10-29 15:23:41,24A22754,
2025-10-29 15:23:41,24A22754,
2025-10-29 15:23:41,24A22754,
2025-10-29 15:23:42,24A22754,
2025-10-29 15:23:42,24A22754,
2025-10-29 15:23:42,24A22754,
2025-10-29 15:23:43,24A22754,
2025-10-29 15:23:43,24A22754,
2025-10-29 15:23:44,24A22754,
2025-10-29 15:23:44,24A22754,
2025-10-29 15:23:44,24A22754,
2025-10-29 15:23:45,24A22754,
2025-10-29 15:23:45,24A22754,
2025-10-29 15:23:46,24A22754,
2025-10-29 15:23:46,24A22754,
2025-10-29 15:23:46,24A22754,
2025-10-29 15:23:47,24A22754,
2025-10-29 15:23:47,24A22754,
2025-10-29 15:23:48,24A22754,
2025-10-29 15:23:48,24A22754,
2025-10-29 15:23:48,24A22754,
2025-10-29 15:23:49,24A22754,
2025-10-29 15:23:49,24A22754,
2025-10-29 15:23:49,24A22754,
2025-10-29 15:23:50,24A22754,
2025-10-29 15:23:50,24A22754,
2025-10-29 15:23:50,24A22754,
2025-10-29 15:23:51,24A22754,
2025-10-29 15:23:51,24A22754,
2025-10-29 15:23:52,24A22754,
2025-10-29 15:23:52,24A22754,
2025-10-29 15:23:52,24A22754,
2025-10-29 15:23:53,24A22754,
2025-10-29 15:23:53,24A22754,
2025-10-29 15:23:54,24A22754,
2025-10-29 15:23:54,24A22754,
2025-10-29 15:23:54,24A22754,
2025-10-29 15:23:55,24A2754,
2025-10-29 15:23:55,24A2754,
2025-10-29 15:24:09,24H02212,
2025-10-29 15:24:09,24H02212,
2025-10-29 15:24:09,24H02212,
2025-10-29 15:24:10,24H02212,
2025-10-29 15:24:10,24H02212,
2025-10-29 15:24:10,24H02212,
2025-10-29 15:24:11,24H02212,
2025-10-29 15:24:11,24H02212,
2025-10-29 15:24:12,24H02212,
2025-10-29 15:24:12,24H02212,
2025-10-29 15:24:12,24H02212,
2025-10-29 15:24:13,24H02212,
2025-10-29 15:24:13,24H02212,
2025-10-29 15:24:13,24H02212,
2025-10-29 15:24:14,24H02212,
2025-10-29 15:24:14,24H02212,
2025-10-29 15:24:15,24H02212,
2025-10-29 15:24:15,24H02212,
2025-10-29 15:24:16,24H02212,
2025-10-29 15:24:17,24H02212,
2025-10-29 15:24:17,24H02212,
2025-10-29 15:24:18,24H02212,
2025-10-29 15:24:18,24H0221,
2025-10-29 15:24:19,24H0221,
2025-10-29 15:24:19,24A15798,
2025-10-29 15:24:20,24A15798,
2025-10-29 15:24:20,24A15798,
2025-10-29 15:24:21,24A15798,
2025-10-29 15:24:21,24A15798,
2025-10-29 15:24:21,24A15798,
2025-10-29 15:24:22,24A15798,
2025-10-29 15:24:22,24A15798,
2025-10-29 15:24:22,24A15798,
2025-10-29 15:24:23,24A15798,
2025-10-29 15:24:23,24A15798,
2025-10-29 15:24:24,24A15798,
2025-10-29 15:24:24,24A15798,
2025-10-29 15:24:24,24A15798,
2025-10-29 15:24:25,24A15798,
2025-10-29 15:24:25,24A15798,
2025-10-29 15:24:26,24A15798,
2025-10-29 15:24:26,24A15798,
2025-10-29 15:24:26,24A15798,
2025-10-29 15:24:27,24A15798,
2025-10-29 15:24:27,24A15798,
2025-10-29 15:24:27,24A15798,
2025-10-29 15:24:28,24A15798,
2025-10-29 15:24:28,24A15798,
2025-10-29 15:24:28,24A15798,
2025-10-29 15:24:29,24A15798,
2025-10-29 15:24:29,24A15798,
2025-10-29 15:24:30,24A15798,
2025-10-29 15:24:30,24A15798,
2025-10-29 15:24:30,24A15798,
2025-10-29 15:24:31,24A15798,
2025-10-29 15:24:31,24A15798,
2025-10-29 15:24:56,24A09660,
2025-10-29 15:24:56,24A09660,
2025-10-29 15:24:57,24A09660,
2025-10-29 15:24:57,24A09660,
2025-10-29 15:24:58,24A09660,
2025-10-29 15:24:58,24A09660,
2025-10-29 15:24:58,24A09660,
2025-10-29 15:24:59,24A09660,
2025-10-29 15:24:59,24A09660,
2025-10-29 15:24:59,24A09660,
2025-10-29 15:25:00,24A09660,
2025-10-29 15:25:00,24A09660,
2025-10-29 15:25:00,24A09660,
2025-10-29 15:25:01,24A09660,
2025-10-29 15:25:01,24A09660,
2025-10-29 15:25:01,24A09660,
2025-10-29 15:25:02,24A09660,
2025-10-29 15:25:02,24A09660,
2025-10-29 15:25:02,24A09660,
2025-10-29 15:25:03,24A09660,
2025-10-29 15:25:03,24A09660,
2025-10-29 15:25:03,24A09660,
2025-10-29 15:25:04,24A09660,
2025-10-29 15:25:04,24A09660,
2025-10-29 15:25:04,24A09660,
2025-10-29 15:25:04,24A09660,
2025-10-29 15:25:05,24A09660,
2025-10-29 15:25:05,24A09660,
2025-10-29 15:25:05,24A09660,
2025-10-29 15:25:06,24A09660,
2025-10-29 15:25:06,24A09660,
2025-10-29 15:25:07,24A09660,
2025-10-29 15:25:07,24A09660,
2025-10-29 15:25:07,24A09660,
2025-10-29 15:25:07,24A09660,
2025-10-29 15:25:08,24A09660,
2025-10-29 15:25:14,0001356,
2025-10-29 15:25:17,70101356,
2025-10-29 15:25:17,7001356,
2025-10-29 15:25:18,7001356,
2025-10-29 15:25:19,701P07356,
2025-10-29 15:25:19,201107356,
2025-10-29 15:25:19,201107356,
2025-10-29 15:25:19,201107356,
2025-10-29 15:25:20,201101356,
2025-10-29 15:25:20,201R1356,
2025-10-29 15:25:30,24A22207,
2025-10-29 15:25:30,24A22207,
2025-10-29 15:25:31,24A22207,
2025-10-29 15:25:32,24A22207,
2025-10-29 15:25:32,24A22207,
2025-10-29 15:25:33,24A22207,
2025-10-29 15:25:33,24A22207,
2025-10-29 15:25:33,24A22207,
2025-10-29 15:25:34,24A22207,
2025-10-29 15:25:34,24A22207,
2025-10-29 15:25:34,24A22207,
2025-10-29 15:25:35,24A22207,
2025-10-29 15:25:35,24A22207,
2025-10-29 15:25:36,24A22207,
2025-10-29 15:25:36,24A2000,
2025-10-29 15:25:46,24A16998,
2025-10-29 15:25:46,24A16998,
2025-10-29 15:25:47,24A16998,
2025-10-29 15:25:47,24A16998,
2025-10-29 15:25:47,24A16998,
2025-10-29 15:25:48,24A16998,
2025-10-29 15:25:48,24A16998,
2025-10-29 15:25:49,24A16998,
2025-10-29 15:25:49,24A16998,
2025-10-29 15:25:49,24A16998,
2025-10-29 15:25:50,24A16998,
2025-10-29 15:25:50,24A16998,
2025-10-29 15:25:50,24A16998,
2025-10-29 15:25:51,24A16998,
2025-10-29 15:25:51,24A16998,
2025-10-29 15:25:52,24A16998,
2025-10-29 15:25:52,24A16998,
2025-10-29 15:25:52,24A16998,
2025-10-29 15:25:53,24A16998,
2025-10-29 15:25:53,24A16998,
2025-10-29 15:25:53,24A16998,
2025-10-29 15:25:54,24A16998,
2025-10-29 15:25:54,24A16998,
2025-10-29 15:25:54,24A16998,
2025-10-29 15:25:55,24A16998,
2025-10-29 15:25:55,24A16998,
2025-10-29 15:25:56,24A16998,
2025-10-29 15:25:56,24A16998,
2025-10-29 15:25:56,24A16998,
2025-10-29 15:25:57,24A16998,
2025-10-29 15:25:57,24A16998,
2025-10-29 15:25:57,24A16998,
2025-10-29 15:25:58,24A16998,
2025-10-29 15:25:58,24A16998,
2025-10-29 15:25:58,24A16998,
2025-10-29 15:25:59,24A16998,
2025-10-29 15:25:59,24A16998,
2025-10-29 15:26:00,24A16998,
2025-10-29 15:26:00,24A16998,
2025-10-29 15:26:00,24A16998,
2025-10-29 15:26:01,24A16998,
2025-10-29 15:26:01,24A16998,
2025-10-29 15:26:01,24A16998,
2025-10-29 15:26:02,24A16998,
2025-10-29 15:26:02,24A16998,
2025-10-29 15:26:02,24A16998,
2025-10-29 15:26:03,24A16998,
2025-10-29 15:26:03,24A16998,
2025-10-29 15:26:04,24A16998,
2025-10-29 15:26:04,24A16998,
2025-10-29 15:26:04,24A6998,
2025-10-29 15:26:09,268147300,
2025-10-29 15:26:10,258147300,
2025-10-29 15:26:10,250147300,
2025-10-29 15:26:10,250147300,
2025-10-29 15:26:10,250147300,
2025-10-29 15:26:11,240147309,
2025-10-29 15:26:11,240147300,
2025-10-29 15:26:11,240147308,
2025-10-29 15:26:12,248147308,
2025-10-29 15:26:12,248147308,
2025-10-29 15:26:12,248147308,
2025-10-29 15:26:13,240147309,
2025-10-29 15:26:13,240147306,
2025-10-29 15:26:13,248147308,
2025-10-29 15:26:14,38IL7108,
2025-10-29 15:26:14,240147308,
2025-10-29 15:26:14,240147308,
2025-10-29 15:26:15,240147300,
2025-10-29 15:26:15,240147300,
2025-10-29 15:26:15,240147300,
2025-10-29 15:26:16,248147300,
2025-10-29 15:26:16,748147306,
2025-10-29 15:26:56,24A10006,
2025-10-29 15:26:56,24A10006,
2025-10-29 15:26:57,24A10006,
2025-10-29 15:26:57,24A10006,
2025-10-29 15:26:57,24A10006,
2025-10-29 15:26:58,24A10006,
2025-10-29 15:26:58,24A10006,
2025-10-29 15:26:59,24A10006,
2025-10-29 15:26:59,24A10006,
2025-10-29 15:26:59,24A10006,
2025-10-29 15:27:00,24A10006,
2025-10-29 15:27:00,24A10006,
2025-10-29 15:27:00,24A10006,
2025-10-29 15:27:01,24A10006,
2025-10-29 15:27:01,24A10006,
2025-10-29 15:27:01,24A10006,
2025-10-29 15:27:02,24A10006,
2025-10-29 15:27:02,24A10006,
2025-10-29 15:27:02,24A10006,
2025-10-29 15:27:03,24A10006,
2025-10-29 15:27:03,24A10006,
2025-10-29 15:27:03,24A10006,
2025-10-29 15:27:04,24A10006,
2025-10-29 15:27:04,24A10006,
2025-10-29 15:27:05,24A10006,
2025-10-29 15:27:06,24A18262,
2025-10-29 15:27:06,24A18262,
2025-10-29 15:27:07,24A18262,
2025-10-29 15:27:07,24A18262,
2025-10-29 15:27:08,24A18262,
2025-10-29 15:27:08,24A18262,
2025-10-29 15:27:08,24A18262,
2025-10-29 15:27:09,24A18262,
2025-10-29 15:27:09,24A18262,
2025-10-29 15:27:10,24A18262,
2025-10-29 15:27:10,24A18262,
2025-10-29 15:27:10,24A18262,
2025-10-29 15:27:11,24A18262,
2025-10-29 15:27:11,24A18262,
2025-10-29 15:27:11,24A18262,
2025-10-29 15:27:12,24A18262,
2025-10-29 15:27:12,24A18262,
2025-10-29 15:27:13,24A18262,
2025-10-29 15:27:13,24A18262,
2025-10-29 15:27:13,24A18262,
2025-10-29 15:27:14,24A18262,
2025-10-29 15:27:14,24A18262,
2025-10-29 15:27:14,24A18262,
2025-10-29 15:27:15,24A18262,
2025-10-29 15:27:15,24A18262,
2025-10-29 15:27:16,24A18262,
2025-10-29 15:27:17,24A18262,
2025-10-29 15:27:17,24A18262,
2025-10-29 15:27:17,24A18262,
2025-10-29 15:27:18,24A18262,
2025-10-29 15:27:19,24A18262,
2025-10-29 15:27:20,24A18262,
2025-10-29 15:27:20,24A18262,
2025-10-29 15:27:21,24A18262,
2025-10-29 15:27:21,24A18262,
2025-10-29 15:27:22,24A18262,
2025-10-29 15:27:23,24A18262,
2025-10-29 15:27:23,24A18262,
2025-10-29 15:27:56,34A7125,
2025-10-29 15:27:56,24A17125,
2025-10-29 15:27:56,24A17125,
2025-10-29 15:27:57,24A17125,
2025-10-29 15:27:57,24A17125,
2025-10-29 15:27:58,24A17125,
2025-10-29 15:27:58,24A17126,
2025-10-29 15:27:58,24A17125,
2025-10-29 15:27:59,24A17125,
2025-10-29 15:27:59,24A17126,
2025-10-29 15:28:00,24A17125,
2025-10-29 15:28:00,24A17125,
2025-10-29 15:28:00,24A17125,
2025-10-29 15:28:01,24A17125,
2025-10-29 15:28:01,24A17125,
2025-10-29 15:28:02,24A17125,
2025-10-29 15:28:02,24A17125,
2025-10-29 15:28:02,24A17125,
2025-10-29 15:28:03,24A17126,
2025-10-29 15:28:04,24A17126,
2025-10-29 15:28:04,24A17126,
2025-10-29 15:28:37,24A19222,
2025-10-29 15:28:38,24A19222,
2025-10-29 15:28:38,24A19222,
2025-10-29 15:28:39,24A19222,
2025-10-29 15:28:40,24A19222,
2025-10-29 15:28:40,24A19222,
2025-10-29 15:28:40,24A19222,
2025-10-29 15:28:41,24A19222,
2025-10-29 15:28:41,24A19222,
2025-10-29 15:28:42,24A19222,
2025-10-29 15:28:42,24A19222,
2025-10-29 15:28:43,24A19222,
2025-10-29 15:28:43,24A19222,
2025-10-29 15:28:44,24A19222,
2025-10-29 15:28:45,24A19222,
2025-10-29 15:28:46,24A19222,
2025-10-29 15:28:46,24A19222,
2025-10-29 15:28:47,24A19222,
2025-10-29 15:28:48,24A19222,
2025-10-29 15:28:48,24A19222,
2025-10-29 15:28:48,24A19222,
2025-10-29 15:28:49,24A19222,
2025-10-29 15:28:49,24A19222,
2025-10-29 15:28:50,24A19222,
2025-10-29 15:28:51,24A19222,
2025-10-29 15:28:51,24A19222,
2025-10-29 15:28:51,24A19222,
2025-10-29 15:28:52,24A19222,
2025-10-29 15:28:53,24A19222,
2025-10-29 15:28:53,24A19222,
2025-10-29 15:28:54,24A19222,
2025-10-29 15:28:54,24A19222,
2025-10-29 15:28:55,24A19222,
2025-10-29 15:28:55,24A19222,
2025-10-29 15:28:56,24A19222,
2025-10-29 15:28:57,24A19222,
2025-10-29 15:28:57,24A19222,
2025-10-29 15:28:58,24A19222,
2025-10-29 15:28:59,24A19222,
2025-10-29 15:28:59,24A19222,
2025-10-29 15:29:00,24A19222,
2025-10-29 15:29:00,24A19222,
2025-10-29 15:29:01,24A19222,
2025-10-29 15:29:01,24A19222,
2025-10-29 15:29:02,24A19222,
2025-10-29 15:29:02,24A19222,
2025-10-29 15:29:03,24A19222,
2025-10-29 15:29:03,24A19222,
2025-10-29 15:30:05,24A74760,
2025-10-29 15:30:06,24A09474,
2025-10-29 15:30:06,24A09474,
2025-10-29 15:30:07,24A74760,
2025-10-29 15:30:07,24A09474,
2025-10-29 15:30:07,24A74760,
2025-10-29 15:30:08,24A09474,
2025-10-29 15:30:09,24A09474,
2025-10-29 15:30:09,24A09474,
2025-10-29 15:30:10,24A09474,
2025-10-29 15:30:10,24A09474,
2025-10-29 15:30:11,24A09474,
2025-10-29 15:30:12,24A09474,
2025-10-29 15:30:13,24A76760,
2025-10-29 15:30:15,248215795,
2025-10-29 15:30:15,24B215795,
2025-10-29 15:30:16,24B215795,
2025-10-29 15:30:18,24B215795,
2025-10-29 15:30:19,2482115795,
2025-10-29 15:30:19,24B215795,
2025-10-29 15:30:20,248215795,
2025-10-29 15:30:21,248215795,
2025-10-29 15:30:22,24A74760,
2025-10-29 15:30:22,1248215795,
2025-10-29 15:30:23,248215795,
2025-10-29 15:30:24,248215795,
2025-10-29 15:30:25,2482115795,
2025-10-29 15:30:25,1248215795,
2025-10-29 15:30:27,24A74760,
2025-10-29 15:30:27,248215795,
2025-10-29 15:30:28,24A09474,
2025-10-29 15:30:29,24A09474,
2025-10-29 15:30:43,24A15321,
2025-10-29 15:30:43,24A515321,
2025-10-29 15:30:43,24A15321,
2025-10-29 15:30:44,24A15321,
2025-10-29 15:30:44,24A15321,
2025-10-29 15:30:44,24A15321,
2025-10-29 15:30:45,24A153211,
2025-10-29 15:30:45,24A153211,
2025-10-29 15:30:46,24A15321,
2025-10-29 15:30:46,24A515321,
2025-10-29 15:30:46,24A515321,
2025-10-29 15:30:46,24A515321,
2025-10-29 15:30:47,24A15321,
2025-10-29 15:30:47,24A15321,
2025-10-29 15:30:48,24A15321,
2025-10-29 15:30:48,24A515321,
2025-10-29 15:30:48,24A15321,
2025-10-29 15:30:49,24A15321,
2025-10-29 15:30:49,24A15321,
2025-10-29 15:30:49,24A15321,
2025-10-29 15:30:50,24A15321,
2025-10-29 15:30:50,24A15321,
2025-10-29 15:30:50,24A15321,
2025-10-29 15:30:50,24A15321,
2025-10-29 15:30:51,24A515321,
2025-10-29 15:30:51,24A15321,
2025-10-29 15:30:51,24A15321,
2025-10-29 15:30:52,24A15321,
2025-10-29 15:30:52,24A153211,
2025-10-29 15:30:52,24A153211,
2025-10-29 15:30:53,24A515321,
2025-10-29 15:30:53,24A15321,
2025-10-29 15:30:53,24A515321,
2025-10-29 15:30:54,24A515321,
2025-10-29 15:30:54,24A515321,
2025-10-29 15:30:54,24A515321,
2025-10-29 15:30:55,24A515321,
2025-10-29 15:30:55,24A15321,
2025-10-29 15:30:55,24A15321,
2025-10-29 15:30:55,24A15321,
2025-10-29 15:30:56,24A15321,
2025-10-29 15:30:56,24A15321,
2025-10-29 15:30:56,24A15321,
2025-10-29 15:30:57,24A15321,
2025-10-29 15:30:57,24A15321,
2025-10-29 15:30:57,24A15321,
2025-10-29 15:30:58,24A153217,
2025-10-29 15:30:58,24A153217,
2025-10-29 15:30:58,24A15321,
2025-10-29 15:30:59,24A15321,
2025-10-29 15:30:59,24A15321,
2025-10-29 15:30:59,24A15321,
2025-10-29 15:30:59,24A15321,
2025-10-29 15:31:00,24A15321,
2025-10-29 15:31:00,24A15321,
2025-10-29 15:31:00,24A15321,
2025-10-29 15:31:01,24A15321,
2025-10-29 15:31:01,24A15321,
2025-10-29 15:31:01,24A15321,
2025-10-29 15:31:02,24A15321,
2025-10-29 15:31:02,24A15321,
2025-10-29 15:31:02,24A15321,
2025-10-29 15:31:02,24A15321,
2025-10-29 15:31:03,24A15321,
2025-10-29 15:31:03,24A15321,
2025-10-29 15:31:03,24A15321,
2025-10-29 15:31:04,24A15321,
2025-10-29 15:31:04,24A15321,
2025-10-29 15:31:04,24A15321,
2025-10-29 15:31:05,24A15321,
2025-10-29 15:31:05,24A15321,
2025-10-29 15:31:05,24A15321,
2025-10-29 15:31:06,24A15321,
2025-10-29 15:31:06,24A15321,
2025-10-29 15:31:06,24A15321,
2025-10-29 15:31:07,24A15321,
2025-10-29 15:31:07,24A15321,
2025-10-29 15:31:07,24A15321,
2025-10-29 15:31:07,24A15321,
2025-10-29 15:31:08,24A15321,
2025-10-29 15:31:08,24A15321,
2025-10-29 15:31:08,24A15321,
2025-10-29 15:31:09,24A15321,
2025-10-29 15:31:09,24A15321,
2025-10-29 15:31:09,24A15321,
2025-10-29 15:31:10,24A15321,
2025-10-29 15:31:10,24A15321,
2025-10-29 15:31:10,24A15321,
2025-10-29 15:31:11,24A15321,
2025-10-29 15:31:11,24A15321,
2025-10-29 15:31:11,4015321,
2025-10-29 15:31:12,015321,
2025-10-29 15:31:30,0013859,
2025-10-29 15:31:31,30R13859,
2025-10-29 15:31:33,30H13859,
2025-10-29 15:31:35,30H13859,
2025-10-29 15:31:35,30H13859,
2025-10-29 15:31:36,30H13859,
2025-10-29 15:31:36,30H13859,
2025-10-29 15:31:37,30H13859,
2025-10-29 15:31:37,30H13859,
2025-10-29 15:31:37,30H13859,
2025-10-29 15:31:38,30H13859,
2025-10-29 15:31:38,30H13859,
2025-10-29 15:31:38,30H13859,
2025-10-29 15:31:39,30H13859,
2025-10-29 15:31:39,30H13859,
2025-10-29 15:31:39,30H13859,
2025-10-29 15:31:40,30H13859,
2025-10-29 15:31:40,30H13859,
2025-10-29 15:31:40,30H13859,
2025-10-29 15:31:41,30H13859,
2025-10-29 15:31:41,30H13859,
2025-10-29 15:31:41,30H13859,
2025-10-29 15:31:42,30H13859,
2025-10-29 15:31:42,30H13859,
2025-10-29 15:31:43,30H13859,
2025-10-29 15:31:43,30H13859,
2025-10-29 15:31:43,30H13859,
2025-10-29 15:31:44,30H13859,
2025-10-29 15:31:44,30H13859,
2025-10-29 15:31:45,30H13859,
2025-10-29 15:31:45,30H13859,
2025-10-29 15:31:46,30H13859,
2025-10-29 15:31:47,30H13859,
2025-10-29 15:31:47,30H13859,
2025-10-29 15:31:48,30H13859,
2025-10-29 15:31:48,30H13859,
2025-10-29 15:31:49,30H13859,
2025-10-29 15:31:50,30H13859,
2025-10-29 15:31:50,30H13859,
2025-10-29 15:31:51,30H13859,
2025-10-29 15:31:51,30H13859,
2025-10-29 15:31:52,30H13859,
2025-10-29 15:31:53,30H13859,
2025-10-29 15:31:53,30H13859,
2025-10-29 15:31:54,30H13859,
2025-10-29 15:31:55,24B136659,
2025-10-29 15:31:55,30H13859,
2025-10-29 15:31:56,24B136659,
2025-10-29 15:31:56,30H13859,
2025-10-29 15:31:57,30H13859,
2025-10-29 15:31:58,30H13859,
2025-10-29 15:31:58,30H13859,
2025-10-29 15:31:59,30H13859,
2025-10-29 15:31:59,30H13859,
2025-10-29 15:32:00,30H13859,
2025-10-29 15:32:01,30H13859,
2025-10-29 15:32:01,30H13859,
2025-10-29 15:32:02,30H13859,
2025-10-29 15:32:03,30H13859,
2025-10-29 15:32:03,30H13859,
2025-10-29 15:32:04,30H13859,
2025-10-29 15:32:05,30H13859,
2025-10-29 15:32:05,30H13859,
2025-10-29 15:32:06,30H13859,
2025-10-29 15:32:07,30H13859,
2025-10-29 15:32:09,30H13859,
2025-10-29 15:32:10,30H13859,
2025-10-29 15:32:11,30H13859,
2025-10-29 15:32:12,30H13859,
2025-10-29 15:32:12,0013859,
2025-10-29 15:32:13,24B136659,
2025-10-29 15:32:14,248136659,
2025-10-29 15:32:14,248136659,
2025-10-29 15:32:15,2481736659,
2025-10-29 15:32:15,2481736659,
2025-10-29 15:32:15,2481736659,
2025-10-29 15:32:16,240136659,
2025-10-29 15:32:16,2401736659,
2025-10-29 15:32:17,2401736659,
2025-10-29 15:32:17,2401736659,
2025-10-29 15:32:17,240136659,
2025-10-29 15:32:18,240136659,
2025-10-29 15:32:18,250136659,
2025-10-29 15:32:18,248136659,
2025-10-29 15:32:19,248136659,
2025-10-29 15:32:19,248136659,
2025-10-29 15:32:20,248136659,
2025-10-29 15:32:20,246136659,
2025-10-29 15:32:20,2581136659,
2025-10-29 15:32:21,236136659,
2025-10-29 15:32:21,248136659,
2025-10-29 15:32:22,20BI35539,
2025-10-29 15:32:22,20BI36659,
2025-10-29 15:32:23,238136659,
2025-10-29 15:32:23,24B136659,
2025-10-29 15:32:23,24B136659,
2025-10-29 15:32:24,2481136659,
2025-10-29 15:32:24,248136659,
2025-10-29 15:32:25,248136659,
2025-10-29 15:32:25,24B136659,
2025-10-29 15:32:25,30G21695,
2025-10-29 15:32:26,783136659,
2025-10-29 15:32:26,783136659,
2025-10-29 15:32:26,248136659,
2025-10-29 15:32:27,30G21695,
2025-10-29 15:32:27,248135659,
2025-10-29 15:32:28,24A00921,
2025-10-29 15:32:28,24A00921,
2025-10-29 15:32:29,30G21695,
2025-10-29 15:32:29,30G21695,
2025-10-29 15:32:30,30G21695,
2025-10-29 15:32:30,24A00921,
2025-10-29 15:32:31,24A00921,
2025-10-29 15:32:32,30G21695,
2025-10-29 15:32:33,24A00921,
2025-10-29 15:32:33,24A00921,
2025-10-29 15:32:34,24A00921,
2025-10-29 15:32:35,30G21695,
2025-10-29 15:32:35,24A00921,
2025-10-29 15:32:36,30G21695,
2025-10-29 15:32:37,30G21695,
2025-10-29 15:32:38,30G21695,
2025-10-29 15:32:38,30G21695,
2025-10-29 15:32:39,30G21695,
2025-10-29 15:32:40,30G21695,
2025-10-29 15:32:40,30G21695,
2025-10-29 15:32:41,30G21695,
2025-10-29 15:32:41,30G21695,
2025-10-29 15:32:42,30G21695,
2025-10-29 15:32:43,30G21695,
2025-10-29 15:32:43,30G21695,
2025-10-29 15:32:44,30G21695,
2025-10-29 15:32:45,30G21695,
2025-10-29 15:32:45,30G21695,
2025-10-29 15:32:46,24A00921,
2025-10-29 15:32:47,24A00921,
2025-10-29 15:32:47,30G21695,
2025-10-29 15:32:48,30G21695,
2025-10-29 15:32:48,24A00921,
2025-10-29 15:32:49,24A00921,
2025-10-29 15:32:50,24A00921,
2025-10-29 15:32:50,24A00921,
2025-10-29 15:32:51,24A00921,
2025-10-29 15:32:51,24A00921,
2025-10-29 15:32:51,24A00921,
2025-10-29 15:32:52,24A00921,
2025-10-29 15:32:52,24A00921,
2025-10-29 15:32:52,24A00921,
2025-10-29 15:32:53,24A00921,
2025-10-29 15:32:53,24A00921,
2025-10-29 15:32:53,24A00921,
2025-10-29 15:32:54,24A00921,
2025-10-29 15:32:54,24A00921,
2025-10-29 15:32:54,24A00921,
2025-10-29 15:32:55,24A00921,
2025-10-29 15:32:55,24A00921,
2025-10-29 15:32:55,24A00921,
2025-10-29 15:32:56,24A00921,
2025-10-29 15:32:56,24A00921,
2025-10-29 15:32:56,24A00921,
2025-10-29 15:32:57,24A00921,
2025-10-29 15:32:57,24A00921,
2025-10-29 15:32:57,24A00921,
2025-10-29 15:32:58,24A00921,
2025-10-29 15:32:58,24A00921,
2025-10-29 15:32:58,24A00921,
2025-10-29 15:32:59,24A00921,
2025-10-29 15:32:59,24A00921,
2025-10-29 15:32:59,24A00921,
2025-10-29 15:33:00,24A00921,
2025-10-29 15:33:00,24A00921,
2025-10-29 15:33:00,24A00921,
2025-10-29 15:33:01,24A00921,
2025-10-29 15:33:01,24A00921,
2025-10-29 15:33:01,4000921,
2025-10-29 15:33:02,4000921,
2025-10-29 15:33:09,24B00818,
2025-10-29 15:33:10,24B00818,
2025-10-29 15:33:10,24B00818,
2025-10-29 15:33:11,24B00818,
2025-10-29 15:33:11,24800818,
2025-10-29 15:33:12,24800818,
2025-10-29 15:33:12,24B00818,
2025-10-29 15:33:13,24B00818,
2025-10-29 15:33:13,24B00818,
2025-10-29 15:33:13,24B00818,
2025-10-29 15:33:14,24B00818,
2025-10-29 15:33:14,24B00818,
2025-10-29 15:33:15,24B00818,
2025-10-29 15:33:15,24B00818,
2025-10-29 15:33:15,24B00818,
2025-10-29 15:33:16,24B00818,
2025-10-29 15:33:16,24B00818,
2025-10-29 15:33:16,24B00818,
2025-10-29 15:33:17,24B00818,
2025-10-29 15:33:17,24B00818,
2025-10-29 15:33:18,24B00818,
2025-10-29 15:33:18,24B00818,
2025-10-29 15:33:18,24B00818,
2025-10-29 15:33:19,24B00818,
2025-10-29 15:33:19,24B00818,
2025-10-29 15:33:19,24B00818,
2025-10-29 15:33:20,24B00818,
2025-10-29 15:33:20,24B00818,
2025-10-29 15:33:20,24B00818,
2025-10-29 15:33:21,24B00818,
2025-10-29 15:33:21,24B00818,
2025-10-29 15:33:22,24B00818,
2025-10-29 15:33:22,24B00818,
2025-10-29 15:33:22,24B00818,
2025-10-29 15:33:23,24B00818,
2025-10-29 15:33:23,24B00818,
2025-10-29 15:33:23,24B00818,
2025-10-29 15:33:24,24B00818,
2025-10-29 15:33:24,24B00818,
2025-10-29 15:33:25,24B00818,
2025-10-29 15:33:25,24B00818,
2025-10-29 15:33:25,24B00818,
2025-10-29 15:33:26,24B00818,
2025-10-29 15:33:27,24800818,
2025-10-29 15:33:27,24800818,
2025-10-29 15:33:28,24800818,
2025-10-29 15:33:29,24800818,
2025-10-29 15:33:30,24B00818,
2025-10-29 15:33:30,24800818,
2025-10-29 15:33:31,24B00818,
2025-10-29 15:33:32,24800810,
2025-10-29 15:33:33,24800818,
2025-10-29 15:33:34,24800818,
2025-10-29 15:33:34,24900818,
2025-10-29 15:33:35,24800818,
2025-10-29 15:33:37,24C12946,
2025-10-29 15:33:38,24C12946,
2025-10-29 15:33:38,24C12946,
2025-10-29 15:33:39,24C12946,
2025-10-29 15:33:39,24C12946,
2025-10-29 15:33:40,24C12946,
2025-10-29 15:33:41,24C12946,
2025-10-29 15:33:41,24C12946,
2025-10-29 15:33:41,24C12946,
2025-10-29 15:33:42,24C12946,
2025-10-29 15:33:42,24C12946,
2025-10-29 15:33:43,24C12946,
2025-10-29 15:33:43,24C12946,
2025-10-29 15:33:44,24C12946,
2025-10-29 15:33:45,24C12946,
2025-10-29 15:33:45,24C12946,
2025-10-29 15:33:46,24C12946,
2025-10-29 15:33:47,24C12946,
2025-10-29 15:33:47,24C12946,
2025-10-29 15:33:48,24C12946,
2025-10-29 15:33:48,24C12946,
2025-10-29 15:33:48,24C12946,
2025-10-29 15:33:49,24C12946,
2025-10-29 15:33:49,24C12946,
2025-10-29 15:33:50,24C12946,
2025-10-29 15:33:50,24C12946,
2025-10-29 15:33:50,24C12946,
2025-10-29 15:33:51,24C12946,
2025-10-29 15:33:52,24C12946,
2025-10-29 15:33:53,24C12946,
2025-10-29 15:33:53,24C12946,
2025-10-29 15:33:54,24C12946,
2025-10-29 15:33:55,24C12946,
2025-10-29 15:33:55,24C12946,
2025-10-29 15:33:56,24C12946,
2025-10-29 15:33:57,24C12946,
2025-10-29 15:33:57,24C12946,
2025-10-29 15:33:58,24C12946,
2025-10-29 15:33:59,24C12946,
2025-10-29 15:33:59,24C12946,
2025-10-29 15:34:00,24C12946,
2025-10-29 15:34:01,24C12946,
2025-10-29 15:34:02,24C12946,
2025-10-29 15:34:03,24C12946,
2025-10-29 15:34:04,24C12946,
2025-10-29 15:34:05,24C12946,
2025-10-29 15:34:06,24C12946,
2025-10-29 15:34:07,24C12946,
2025-10-29 15:34:08,24C12946,
2025-10-29 15:34:08,24C12946,
2025-10-29 15:34:09,24C12946,
2025-10-29 15:34:10,24C12946,
2025-10-29 15:34:11,24C12946,
2025-10-29 15:34:11,24C12946,
2025-10-29 15:34:12,24C12946,
2025-10-29 15:34:13,24C12946,
2025-10-29 15:34:14,24C12946,
2025-10-29 15:34:14,24C12946,
2025-10-29 15:34:15,24C12945,
2025-10-29 15:34:15,24C12946,
2025-10-29 15:34:16,24C12946,
2025-10-29 15:34:16,24C12946,
2025-10-29 15:34:17,24C12946,
2025-10-29 15:34:18,24C12946,
2025-10-29 15:34:23,24HB17233,
2025-10-29 15:34:23,24H917233,
2025-10-29 15:34:24,24HB17233,
2025-10-29 15:34:24,24H817233,
2025-10-29 15:34:24,24H817233,
2025-10-29 15:34:25,24HB17233,
2025-10-29 15:34:25,24H817233,
2025-10-29 15:34:26,24HB17233,
2025-10-29 15:34:27,24H817233,
2025-10-29 15:34:27,24H817233,
2025-10-29 15:34:28,24HB17233,
2025-10-29 15:34:28,24H817233,
2025-10-29 15:34:29,24HB17233,
2025-10-29 15:34:29,24H817233,
2025-10-29 15:34:30,24HB17233,
2025-10-29 15:34:31,24HB17233,
2025-10-29 15:35:44,24A05850,
2025-10-29 15:35:45,24A05850,
2025-10-29 15:35:47,24A05850,
2025-10-29 15:35:47,24A05850,
2025-10-29 15:35:48,24A05850,
2025-10-29 15:35:48,24A05850,
2025-10-29 15:35:49,24A05850,
2025-10-29 15:35:50,24A05850,
2025-10-29 15:35:50,24A05850,
2025-10-29 15:35:51,24A05850,
2025-10-29 15:35:51,24A05850,
2025-10-29 15:35:52,24A05850,
2025-10-29 15:35:52,24A05850,
2025-10-29 15:35:53,24A05850,
2025-10-29 15:35:53,24A05850,
2025-10-29 15:35:54,24A05850,
2025-10-29 15:35:54,24A05850,
2025-10-29 15:35:55,24A05850,
2025-10-29 15:35:55,24A05850,
2025-10-29 15:35:55,24A05850,
2025-10-29 15:35:56,24A05850,
2025-10-29 15:35:57,24A05850,
2025-10-29 15:35:57,24A05850,
2025-10-29 15:35:58,24A05850,
2025-10-29 15:35:58,24A05850,
2025-10-29 15:35:59,24A05850,
2025-10-29 15:36:00,24405850,
2025-10-29 15:36:00,24405850,
2025-10-29 15:36:10,37A67794,
2025-10-29 15:36:11,37A75449,
2025-10-29 15:36:12,37A15746,
2025-10-29 15:36:13,37A75449,
2025-10-29 15:36:13,37A75449,
2025-10-29 15:36:14,37A75449,
2025-10-29 15:36:14,37A75449,
2025-10-29 15:36:15,37A75449,
2025-10-29 15:36:15,37A75449,
2025-10-29 15:36:16,37A75449,
2025-10-29 15:36:17,37A75449,
2025-10-29 15:36:18,37A75449,
2025-10-29 15:36:18,37A75449,
2025-10-29 15:36:19,37A75449,
2025-10-29 15:36:20,37A75449,
2025-10-29 15:36:20,37A75449,
2025-10-29 15:36:21,37A75449,
2025-10-29 15:36:22,37A75449,
2025-10-29 15:36:23,37A75449,
2025-10-29 15:36:24,37A67794,
2025-10-29 15:36:24,37A67794,
2025-10-29 15:36:25,37A75449,
2025-10-29 15:36:25,37A67796,
2025-10-29 15:36:26,37A75449,
2025-10-29 15:36:26,37A75449,
2025-10-29 15:36:27,37A75449,
2025-10-29 15:36:27,37A75449,
2025-10-29 15:36:28,37A67796,
2025-10-29 15:36:28,37A75449,
2025-10-29 15:36:29,37A6779,
2025-10-29 15:36:29,37A67796,
2025-10-29 15:36:30,37A67796,
2025-10-29 15:36:31,37A67750,
2025-10-29 15:36:31,37A75449,
2025-10-29 15:36:32,37A75449,
2025-10-29 15:36:32,37A75449,
2025-10-29 15:36:33,37A75449,
2025-10-29 15:36:34,37A75449,
2025-10-29 15:36:34,37A75449,
2025-10-29 15:36:35,37A67754,
2025-10-29 15:36:36,37A75449,
2025-10-29 15:36:36,37A75449,
2025-10-29 15:36:37,37A75449,
2025-10-29 15:36:37,37A75449,
2025-10-29 15:36:38,37A75449,
2025-10-29 15:36:39,37A75449,
2025-10-29 15:37:16,24A07308,
2025-10-29 15:37:17,24A07308,
2025-10-29 15:37:17,24A07308,
2025-10-29 15:37:18,24A07308,
2025-10-29 15:37:18,24A07308,
2025-10-29 15:37:19,24A07308,
2025-10-29 15:37:19,24A07308,
2025-10-29 15:37:20,24A07308,
2025-10-29 15:37:20,74A07308,
2025-10-29 15:37:21,24A07308,
2025-10-29 15:37:21,24A0730,
2025-10-29 15:37:22,24A0730,
2025-10-29 15:37:39,24A28901,
2025-10-29 15:37:40,24A28901,
2025-10-29 15:37:41,24A28901,
2025-10-29 15:37:41,24A28901,
2025-10-29 15:37:42,24A28901,
2025-10-29 15:37:43,24A28901,
2025-10-29 15:37:44,24A28901,
2025-10-29 15:37:44,24A28901,
2025-10-29 15:37:45,24A28901,
2025-10-29 15:37:45,24A28901,
2025-10-29 15:37:46,24A28901,
2025-10-29 15:37:47,24A28901,
2025-10-29 15:37:47,24A28901,
2025-10-29 15:37:48,24A28901,
2025-10-29 15:37:49,24A28901,
2025-10-29 15:37:49,24A28901,
2025-10-29 15:37:50,24A28901,
2025-10-29 15:37:50,24A28901,
2025-10-29 15:37:51,24A28901,
2025-10-29 15:37:51,24A28901,
2025-10-29 15:37:52,24A28901,
2025-10-29 15:37:52,24A28901,
2025-10-29 15:37:53,24A28901,
2025-10-29 15:37:53,24A28901,
2025-10-29 15:37:54,24A28901,
2025-10-29 15:37:54,24A28901,
2025-10-29 15:37:55,24A28901,
2025-10-29 15:37:56,24A28901,
2025-10-29 15:37:57,24A28901,
2025-10-29 15:37:57,24A28901,
2025-10-29 15:37:58,24A28901,
2025-10-29 15:37:59,24A28901,
2025-10-29 15:37:59,24A28901,
2025-10-29 15:38:00,24A28901,
2025-10-29 15:38:00,24A28901,
2025-10-29 15:38:00,24A28901,
2025-10-29 15:38:01,24A28901,
2025-10-29 15:38:01,24A28901,
2025-10-29 15:38:02,24A28901,
2025-10-29 15:38:02,24A28901,
2025-10-29 15:38:03,24A28901,
2025-10-29 15:38:04,24A28901,
2025-10-29 15:38:39,24A23660,
2025-10-29 15:38:40,24A23660,
2025-10-29 15:38:40,24A23660,
2025-10-29 15:38:40,24A23660,
2025-10-29 15:38:41,24A23660,
2025-10-29 15:38:41,24A23660,
2025-10-29 15:38:42,24A23660,
2025-10-29 15:38:42,24A23660,
2025-10-29 15:38:42,24A23660,
2025-10-29 15:38:43,24A23660,
2025-10-29 15:38:44,24A23660,
2025-10-29 15:38:44,24A23660,
2025-10-29 15:38:44,24A23660,
2025-10-29 15:38:45,24A23660,
2025-10-29 15:38:45,24A23660,
2025-10-29 15:38:45,24A23650,
2025-10-29 15:38:46,24A23660,
2025-10-29 15:38:46,24A23660,
2025-10-29 15:38:46,24A23660,
2025-10-29 15:38:47,24A23660,
2025-10-29 15:38:47,24A23660,
2025-10-29 15:38:48,24A23660,
2025-10-29 15:38:48,24A23660,
2025-10-29 15:38:48,24A23660,
2025-10-29 15:38:49,24A23660,
2025-10-29 15:38:49,24A23660,
2025-10-29 15:38:50,24A23660,
2025-10-29 15:38:50,24A23660,
2025-10-29 15:38:51,24A01447,
2025-10-29 15:38:52,24A01447,
2025-10-29 15:38:52,24A01447,
2025-10-29 15:38:53,24A23660,
2025-10-29 15:38:53,24A23660,
2025-10-29 15:38:54,24A23660,
2025-10-29 15:38:55,24A23660,
2025-10-29 15:38:55,24A01447,
2025-10-29 15:38:56,24A01447,
2025-10-29 15:38:57,24A23660,
2025-10-29 15:38:57,24A23660,
2025-10-29 15:38:58,24A23660,
2025-10-29 15:38:59,24A23660,
2025-10-29 15:38:59,24A23660,
2025-10-29 15:39:00,24A01447,
2025-10-29 15:39:00,24A01447,
2025-10-29 15:39:01,24A01447,
2025-10-29 15:39:01,24A01447,
2025-10-29 15:39:01,24A01447,
2025-10-29 15:39:02,24A01447,
2025-10-29 15:39:02,24A01447,
2025-10-29 15:39:02,24A01447,
2025-10-29 15:39:03,24A01447,
2025-10-29 15:39:03,24A01447,
2025-10-29 15:39:03,24A01447,
2025-10-29 15:39:04,24A01447,
2025-10-29 15:39:04,24A01447,
2025-10-29 15:39:05,24A01447,
2025-10-29 15:39:05,24A01447,
2025-10-29 15:39:05,24A01447,
2025-10-29 15:39:06,24A01447,
2025-10-29 15:39:06,24A01447,
2025-10-29 15:39:06,24A01447,
2025-10-29 15:39:07,24A01447,
2025-10-29 15:39:07,24A01447,
2025-10-29 15:39:07,24A01447,
2025-10-29 15:39:08,24A01447,
2025-10-29 15:39:08,24A01447,
2025-10-29 15:39:08,24A01447,
2025-10-29 15:39:09,24A01447,
2025-10-29 15:39:09,24A01447,
2025-10-29 15:39:09,24A01447,
2025-10-29 15:39:10,24A01447,
2025-10-29 15:39:10,24A01447,
2025-10-29 15:39:10,24A01447,
2025-10-29 15:39:11,24A01447,
2025-10-29 15:39:11,24A01447,
2025-10-29 15:39:11,24A01447,
2025-10-29 15:39:15,24A09941,
2025-10-29 15:39:15,24A09941,
2025-10-29 15:39:16,24A09941,
2025-10-29 15:39:16,24A09941,
2025-10-29 15:39:16,24A09941,
2025-10-29 15:39:17,24A09941,
2025-10-29 15:39:17,24A09941,
2025-10-29 15:39:17,24A09941,
2025-10-29 15:39:18,24A09941,
2025-10-29 15:39:18,24A09941,
2025-10-29 15:39:18,24A09941,
2025-10-29 15:39:19,24A09941,
2025-10-29 15:39:19,24A09941,
2025-10-29 15:39:19,24A09941,
2025-10-29 15:39:19,24A09941,
2025-10-29 15:39:20,24A09941,
2025-10-29 15:39:20,24A09941,
2025-10-29 15:39:20,24A09941,
2025-10-29 15:39:21,24A09941,
2025-10-29 15:39:21,24A09941,
2025-10-29 15:39:21,24A09941,
2025-10-29 15:39:22,24A09941,
2025-10-29 15:39:22,24A09941,
2025-10-29 15:39:22,24A09941,
2025-10-29 15:39:23,24A09941,
2025-10-29 15:39:23,24A09941,
2025-10-29 15:39:23,24A09941,
2025-10-29 15:39:24,24A09941,
2025-10-29 15:39:24,24A09941,
2025-10-29 15:39:24,24A09941,
2025-10-29 15:39:25,24A09941,
2025-10-29 15:39:25,24A09941,
2025-10-29 15:39:25,24A09941,
2025-10-29 15:39:25,24A09941,
2025-10-29 15:39:26,24A09941,
2025-10-29 15:39:26,24A09941,
2025-10-29 15:39:26,24A09941,
2025-10-29 15:39:27,24A09941,
2025-10-29 15:39:27,24A09941,
2025-10-29 15:39:27,24A09941,
2025-10-29 15:39:28,24A09941,
2025-10-29 15:39:28,24A09941,
2025-10-29 15:39:28,24A09941,
2025-10-29 15:39:29,24A09941,
2025-10-29 15:39:29,24A09941,
2025-10-29 15:39:29,24A09941,
2025-10-29 15:39:30,24A09941,
2025-10-29 15:39:30,24A09941,
2025-10-29 15:39:30,24A09941,
2025-10-29 15:39:31,24A09941,
2025-10-29 15:39:31,24A09941,
2025-10-29 15:39:31,24A09941,
2025-10-29 15:39:32,24A09941,
2025-10-29 15:39:32,24A09941,
2025-10-29 15:39:32,24A09941,
2025-10-29 15:39:33,24A09941,
2025-10-29 15:39:33,24A09941,
2025-10-29 15:39:33,24A09941,
2025-10-29 15:39:43,24A17752,
2025-10-29 15:39:44,24A17752,
2025-10-29 15:39:44,24A17752,
2025-10-29 15:39:45,24A17752,
2025-10-29 15:39:45,24A17752,
2025-10-29 15:39:45,24A17752,
2025-10-29 15:39:46,24A17752,
2025-10-29 15:39:46,24A17752,
2025-10-29 15:39:46,24A17752,
2025-10-29 15:39:47,24A17752,
2025-10-29 15:39:47,24A17752,
2025-10-29 15:39:48,24A17752,
2025-10-29 15:39:48,24A17752,
2025-10-29 15:39:48,24A17752,
2025-10-29 15:39:49,24A17752,
2025-10-29 15:39:49,24A17752,
2025-10-29 15:39:49,24A17752,
2025-10-29 15:39:50,24A17752,
2025-10-29 15:39:50,24A17752,
2025-10-29 15:39:51,24A17752,
2025-10-29 15:39:52,24A17752,
2025-10-29 15:39:52,24A17752,
2025-10-29 15:39:53,24A17752,
2025-10-29 15:39:53,24A17752,
2025-10-29 15:39:54,24A17752,
2025-10-29 15:39:54,24A17752,
2025-10-29 15:39:55,24A17752,
2025-10-29 15:39:56,24A17752,
2025-10-29 15:39:56,24A17752,
2025-10-29 15:39:57,24A17752,
2025-10-29 15:39:57,24A17752,
2025-10-29 15:39:58,24A17752,
2025-10-29 15:39:58,24A17752,
2025-10-29 15:39:59,24A17752,
2025-10-29 15:40:00,24A12429,
2025-10-29 15:40:00,24A17752,
2025-10-29 15:40:01,24A12429,
2025-10-29 15:40:01,24A12429,
2025-10-29 15:40:02,24A12429,
2025-10-29 15:40:03,24A17752,
2025-10-29 15:40:03,24A17752,
2025-10-29 15:40:04,24A12429,
2025-10-29 15:40:05,24A17752,
2025-10-29 15:40:05,24A17752,
2025-10-29 15:40:06,24A17752,
2025-10-29 15:40:07,24A12429,
2025-10-29 15:40:07,24A12429,
2025-10-29 15:40:08,24A17752,
2025-10-29 15:40:08,24A12429,
2025-10-29 15:40:09,24A12429,
2025-10-29 15:40:10,24A12429,
2025-10-29 15:40:10,24A17752,
2025-10-29 15:40:11,24A12429,
2025-10-29 15:40:11,24A12429,
2025-10-29 15:40:12,24A12429,
2025-10-29 15:40:12,24A12429,
2025-10-29 15:40:13,24A12429,
2025-10-29 15:40:14,24A12429,
2025-10-29 15:40:14,24A12429,
2025-10-29 15:40:15,24A12429,
2025-10-29 15:40:15,24A12429,
2025-10-29 15:40:16,24A12429,
2025-10-29 15:40:16,24A12429,
2025-10-29 15:40:17,24A12429,
2025-10-29 15:40:17,24A12429,
2025-10-29 15:40:18,012429,
2025-10-29 15:40:24,24A16683,
2025-10-29 15:40:25,24A16683,
2025-10-29 15:40:25,24A16683,
2025-10-29 15:40:25,24A16683,
2025-10-29 15:40:26,24A16683,
2025-10-29 15:40:26,24A16683,
2025-10-29 15:40:27,24A16683,
2025-10-29 15:40:27,24A16683,
2025-10-29 15:40:27,24A16683,
2025-10-29 15:40:28,24A16683,
2025-10-29 15:40:28,24A16683,
2025-10-29 15:40:28,24A16683,
2025-10-29 15:40:29,24A16683,
2025-10-29 15:40:29,24A16683,
2025-10-29 15:40:30,24A16683,
2025-10-29 15:40:30,24A16683,
2025-10-29 15:40:30,24A16683,
2025-10-29 15:40:31,24A16683,
2025-10-29 15:40:31,24A16683,
2025-10-29 15:40:31,24A16683,
2025-10-29 15:40:32,24A16683,
2025-10-29 15:40:32,24A16683,
2025-10-29 15:40:32,24A16683,
2025-10-29 15:40:33,24A16683,
2025-10-29 15:40:33,24A16683,
2025-10-29 15:40:34,24A16683,
2025-10-29 15:40:34,24A16683,
2025-10-29 15:40:34,24A16683,
2025-10-29 15:40:35,24A16683,
2025-10-29 15:40:35,24A16683,
2025-10-29 15:40:35,24A16683,
2025-10-29 15:40:36,24A16683,
2025-10-29 15:40:36,24A16683,
2025-10-29 15:40:37,24A16683,
2025-10-29 15:40:37,24A16683,
2025-10-29 15:40:37,24A16683,
2025-10-29 15:40:38,24A16683,
2025-10-29 15:40:38,24A16683,
2025-10-29 15:40:38,24A16683,
2025-10-29 15:40:39,24A16683,
2025-10-29 15:40:39,24A16683,
2025-10-29 15:40:40,24A16683,
2025-10-29 15:40:40,24A16683,
2025-10-29 15:40:40,24A16683,
2025-10-29 15:40:41,24A16683,
2025-10-29 15:40:41,24A16683,
2025-10-29 15:40:41,24A16683,
2025-10-29 15:40:42,24A16683,
2025-10-29 15:40:42,24A16683,
2025-10-29 15:40:43,24A16683,
2025-10-29 15:40:43,24A16683,
2025-10-29 15:40:43,24A16683,
2025-10-29 15:40:44,24A16683,
2025-10-29 15:40:44,24A16683,
2025-10-29 15:40:45,24A16683,
2025-10-29 15:40:45,24A16683,
2025-10-29 15:40:45,24A16683,
2025-10-29 15:40:46,24A16683,
2025-10-29 15:40:46,24A16683,
2025-10-29 15:40:46,24A16683,
2025-10-29 15:40:47,24A16683,
2025-10-29 15:40:47,24A16683,
2025-10-29 15:40:48,24A16683,
2025-10-29 15:40:48,24A16683,
2025-10-29 15:40:50,24A16683,
2025-10-29 15:40:51,24A1002,
2025-10-29 15:40:51,24A13831,
2025-10-29 15:40:52,24A13831,
2025-10-29 15:40:52,24A13831,
2025-10-29 15:40:53,24A13831,
2025-10-29 15:40:53,24A13831,
2025-10-29 15:40:54,24A13831,
2025-10-29 15:40:54,24A13831,
2025-10-29 15:40:55,24A13831,
2025-10-29 15:40:56,24A13831,
2025-10-29 15:40:56,24A13831,
2025-10-29 15:40:57,24A13831,
2025-10-29 15:40:57,24A13831,
2025-10-29 15:40:58,24A13831,
2025-10-29 15:40:58,24A13831,
2025-10-29 15:40:59,24A13831,
2025-10-29 15:40:59,24A13831,
2025-10-29 15:41:00,24A13831,
2025-10-29 15:41:01,24A13831,
2025-10-29 15:41:02,24A13831,
2025-10-29 15:41:02,24A13831,
2025-10-29 15:41:03,24A13831,
2025-10-29 15:41:03,24A13831,
2025-10-29 15:41:04,24A13831,
2025-10-29 15:41:04,24A13831,
2025-10-29 15:41:04,24A13831,
2025-10-29 15:41:05,24A13831,
2025-10-29 15:41:06,24A13831,
2025-10-29 15:41:07,24A13831,
2025-10-29 15:41:07,24A13831,
2025-10-29 15:41:08,24A13831,
2025-10-29 15:41:09,24A13831,
2025-10-29 15:41:09,24A13831,
2025-10-29 15:41:10,24A13831,
2025-10-29 15:41:10,24A13831,
2025-10-29 15:41:11,24A13831,
2025-10-29 15:41:11,24A13831,
2025-10-29 15:41:12,24A13831,
2025-10-29 15:41:12,24A13831,
2025-10-29 15:41:13,24A13831,
2025-10-29 15:41:13,24A13831,
2025-10-29 15:41:14,24A13831,
2025-10-29 15:41:14,24A13831,
2025-10-29 15:41:15,24A13831,
2025-10-29 15:41:15,24A13831,
2025-10-29 15:41:16,24A13831,
2025-10-29 15:41:16,24A13831,
2025-10-29 15:41:17,24A13831,
2025-10-29 15:41:17,24A13831,
2025-10-29 15:41:18,24A13831,
2025-10-29 15:42:23,24ND111027,
2025-10-29 15:42:24,24ND111027,
2025-10-29 15:42:25,24NO111027,
2025-10-29 15:42:31,24A01414,
2025-10-29 15:42:32,24A01414,
2025-10-29 15:42:35,24A01414,
2025-10-29 15:42:36,24A01414,
2025-10-29 15:42:37,24A01414,
2025-10-29 15:42:37,24A01414,
2025-10-29 15:42:38,24A01414,
2025-10-29 15:42:38,24A01414,
2025-10-29 15:42:39,24A01414,
2025-10-29 15:42:40,24A01414,
2025-10-29 15:42:40,24A01414,
2025-10-29 15:42:40,24A01414,
2025-10-29 15:42:41,24A01414,
2025-10-29 15:42:41,24A01414,
2025-10-29 15:42:41,24A01414,
2025-10-29 15:42:42,24A01414,
2025-10-29 15:42:42,21AA44174,
2025-10-29 15:42:42,21AA7174,
2025-10-29 15:42:43,24A01414,
2025-10-29 15:42:43,24A01414,
2025-10-29 15:42:44,24A01414,
2025-10-29 15:42:44,24A01414,
2025-10-29 15:42:44,24A01414,
2025-10-29 15:42:45,24A01414,
2025-10-29 15:42:45,24A01414,
2025-10-29 15:42:45,24A01414,
2025-10-29 15:42:46,24A01414,
2025-10-29 15:42:46,24A01414,
2025-10-29 15:42:46,24A01414,
2025-10-29 15:42:47,24A01414,
2025-10-29 15:42:48,24A01414,
2025-10-29 15:42:48,24A01414,
2025-10-29 15:42:50,24P20569,
2025-10-29 15:42:51,25P20569,
2025-10-29 15:42:51,25P20569,
2025-10-29 15:42:52,24P20569,
2025-10-29 15:42:53,24P210569,
2025-10-29 15:42:53,21P20569,
2025-10-29 15:42:54,25P20569,
2025-10-29 15:42:54,24PZ0569,
2025-10-29 15:42:54,24P20569,
2025-10-29 15:42:55,20Z0569,
2025-10-29 15:42:56,24P20569,
2025-10-29 15:42:56,74P20569,
2025-10-29 15:42:57,24P20569,
2025-10-29 15:42:57,24P20569,
2025-10-29 15:42:58,24P20569,
2025-10-29 15:42:58,24P20569,
2025-10-29 15:42:59,24P20559,
2025-10-29 15:43:00,25P20569,
2025-10-29 15:43:00,24P20569,
2025-10-29 15:43:01,23P20569,
2025-10-29 15:43:02,23P20569,
2025-10-29 15:43:03,24P20569,
2025-10-29 15:43:03,24P20569,
2025-10-29 15:43:04,24P20569,
2025-10-29 15:43:04,24P20569,
2025-10-29 15:43:05,24P20569,
2025-10-29 15:43:06,24P20569,
2025-10-29 15:43:06,24P20569,
2025-10-29 15:43:07,24P20569,
2025-10-29 15:43:08,24PZ0569,
2025-10-29 15:43:08,24PZ0569,
2025-10-29 15:43:09,24P20569,
2025-10-29 15:43:10,24P20569,
2025-10-29 15:43:10,24P20569,
2025-10-29 15:43:11,24P20569,
2025-10-29 15:43:11,25P20569,
2025-10-29 15:43:11,25220569,
2025-10-29 15:43:13,24P20569,
2025-10-29 15:43:13,24P20569,
2025-10-29 15:43:47,24A03521,
2025-10-29 15:43:48,24A03521,
2025-10-29 15:43:48,24A03521,
2025-10-29 15:43:49,24A03521,
2025-10-29 15:43:49,24A03521,
2025-10-29 15:43:49,24A03521,
2025-10-29 15:43:50,24A03521,
2025-10-29 15:43:50,24A03521,
2025-10-29 15:43:50,24A03521,
2025-10-29 15:43:51,24A03521,
2025-10-29 15:43:51,24A03521,
2025-10-29 15:43:52,24A03521,
2025-10-29 15:43:53,24A03521,
2025-10-29 15:43:53,24A03521,
2025-10-29 15:43:53,24A03521,
2025-10-29 15:43:54,24A03521,
2025-10-29 15:43:55,24A03521,
2025-10-29 15:43:55,24A03521,
2025-10-29 15:43:56,24A03521,
2025-10-29 15:44:06,25135291,
2025-10-29 15:44:07,25135291,
2025-10-29 15:44:45,24A02655,
2025-10-29 15:44:46,24A02655,
2025-10-29 15:44:46,24A02655,
2025-10-29 15:44:47,24A02655,
2025-10-29 15:44:47,24A02655,
2025-10-29 15:44:48,24A02655,
2025-10-29 15:44:48,24A02655,
2025-10-29 15:44:49,24A02655,
2025-10-29 15:44:49,24A02655,
2025-10-29 15:44:49,24A02655,
2025-10-29 15:44:50,24A02655,
2025-10-29 15:44:51,24A02655,
2025-10-29 15:44:51,24A02655,
2025-10-29 15:44:52,24A02655,
2025-10-29 15:44:52,24A02655,
2025-10-29 15:44:53,24A02655,
2025-10-29 15:44:54,24A02655,
2025-10-29 15:44:55,24A02655,
2025-10-29 15:44:55,24A02655,
2025-10-29 15:44:55,24A02655,
2025-10-29 15:44:56,24A02655,
2025-10-29 15:44:56,24A02655,
2025-10-29 15:44:58,24A02655,
2025-10-29 15:44:58,24A02655,
2025-10-29 15:44:59,24A02655,
2025-10-29 15:45:00,24A02655,
2025-10-29 15:45:01,24A02655,
2025-10-29 15:45:02,24A02655,
2025-10-29 15:45:02,24A02655,
2025-10-29 15:45:03,24A02655,
2025-10-29 15:45:04,24A02655,
2025-10-29 15:45:05,24A02655,
2025-10-29 15:45:05,24A02655,
2025-10-29 15:45:06,24A02655,
2025-10-29 15:45:07,24A02655,
2025-10-29 15:45:07,24A02655,
2025-10-29 15:45:08,24A02655,
2025-10-29 15:45:08,24A02655,
2025-10-29 15:45:09,24A02655,
2025-10-29 15:45:10,24A02655,
2025-10-29 15:45:11,24A02655,
2025-10-29 15:45:12,24A02655,
2025-10-29 15:45:13,24A02655,
2025-10-29 15:45:14,24A02655,
2025-10-29 15:45:15,24A0265,
2025-10-29 15:45:16,24A0265,
2025-10-29 15:45:16,24A00909,
2025-10-29 15:45:17,24A00909,
2025-10-29 15:45:18,24A00909,
2025-10-29 15:45:19,24AP00909,
2025-10-29 15:45:19,24A00909,
2025-10-29 15:45:20,24A60600,
2025-10-29 15:45:21,24A60600,
2025-10-29 15:45:21,24A00909,
2025-10-29 15:45:22,24A00909,
2025-10-29 15:45:29,24A16101,
2025-10-29 15:45:33,24A16101,
2025-10-29 15:45:33,24A16101,
2025-10-29 15:45:34,24A16101,
2025-10-29 15:45:35,24A16101,
2025-10-29 15:45:36,24A16101,
2025-10-29 15:45:36,24A16101,
2025-10-29 15:45:37,24A16101,
2025-10-29 15:45:37,24A16101,
2025-10-29 15:45:38,24A16101,
2025-10-29 15:45:38,24A16101,
2025-10-29 15:46:08,248301030,
2025-10-29 15:46:09,248301030,
2025-10-29 15:46:09,248301030,
2025-10-29 15:46:09,248301030,
2025-10-29 15:46:10,248301030,
2025-10-29 15:46:11,248301030,
2025-10-29 15:46:12,248301030,
2025-10-29 15:46:12,248301030,
2025-10-29 15:46:13,2483101030,
2025-10-29 15:46:13,248301030,
2025-10-29 15:46:13,248301030,
2025-10-29 15:46:14,248301030,
2025-10-29 15:46:14,248301030,
2025-10-29 15:46:14,2483101030,
2025-10-29 15:46:15,2483101030,
2025-10-29 15:46:15,24W0103,
2025-10-29 15:46:15,248301030,
2025-10-29 15:46:16,248301030,
2025-10-29 15:46:16,1248301030,
2025-10-29 15:46:16,1248301030,
2025-10-29 15:46:20,24A25513,
2025-10-29 15:46:59,24C07285,
2025-10-29 15:47:00,24C07285,
2025-10-29 15:47:00,24C07285,
2025-10-29 15:47:01,24C07285,
2025-10-29 15:47:02,24C07285,
2025-10-29 15:47:02,24C07285,
2025-10-29 15:47:03,24C07285,
2025-10-29 15:47:03,24C07285,
2025-10-29 15:47:04,24C07285,
2025-10-29 15:47:04,24C07285,
2025-10-29 15:47:05,24C107285,
2025-10-29 15:47:05,24C07285,
2025-10-29 15:47:06,24C07285,
2025-10-29 15:47:07,24C07285,
2025-10-29 15:47:07,24C07285,
2025-10-29 15:47:08,24C07285,
2025-10-29 15:47:08,24C07285,
2025-10-29 15:47:09,24C07285,
2025-10-29 15:47:09,24C07285,
2025-10-29 15:47:10,24C07285,
2025-10-29 15:47:11,24C07285,
2025-10-29 15:47:12,24C07285,
2025-10-29 15:47:12,24C07285,
2025-10-29 15:47:13,24C07285,
2025-10-29 15:47:13,24C07285,
2025-10-29 15:47:14,24C107285,
2025-10-29 15:47:14,24C07285,
2025-10-29 15:47:15,24C07285,
2025-10-29 15:47:15,24C07285,
2025-10-29 15:47:16,24C07285,
2025-10-29 15:47:16,24C07285,
2025-10-29 15:47:17,24C07285,
2025-10-29 15:47:17,24C07285,
2025-10-29 15:47:18,24C07285,
2025-10-29 15:47:19,24C07285,
2025-10-29 15:47:19,24C07285,
2025-10-29 15:47:19,24C07285,
2025-10-29 15:47:20,24C07285,
2025-10-29 15:47:20,24C07285,
2025-10-29 15:47:21,24C07285,
2025-10-29 15:47:22,24C07285,
2025-10-29 15:47:22,24C07285,
2025-10-29 16:11:23,24A07816,
2025-10-29 16:11:23,24A07816,
2025-10-29 16:11:23,24A07816,
2025-10-29 16:11:24,24A07816,
2025-10-29 16:11:24,24A07816,
2025-10-29 16:11:24,24A07816,
2025-10-29 16:11:25,24A07816,
2025-10-29 16:11:25,24A07816,
2025-10-29 16:11:25,24A07816,
2025-10-29 16:11:26,24A07816,
2025-10-29 16:11:26,24A07816,
2025-10-29 16:11:26,24A07816,
2025-10-29 16:11:27,24A07816,
2025-10-29 16:11:27,24A07816,
2025-10-29 16:11:27,24A07816,
2025-10-29 16:11:28,24A07816,
2025-10-29 16:11:28,24A07816,
2025-10-29 16:11:28,24A07816,
2025-10-29 16:11:29,24A07816,
2025-10-29 16:11:29,24A07816,
2025-10-29 16:11:29,24A07816,
2025-10-29 16:11:29,24A07816,
2025-10-29 16:11:30,24A07816,
2025-10-29 16:11:30,24A07816,
2025-10-29 16:11:30,24A07816,
2025-10-29 16:11:31,24A07816,
2025-10-29 16:11:31,24A07816,
2025-10-29 16:11:31,24A07816,
2025-10-29 16:11:32,24A07816,
2025-10-29 16:11:32,24A07816,
2025-10-29 16:11:32,24A07816,
2025-10-29 16:11:32,24A07816,
2025-10-29 16:11:33,24A07816,
2025-10-29 16:11:33,24A07816,
2025-10-29 16:11:33,24A07816,
2025-10-29 16:11:34,24A07816,
2025-10-29 16:11:34,24A07816,
2025-10-29 16:11:34,24A07816,
2025-10-29 16:11:35,24A07816,
2025-10-29 16:11:35,24A07816,
2025-10-29 16:11:35,24A07816,
2025-10-29 16:11:36,24A07816,
2025-10-29 16:11:36,24A07816,
2025-10-29 16:11:36,24A07816,
2025-10-29 16:11:36,24A07816,
2025-10-29 16:11:37,24A07816,
2025-10-29 16:11:37,24A07816,
2025-10-29 16:11:38,24A07816,
2025-10-29 16:11:38,24A07816,
2025-10-29 16:11:40,24X112442,
2025-10-29 16:11:40,24X112442,
2025-10-29 16:11:41,24X112442,
2025-10-29 16:11:41,24X112442,
2025-10-29 16:11:42,24X112442,
2025-10-29 16:11:42,24X112442,
2025-10-29 16:11:43,24X112442,
2025-10-29 16:11:43,24X112442,
2025-10-29 16:11:44,24X112442,
2025-10-29 16:11:44,24X112442,
2025-10-29 16:11:45,24X112442,
2025-10-29 16:11:45,24X112442,
2025-10-29 16:11:45,24X112442,
2025-10-29 16:11:46,20M111242,
2025-10-29 16:11:46,24X112442,
2025-10-29 16:11:47,24X112442,
2025-10-29 16:11:48,24X112442,
2025-10-29 16:11:49,24X112442,
2025-10-29 16:11:55,24C09238,
2025-10-29 16:11:55,24C09238,
2025-10-29 16:11:56,24C09238,
2025-10-29 16:11:57,24C09238,
2025-10-29 16:11:57,24C09238,
2025-10-29 16:11:57,24C09238,
2025-10-29 16:11:58,24C09238,
2025-10-29 16:11:58,24C09238,
2025-10-29 16:11:59,24C09238,
2025-10-29 16:11:59,24C09238,
2025-10-29 16:12:00,24C09238,
2025-10-29 16:12:00,24C09238,
2025-10-29 16:12:00,24C09238,
2025-10-29 16:12:01,24C09238,
2025-10-29 16:12:01,24C09238,
2025-10-29 16:12:02,24C09238,
2025-10-29 16:12:02,24C09238,
2025-10-29 16:12:02,24C09238,
2025-10-29 16:12:03,24C09238,
2025-10-29 16:12:03,27C09238,
2025-10-29 16:12:04,24C09238,
2025-10-29 16:12:04,24C09238,
2025-10-29 16:12:05,24C09238,
2025-10-29 16:12:05,24C09238,
2025-10-29 16:12:05,24C09238,
2025-10-29 16:12:06,24C09238,
2025-10-29 16:12:06,24C09238,
2025-10-29 16:12:07,24C09238,
2025-10-29 16:12:07,24C09238,
2025-10-29 16:12:07,24C09238,
2025-10-29 16:12:08,24C09238,
2025-10-29 16:12:08,24C09238,
2025-10-29 16:12:09,24C09238,
2025-10-29 16:12:09,24C09238,
2025-10-29 16:12:09,24C09238,
2025-10-29 16:12:10,24C09238,
2025-10-29 16:12:10,24C09238,
2025-10-29 16:12:11,24C09238,
2025-10-29 16:12:11,379238,
2025-10-29 16:12:14,29K10425,
2025-10-29 16:12:15,29K10425,
2025-10-29 16:12:15,29K10425,
2025-10-29 16:12:16,29K10425,
2025-10-29 16:12:17,29K10425,
2025-10-29 16:12:17,29K10425,
2025-10-29 16:12:18,29K10425,
2025-10-29 16:12:19,29K10425,
2025-10-29 16:12:19,29K10425,
2025-10-29 16:12:20,29K10425,
2025-10-29 16:12:20,29K10425,
2025-10-29 16:12:20,29K10425,
2025-10-29 16:12:21,29K10425,
2025-10-29 16:12:21,29K10425,
2025-10-29 16:12:22,29K10425,
2025-10-29 16:12:22,29K10425,
2025-10-29 16:12:22,29K10425,
2025-10-29 16:12:23,29K10425,
2025-10-29 16:12:23,29K10425,
2025-10-29 16:12:24,29K10425,
2025-10-29 16:12:24,29K10425,
2025-10-29 16:12:25,29K10425,
2025-10-29 16:12:25,29K10425,
2025-10-29 16:12:25,29K10425,
2025-10-29 16:12:26,29K10425,
2025-10-29 16:12:26,29K10425,
2025-10-29 16:12:27,29K10425,
2025-10-29 16:12:27,29K10425,
2025-10-29 16:12:27,29K10425,
2025-10-29 16:12:28,29K10425,
2025-10-29 16:12:28,29K10425,
2025-10-29 16:12:28,29K10425,
2025-10-29 16:12:29,29K10425,
2025-10-29 16:12:29,29K10425,
2025-10-29 16:12:30,29K10425,
2025-10-29 16:12:30,29K10425,
2025-10-29 16:12:30,29K10425,
2025-10-29 16:12:31,29K10425,
2025-10-29 16:12:31,29K10425,
2025-10-29 16:12:32,29K10425,
2025-10-29 16:12:32,29K10425,
2025-10-29 16:12:32,29K10425,
2025-10-29 16:12:33,29K10425,
2025-10-29 16:12:33,29K10425,
2025-10-29 16:12:33,29K1055,
2025-10-29 16:12:49,2133976,
2025-10-29 16:12:49,133978,
2025-10-29 16:12:50,133978,
2025-10-29 16:12:50,20133976,
2025-10-29 16:12:50,2681733975,
2025-10-29 16:12:51,2033975,
2025-10-29 16:12:51,201733976,
2025-10-29 16:12:51,201733976,
2025-10-29 16:12:52,261733976,
2025-10-29 16:12:52,2481733976,
2025-10-29 16:12:52,2481733976,
2025-10-29 16:12:53,2481733976,
2025-10-29 16:12:53,248133976,
2025-10-29 16:12:53,2681733976,
2025-10-29 16:12:54,2681733976,
2025-10-29 16:12:54,2481733975,
2025-10-29 16:12:54,2491733976,
2025-10-29 16:12:55,240133976,
2025-10-29 16:12:55,240133975,
2025-10-29 16:12:56,240133975,
2025-10-29 16:12:56,2581733976,
2025-10-29 16:12:56,2481733976,
2025-10-29 16:12:57,2481733976,
2025-10-29 16:13:24,24A00919,
2025-10-29 16:13:24,24A00919,
2025-10-29 16:13:25,24A00919,
2025-10-29 16:13:25,24A00919,
2025-10-29 16:13:26,24A00919,
2025-10-29 16:13:26,24A00919,
2025-10-29 16:13:26,24A00919,
2025-10-29 16:13:27,24A00919,
2025-10-29 16:13:27,24A00919,
2025-10-29 16:13:28,24A00919,
2025-10-29 16:13:28,24A00919,
2025-10-29 16:13:28,24A00919,
2025-10-29 16:13:29,24A00919,
2025-10-29 16:13:29,24A00919,
2025-10-29 16:13:30,24A00919,
2025-10-29 16:13:30,24A00919,
2025-10-29 16:13:30,24A00919,
2025-10-29 16:13:31,24A00919,
2025-10-29 16:13:31,24A00919,
2025-10-29 16:13:31,24A00919,
2025-10-29 16:13:32,24A00919,
2025-10-29 16:13:32,24A00919,
2025-10-29 16:13:33,24A00919,
2025-10-29 16:13:33,24A00919,
2025-10-29 16:13:33,24A00919,
2025-10-29 16:13:34,24A00919,
2025-10-29 16:13:34,24A00919,
2025-10-29 16:13:35,24A00919,
2025-10-29 16:13:35,20A00919,
2025-10-29 16:13:35,24A00919,
2025-10-29 16:13:36,24A00919,
2025-10-29 16:13:36,24A00919,
2025-10-29 16:13:37,24A00919,
2025-10-29 16:13:37,24A00919,
2025-10-29 16:13:37,24A00919,
2025-10-29 16:13:38,24A00919,
2025-10-29 16:13:38,24A00919,
2025-10-29 16:13:39,24A00919,
2025-10-29 16:13:39,24A00919,
2025-10-29 16:13:39,24A00919,
2025-10-29 16:13:40,24A00919,
2025-10-29 16:13:40,24A00919,
2025-10-29 16:13:41,24A00919,
2025-10-29 16:13:41,24A00919,
2025-10-29 16:13:41,24A00919,
2025-10-29 16:13:42,24A00919,
2025-10-29 16:13:42,24A00919,
2025-10-29 16:13:43,24A00919,
2025-10-29 16:13:43,24A00919,
2025-10-29 16:13:43,24A00919,
2025-10-29 16:13:44,24A00919,
2025-10-29 16:14:17,248104574,
2025-10-29 16:14:18,240105,
2025-10-29 16:14:18,2601057,
2025-10-29 16:14:19,24010574,
2025-10-29 16:14:19,24010574,
2025-10-29 16:14:20,2401057,
2025-10-29 16:14:20,24010574,
2025-10-29 16:14:20,24B1167,
2025-10-29 16:14:21,24010574,
2025-10-29 16:14:21,2481057,
2025-10-29 16:14:22,2481057,
2025-10-29 16:14:22,2401057,
2025-10-29 16:14:22,24811574,
2025-10-29 16:14:23,2481057,
2025-10-29 16:14:23,24010571,
2025-10-29 16:14:24,24611457,
2025-10-29 16:14:24,24611457,
2025-10-29 16:14:24,24610576,
2025-10-29 16:14:25,248157,
2025-10-29 16:14:25,2481004576,
2025-10-29 16:14:26,24810457,
2025-10-29 16:14:26,24810457,
2025-10-29 16:14:26,2481057,
2025-10-29 16:14:27,24817057,
2025-10-29 16:14:27,2401705,
2025-10-29 16:14:28,2401705,
2025-10-29 16:15:29,24A16947,
2025-10-29 16:15:30,24A16947,
2025-10-29 16:15:30,24A16947,
2025-10-29 16:15:30,24A16947,
2025-10-29 16:15:31,24A16947,
2025-10-29 16:15:31,24A16947,
2025-10-29 16:15:32,24A16947,
2025-10-29 16:15:32,24A16947,
2025-10-29 16:15:32,24A16947,
2025-10-29 16:15:33,24A16947,
2025-10-29 16:15:33,24A16947,
2025-10-29 16:15:33,24A16947,
2025-10-29 16:15:34,24A16947,
2025-10-29 16:15:34,24A16947,
2025-10-29 16:15:35,24A16947,
2025-10-29 16:15:35,24A16947,
2025-10-29 16:15:35,24A16947,
2025-10-29 16:15:36,24A16947,
2025-10-29 16:15:36,24A16947,
2025-10-29 16:15:37,24A16947,
2025-10-29 16:15:37,24A16947,
2025-10-29 16:15:38,24A16947,
2025-10-29 16:15:38,24A16947,
2025-10-29 16:15:38,24A16947,
2025-10-29 16:15:39,24A16947,
2025-10-29 16:15:39,24A16947,
2025-10-29 16:15:40,24A16947,
2025-10-29 16:15:40,24A16947,
2025-10-29 16:15:40,24A16947,
2025-10-29 16:15:41,24A16947,
2025-10-29 16:15:41,24A16947,
2025-10-29 16:15:42,24A16947,
2025-10-29 16:15:42,24A16947,
2025-10-29 16:15:42,24A16947,
2025-10-29 16:15:43,24A16947,
2025-10-29 16:15:43,24A16947,
2025-10-29 16:15:43,24A16947,
2025-10-29 16:15:44,24A16947,
2025-10-29 16:15:44,24A16947,
2025-10-29 16:15:45,24A16947,
2025-10-29 16:15:45,24A16947,
2025-10-29 16:15:46,24A16947,
2025-10-29 16:15:47,24A16947,
2025-10-29 16:15:47,24A16947,
2025-10-29 16:15:48,24A16947,
2025-10-29 16:15:48,24A16947,
2025-10-29 16:15:49,24A16947,
2025-10-29 16:15:49,24A16947,
2025-10-29 16:15:50,24A16947,
2025-10-29 16:15:50,24A16947,
2025-10-29 16:15:51,24A16947,
2025-10-29 16:15:51,24A16947,
2025-10-29 16:15:52,24A16947,
2025-10-29 16:15:52,24A16947,
2025-10-29 16:15:53,24A16947,
2025-10-29 16:15:57,24A20421,
2025-10-29 16:15:58,24A20421,
2025-10-29 16:15:58,24A20421,
2025-10-29 16:15:58,24A20421,
2025-10-29 16:15:59,24A20421,
2025-10-29 16:15:59,24A20421,
2025-10-29 16:15:59,24A20421,
2025-10-29 16:16:00,24A20421,
2025-10-29 16:16:00,24A20421,
2025-10-29 16:16:01,24A204211,
2025-10-29 16:16:01,24A20421,
2025-10-29 16:16:02,24A20421,
2025-10-29 16:16:02,24A20421,
2025-10-29 16:16:02,24A20421,
2025-10-29 16:16:03,24A20421,
2025-10-29 16:16:03,24A20421,
2025-10-29 16:16:04,24A20421,
2025-10-29 16:16:04,24A20421,
2025-10-29 16:16:04,24A20421,
2025-10-29 16:16:05,24A204217,
2025-10-29 16:16:05,24A204211,
2025-10-29 16:16:06,24A20421,
2025-10-29 16:16:06,24A20421,
2025-10-29 16:16:06,24A20421,
2025-10-29 16:16:07,24A20421,
2025-10-29 16:16:07,24A20421,
2025-10-29 16:16:08,24A20421,
2025-10-29 16:16:08,24A20421,
2025-10-29 16:16:08,24A20421,
2025-10-29 16:16:09,24A20421,
2025-10-29 16:16:09,24A204211,
2025-10-29 16:16:10,24A20421,
2025-10-29 16:16:10,24A20421,
2025-10-29 16:16:10,24A20421,
2025-10-29 16:16:11,24A20421,
2025-10-29 16:16:11,24A20421,
2025-10-29 16:16:12,24A20421,
2025-10-29 16:16:12,24A20421,
2025-10-29 16:16:12,24A20421,
2025-10-29 16:16:13,24A20421,
2025-10-29 16:16:13,24A20421,
2025-10-29 16:16:14,24A20421,
2025-10-29 16:16:14,24A20421,
2025-10-29 16:16:14,24A20421,
2025-10-29 16:16:15,24A20421,
2025-10-29 16:16:15,24A20421,
2025-10-29 16:16:16,24A20421,
2025-10-29 16:16:16,24A20421,
2025-10-29 16:16:17,24A20421,
2025-10-29 16:16:17,24A20421,
2025-10-29 16:16:17,24A20421,
2025-10-29 16:16:18,24A20421,
2025-10-29 16:16:18,24A20421,
2025-10-29 16:16:19,24A20421,
2025-10-29 16:16:20,24800322,
2025-10-29 16:16:21,24800322,
2025-10-29 16:16:21,24800322,
2025-10-29 16:16:22,24800322,
2025-10-29 16:16:22,44B00322,
2025-10-29 16:16:22,24800322,
2025-10-29 16:16:23,24B00322,
2025-10-29 16:16:23,24800322,
2025-10-29 16:16:24,20B00322,
2025-10-29 16:16:24,20B00322,
2025-10-29 16:16:24,24B00322,
2025-10-29 16:16:25,20B00322,
2025-10-29 16:16:25,24B00322,
2025-10-29 16:16:26,24B00322,
2025-10-29 16:16:27,24B00322,
2025-10-29 16:16:27,24B00322,
2025-10-29 16:16:28,20B00322,
2025-10-29 16:16:28,24A17752,
2025-10-29 16:16:29,24A17752,
2025-10-29 16:16:30,24A17752,
2025-10-29 16:16:30,24A17752,
2025-10-29 16:16:31,24A17752,
2025-10-29 16:16:32,24A17752,
2025-10-29 16:16:33,24A17752,
2025-10-29 16:16:33,24A17752,
2025-10-29 16:16:34,24A17752,
2025-10-29 16:16:35,24A17752,
2025-10-29 16:16:35,24A17752,
2025-10-29 16:16:36,24A17752,
2025-10-29 16:16:37,24A17752,
2025-10-29 16:16:37,24B00322,
2025-10-29 16:16:38,24A17752,
2025-10-29 16:16:38,24A17752,
2025-10-29 16:16:38,24A17752,
2025-10-29 16:16:39,24A17752,
2025-10-29 16:16:40,24A17752,
2025-10-29 16:16:40,24A17752,
2025-10-29 16:16:41,24A17752,
2025-10-29 16:16:42,24A17752,
2025-10-29 16:16:42,24A17752,
2025-10-29 16:16:43,24A17752,
2025-10-29 16:16:44,24A17752,
2025-10-29 16:16:44,24A17752,
2025-10-29 16:16:45,24A17752,
2025-10-29 16:16:45,24A17752,
2025-10-29 16:16:46,24A17752,
2025-10-29 16:16:46,24A17752,
2025-10-29 16:16:46,24A17752,
2025-10-29 16:16:47,24A117752,
2025-10-29 16:16:48,47A70007,
2025-10-29 16:16:48,47A70007,
2025-10-29 16:16:49,24A17752,
2025-10-29 16:16:50,24A17752,
2025-10-29 16:16:50,47A40194,
2025-10-29 16:16:51,24A17752,
2025-10-29 16:16:52,24A17752,
2025-10-29 16:16:53,24A17752,
2025-10-29 16:16:53,24A17752,
2025-10-29 16:16:54,47A40194,
2025-10-29 16:16:55,24A17752,
2025-10-29 16:16:55,47A70037,
2025-10-29 16:16:56,24A17752,
2025-10-29 16:16:57,24A17752,
2025-10-29 16:16:57,24A17752,
2025-10-29 16:16:58,47A40194,
2025-10-29 16:16:59,24A17752,
2025-10-29 16:16:59,24A17752,
2025-10-29 16:17:00,47A40194,
2025-10-29 16:17:01,47A40194,
2025-10-29 16:17:01,47A40194,
2025-10-29 16:17:01,47A40194,
2025-10-29 16:17:02,47A40194,
2025-10-29 16:17:02,47A40194,
2025-10-29 16:17:03,24A22803,
2025-10-29 16:17:03,24A22803,
2025-10-29 16:17:04,47A40194,
2025-10-29 16:17:04,24A22803,
2025-10-29 16:17:05,47A40194,
2025-10-29 16:17:06,24A22003,
2025-10-29 16:17:06,24A22803,
2025-10-29 16:17:07,24A22803,
2025-10-29 16:17:07,24A22803,
2025-10-29 16:17:08,24A22803,
2025-10-29 16:17:08,24A22803,
2025-10-29 16:17:09,24A22803,
2025-10-29 16:17:09,24A22803,
2025-10-29 16:17:10,24A22803,
2025-10-29 16:17:10,24A22803,
2025-10-29 16:17:11,24A22803,
2025-10-29 16:17:11,24A22803,
2025-10-29 16:17:11,24A22803,
2025-10-29 16:17:12,24A22803,
2025-10-29 16:17:12,24A22803,
2025-10-29 16:17:13,24A22803,
2025-10-29 16:17:13,24A22803,
2025-10-29 16:17:14,24A22803,
2025-10-29 16:17:14,24A22803,
2025-10-29 16:17:14,24A22803,
2025-10-29 16:17:15,24A22803,
2025-10-29 16:17:15,24A22803,
2025-10-29 16:17:16,24A22803,
2025-10-29 16:17:16,24A22803,
2025-10-29 16:17:16,24A22803,
2025-10-29 16:17:17,24A22803,
2025-10-29 16:17:17,24A22803,
2025-10-29 16:17:18,24A22803,
2025-10-29 16:17:18,24A22803,
2025-10-29 16:17:19,24A22803,
2025-10-29 16:17:19,24A22803,
2025-10-29 16:17:19,24A22803,
2025-10-29 16:17:20,24A22803,
2025-10-29 16:17:20,24A22803,
2025-10-29 16:17:21,24A22803,
2025-10-29 16:17:21,24A22803,
2025-10-29 16:17:22,24A22803,
2025-10-29 16:17:22,24A22803,
2025-10-29 16:17:23,24A22803,
2025-10-29 16:17:55,24A16033,
2025-10-29 16:17:56,24A16033,
2025-10-29 16:17:56,24A16033,
2025-10-29 16:17:56,24A16033,
2025-10-29 16:17:57,24A16033,
2025-10-29 16:17:57,24A16033,
2025-10-29 16:17:58,24A16033,
2025-10-29 16:17:58,24A16033,
2025-10-29 16:17:58,24A16033,
2025-10-29 16:17:59,24A16033,
2025-10-29 16:17:59,24A16033,
2025-10-29 16:18:00,24A16033,
2025-10-29 16:18:00,24A16033,
2025-10-29 16:18:00,24A16033,
2025-10-29 16:18:01,24A16033,
2025-10-29 16:18:01,24A16033,
2025-10-29 16:18:02,24A16033,
2025-10-29 16:18:02,24A16033,
2025-10-29 16:18:02,24A16033,
2025-10-29 16:18:03,24A16033,
2025-10-29 16:18:03,24A16033,
2025-10-29 16:18:04,24A16033,
2025-10-29 16:18:04,24A16033,
2025-10-29 16:18:04,24A16033,
2025-10-29 16:18:05,24A16033,
2025-10-29 16:18:05,24A16033,
2025-10-29 16:18:06,24A16033,
2025-10-29 16:18:06,24A16033,
2025-10-29 16:18:06,24A16033,
2025-10-29 16:18:07,24A16033,
2025-10-29 16:18:07,24A16033,
2025-10-29 16:18:08,24A16033,
2025-10-29 16:18:08,24A16033,
2025-10-29 16:18:08,24A16033,
2025-10-29 16:18:09,24A16033,
2025-10-29 16:18:09,24A16033,
2025-10-29 16:18:10,24A16033,
2025-10-29 16:18:10,24A16033,
2025-10-29 16:18:10,24A16033,
2025-10-29 16:18:11,24A16033,
2025-10-29 16:18:11,24A16033,
2025-10-29 16:18:12,24A16033,
2025-10-29 16:18:12,24A16033,
2025-10-29 16:18:12,24A16033,
2025-10-29 16:18:13,24A16033,
2025-10-29 16:18:13,24A16033,
2025-10-29 16:18:14,24A16033,
2025-10-29 16:18:14,24A16033,
2025-10-29 16:18:14,24A16033,
2025-10-29 16:18:15,24A16033,
2025-10-29 16:18:15,24A16033,
2025-10-29 16:18:16,24A16033,
2025-10-29 16:18:16,24A16033,
2025-10-29 16:18:16,24A16033,
2025-10-29 16:18:17,24A16033,
2025-10-29 16:18:18,24A16033,
2025-10-29 16:18:18,24A16033,
2025-10-29 16:18:18,24A16033,
2025-10-29 16:18:19,24A16033,
2025-10-29 16:18:20,24A16033,
2025-10-29 16:18:20,24A16033,
2025-10-29 16:18:20,24A16033,
2025-10-29 16:18:30,20C6275,
2025-10-29 16:18:30,20C6275,
2025-10-29 16:18:31,20C6275,
2025-10-29 16:18:31,2046275,
2025-10-29 16:18:32,24P55275,
2025-10-29 16:18:32,21V78713,
2025-10-29 16:18:33,21V78713,
2025-10-29 16:18:34,21V78713,
2025-10-29 16:18:34,21V78713,
2025-10-29 16:18:35,21V78713,
2025-10-29 16:18:35,21V78713,
2025-10-29 16:18:36,21V78713,
2025-10-29 16:18:36,24R56275,
2025-10-29 16:18:37,24R56275,
2025-10-29 16:18:37,21V78713,
2025-10-29 16:18:37,21V78713,
2025-10-29 16:18:38,21V78713,
2025-10-29 16:18:39,21V78713,
2025-10-29 16:18:39,21V78713,
2025-10-29 16:18:41,21A787113,
2025-10-29 16:18:41,21A787113,
2025-10-29 16:18:42,21178713,
2025-10-29 16:18:43,24A20497,
2025-10-29 16:18:43,24A20497,
2025-10-29 16:18:44,24A20497,
2025-10-29 16:18:44,24A20497,
2025-10-29 16:18:45,24A20497,
2025-10-29 16:18:45,24A20497,
2025-10-29 16:18:46,24A20497,
2025-10-29 16:18:46,24A20497,
2025-10-29 16:18:47,24A20497,
2025-10-29 16:18:47,24A20497,
2025-10-29 16:18:48,24A20497,
2025-10-29 16:18:49,24A12429,
2025-10-29 16:18:49,24A12429,
2025-10-29 16:18:50,24A12429,
2025-10-29 16:18:50,24A12429,
2025-10-29 16:18:51,24A12429,
2025-10-29 16:18:52,24A12429,
2025-10-29 16:18:52,24A12429,
2025-10-29 16:18:53,24A12429,
2025-10-29 16:18:53,24A12429,
2025-10-29 16:18:54,24A12429,
2025-10-29 16:18:55,24A12429,
2025-10-29 16:18:55,24A12429,
2025-10-29 16:18:56,24A12429,
2025-10-29 16:18:57,24A12429,
2025-10-29 16:18:57,24A12429,
2025-10-29 16:18:58,24A12429,
2025-10-29 16:18:59,24A12429,
2025-10-29 16:18:59,24A204974,
2025-10-29 16:19:00,24A20497,
2025-10-29 16:19:01,24A204974,
2025-10-29 16:19:02,24A20497,
2025-10-29 16:19:02,24A20497,
2025-10-29 16:19:03,24A20497,
2025-10-29 16:19:04,24A20497,
2025-10-29 16:19:04,24A12429,
2025-10-29 16:19:05,24A20497,
2025-10-29 16:19:06,24A20497,
2025-10-29 16:19:06,24A20497,
2025-10-29 16:19:07,24A12429,
2025-10-29 16:19:08,24A20497,
2025-10-29 16:19:08,24A20497,
2025-10-29 16:19:09,24A20497,
2025-10-29 16:19:10,24A20497,
2025-10-29 16:19:10,24A12429,
2025-10-29 16:19:11,24A20497,
2025-10-29 16:19:12,24A20497,
2025-10-29 16:19:13,24A20497,
2025-10-29 16:19:13,24A20497,
2025-10-29 16:19:14,24A20497,
2025-10-29 16:19:14,24A20497,
2025-10-29 16:19:15,24A20497,
2025-10-29 16:19:15,24A0497,
2025-10-29 16:19:16,24A0497,
2025-10-29 16:19:16,24A12429,
2025-10-29 16:19:17,24A12429,
2025-10-29 16:19:17,24A12429,
2025-10-29 16:19:29,28227427,
2025-10-29 16:19:29,2822727,
2025-10-29 16:19:30,28227427,
2025-10-29 16:19:30,28227427,
2025-10-29 16:19:30,28227427,
2025-10-29 16:19:31,1248227427,
2025-10-29 16:19:31,1248227427,
2025-10-29 16:19:32,248227427,
2025-10-29 16:19:32,1248227427,
2025-10-29 16:19:32,1248227427,
2025-10-29 16:19:33,1248227427,
2025-10-29 16:19:33,1248227427,
2025-10-29 16:19:34,1248227427,
2025-10-29 16:19:34,248227427,
2025-10-29 16:19:35,1248227327,
2025-10-29 16:19:35,248227427,
2025-10-29 16:19:37,7458227427,
2025-10-29 16:19:37,7458227427,
2025-10-29 16:19:49,240132150,
2025-10-29 16:19:49,1240132150,
2025-10-29 16:19:51,78II2150,
2025-10-29 16:20:06,24A07772,
2025-10-29 16:20:06,24A07772,
2025-10-29 16:20:07,24A07772,
2025-10-29 16:20:07,24A07772,
2025-10-29 16:20:07,24A07772,
2025-10-29 16:20:08,24A07772,
2025-10-29 16:20:08,24A07772,
2025-10-29 16:20:09,24A07772,
2025-10-29 16:20:09,24A07772,
2025-10-29 16:20:10,24A07772,
2025-10-29 16:20:10,24A07772,
2025-10-29 16:20:10,24A07772,
2025-10-29 16:20:11,24A07772,
2025-10-29 16:20:11,24A07772,
2025-10-29 16:20:12,24A07772,
2025-10-29 16:20:12,24A07772,
2025-10-29 16:20:13,24A07772,
2025-10-29 16:20:13,24A07772,
2025-10-29 16:20:13,24A07772,
2025-10-29 16:20:14,24A07772,
2025-10-29 16:20:14,24A07772,
2025-10-29 16:20:15,24A07772,
2025-10-29 16:20:15,24A07772,
2025-10-29 16:20:15,24A07772,
2025-10-29 16:20:16,24A07772,
2025-10-29 16:20:16,24A07772,
2025-10-29 16:20:17,24A07772,
2025-10-29 16:20:17,24A07772,
2025-10-29 16:20:18,24A07772,
2025-10-29 16:20:18,24A07772,
2025-10-29 16:20:18,24A07772,
2025-10-29 16:20:19,24A07772,
2025-10-29 16:20:19,24A07772,
2025-10-29 16:20:20,24A07772,
2025-10-29 16:20:20,24A07772,
2025-10-29 16:20:20,24A07772,
2025-10-29 16:20:21,24A07772,
2025-10-29 16:20:21,24A07772,
2025-10-29 16:20:22,24A07772,
2025-10-29 16:20:22,24A07772,
2025-10-29 16:20:22,24A07772,
2025-10-29 16:20:23,24A07772,
2025-10-29 16:20:23,24A07772,
2025-10-29 16:20:24,24A07772,
2025-10-29 16:20:24,24A07772,
2025-10-29 16:20:24,24A07772,
2025-10-29 16:20:25,24A07772,
2025-10-29 16:20:25,24A07772,
2025-10-29 16:20:26,24A07772,
2025-10-29 16:20:26,24A07772,
2025-10-29 16:20:26,24A07772,
2025-10-29 16:20:27,24A07772,
2025-10-29 16:20:27,24A07772,
2025-10-29 16:20:28,24A07772,
2025-10-29 16:20:28,24A07772,
2025-10-29 16:20:29,24A07772,
2025-10-29 16:20:29,24A07772,
2025-10-29 16:20:30,24A07772,
2025-10-29 16:20:30,24A07772,
2025-10-29 16:20:31,24A07772,
2025-10-29 16:20:31,24A07772,
2025-10-29 16:20:32,24A07772,
2025-10-29 16:20:32,24A07772,
2025-10-29 16:20:36,24A12355,
2025-10-29 16:20:36,24A12355,
2025-10-29 16:20:36,24A12355,
2025-10-29 16:20:37,24A12355,
2025-10-29 16:20:37,24A12355,
2025-10-29 16:20:38,24A12355,
2025-10-29 16:20:38,24A12355,
2025-10-29 16:20:38,24A12355,
2025-10-29 16:20:39,24A12355,
2025-10-29 16:20:39,24A12355,
2025-10-29 16:20:39,24A12355,
2025-10-29 16:20:40,24A12355,
2025-10-29 16:20:40,24A12355,
2025-10-29 16:20:40,24A12355,
2025-10-29 16:20:41,24A12355,
2025-10-29 16:20:41,24A12355,
2025-10-29 16:20:42,24A12355,
2025-10-29 16:20:42,24A12355,
2025-10-29 16:20:42,24A12355,
2025-10-29 16:20:43,24A12355,
2025-10-29 16:20:43,24A12355,
2025-10-29 16:20:43,24A12355,
2025-10-29 16:20:44,24A12355,
2025-10-29 16:20:44,24A12355,
2025-10-29 16:20:44,24A12355,
2025-10-29 16:20:45,24A12355,
2025-10-29 16:20:45,24A12355,
2025-10-29 16:20:45,24A12355,
2025-10-29 16:20:46,24A12355,
2025-10-29 16:20:46,24A12355,
2025-10-29 16:20:46,24A12355,
2025-10-29 16:20:47,24A12355,
2025-10-29 16:20:47,24A12355,
2025-10-29 16:20:47,24A12355,
2025-10-29 16:20:48,24A12355,
2025-10-29 16:20:48,24A12355,
2025-10-29 16:20:48,24A12355,
2025-10-29 16:20:49,24A12355,
2025-10-29 16:20:49,24A12355,
2025-10-29 16:21:59,20S2742,
2025-10-29 16:22:00,20S2742,
2025-10-29 16:22:00,24P52742,
2025-10-29 16:22:01,20S2742,
2025-10-29 16:22:01,24P622,
2025-10-29 16:22:01,20S222,
2025-10-29 16:22:02,24PS2742,
2025-10-29 16:22:02,24P62742,
2025-10-29 16:22:03,24PS272,
2025-10-29 16:22:03,24PS272,
2025-10-29 16:22:04,24PS272,
2025-10-29 16:22:04,24PS272,
2025-10-29 16:22:04,24PS2742,
2025-10-29 16:22:05,24PS22,
2025-10-29 16:22:05,24PS2712,
2025-10-29 16:22:06,24PS2712,
2025-10-29 16:22:06,24PS272,
2025-10-29 16:22:07,24PS272,
2025-10-29 16:22:07,24PS2712,
2025-10-29 16:22:07,24PS272,
2025-10-29 16:22:08,24P6272,
2025-10-29 16:22:08,24P627,
2025-10-29 16:22:09,24P6272,
2025-10-29 16:22:09,24P6272,
2025-10-29 16:22:09,24P62742,
2025-10-29 16:22:10,24PS2712,
2025-10-29 16:22:11,23P62732,
2025-10-29 16:22:12,24F62712,
2025-10-29 16:22:13,23P62712,
2025-10-29 16:22:37,08192651,
2025-10-29 16:22:37,8092651,
2025-10-29 16:22:38,28192651,
2025-10-29 16:22:39,28192651,
2025-10-29 16:22:39,28192651,
2025-10-29 16:22:39,248192651,
2025-10-29 16:22:40,248192651,
2025-10-29 16:22:40,28192651,
2025-10-29 16:22:40,248192651,
2025-10-29 16:22:41,28192657,
2025-10-29 16:22:41,28192651,
2025-10-29 16:22:41,240192651,
2025-10-29 16:22:42,240192651,
2025-10-29 16:22:42,248192651,
2025-10-29 16:22:42,70192651,
2025-10-29 16:22:43,768192651,
2025-10-29 16:22:43,187292651,
2025-10-29 16:22:43,187292651,
2025-10-29 16:22:44,187292651,
2025-10-29 16:22:44,740192651,
2025-10-29 16:22:44,187297651,
2025-10-29 16:22:45,1240192651,
2025-10-29 16:22:45,760192651,
2025-10-29 16:22:45,187392651,
2025-10-29 16:22:46,760192651,
2025-10-29 16:22:46,087292651,
2025-10-29 16:22:46,268092651,
2025-10-29 16:22:47,087292651,
2025-10-29 16:22:47,700192651,
2025-10-29 16:22:47,187292651,
2025-10-29 16:22:47,187292651,
2025-10-29 16:22:48,1248192651,
2025-10-29 16:22:48,1208192651,
2025-10-29 16:22:49,208192651,
2025-10-29 16:22:49,1208192651,
2025-10-29 16:22:49,1208192651,
2025-10-29 16:22:52,248192651,
2025-10-29 16:22:52,292651,
2025-10-29 16:22:52,22092651,
2025-10-29 16:22:53,228192657,
2025-10-29 16:22:53,248192650,
2025-10-29 16:22:53,248192650,
2025-10-29 16:22:54,01292651,
2025-10-29 16:22:54,290192652,
2025-10-29 16:22:54,1240192651,
2025-10-29 16:22:55,0240192651,
2025-10-29 16:22:55,02L0192651,
2025-10-29 16:22:56,0248192651,
2025-10-29 16:22:56,2481797651,
2025-10-29 16:22:57,249192651,
2025-10-29 16:22:58,1250792651,
2025-10-29 16:22:58,1240792651,
2025-10-29 16:23:02,2001792651,
2025-10-29 16:23:02,2001792651,
2025-10-29 16:23:03,248191681,
2025-10-29 16:23:04,248191681,
2025-10-29 16:23:04,248191681,
2025-10-29 16:23:04,248191681,
2025-10-29 16:23:05,248191681,
2025-10-29 16:23:05,248191681,
2025-10-29 16:23:06,248191681,
2025-10-29 16:23:07,248191681,
2025-10-29 16:23:07,2481791681,
2025-10-29 16:23:07,2481791681,
2025-10-29 16:23:08,248191681,
2025-10-29 16:23:09,248191681,
2025-10-29 16:23:09,2481791681,
2025-10-29 16:23:11,248191681,
2025-10-29 16:23:12,248191681,
2025-10-29 16:23:38,24A0668,
2025-10-29 16:23:38,24A0668,
2025-10-29 16:23:40,24A0668,
2025-10-29 16:23:40,24A06685,
2025-10-29 16:23:40,24A06685,
2025-10-29 16:23:41,24A06685,
2025-10-29 16:23:41,24A06685,
2025-10-29 16:23:41,24A06685,
2025-10-29 16:23:42,24A06685,
2025-10-29 16:23:42,24A066,
2025-10-29 16:23:42,24A06685,
2025-10-29 16:23:43,24A06685,
2025-10-29 16:23:43,24A06685,
2025-10-29 16:23:43,24A06685,
2025-10-29 16:23:44,24A06685,
2025-10-29 16:23:44,24A06685,
2025-10-29 16:23:44,24A066,
2025-10-29 16:23:45,24A06685,
2025-10-29 16:23:45,24A06685,
2025-10-29 16:23:45,24A06685,
2025-10-29 16:23:46,24A06685,
2025-10-29 16:23:46,24A06685,
2025-10-29 16:23:46,24A06685,
2025-10-29 16:23:47,24A06685,
2025-10-29 16:23:47,24A06685,
2025-10-29 16:23:47,24A06685,
2025-10-29 16:23:48,24A06685,
2025-10-29 16:23:48,24A06685,
2025-10-29 16:23:48,24A06685,
2025-10-29 16:23:49,24A06685,
2025-10-29 16:23:49,24A06685,
2025-10-29 16:23:49,24A06685,
2025-10-29 16:23:50,24A06685,
2025-10-29 16:23:50,24A06685,
2025-10-29 16:23:50,24A06685,
2025-10-29 16:23:51,24A06685,
2025-10-29 16:23:51,24A06685,
2025-10-29 16:23:51,24A06685,
2025-10-29 16:23:52,24A06685,
2025-10-29 16:23:52,24A06685,
2025-10-29 16:23:52,24A06685,
2025-10-29 16:23:53,24A06685,
2025-10-29 16:23:53,24A06685,
2025-10-29 16:23:53,24A06685,
2025-10-29 16:23:54,24A06685,
2025-10-29 16:23:54,24A06685,
2025-10-29 16:23:55,24A06685,
2025-10-29 16:23:55,006685,
2025-10-29 16:23:55,006685,
2025-10-29 16:24:32,24A08559,
2025-10-29 16:24:33,24A08559,
2025-10-29 16:24:33,24A08559,
2025-10-29 16:24:34,24A08559,
2025-10-29 16:24:34,24A08559,
2025-10-29 16:24:34,24A08559,
2025-10-29 16:24:35,24A08559,
2025-10-29 16:24:35,24A08559,
2025-10-29 16:24:36,24A08559,
2025-10-29 16:24:36,24A08559,
2025-10-29 16:24:36,24A08559,
2025-10-29 16:24:37,24A08559,
2025-10-29 16:24:37,24A08559,
2025-10-29 16:24:37,24A08559,
2025-10-29 16:24:38,24A08559,
2025-10-29 16:24:38,24A08559,
2025-10-29 16:24:39,24A08559,
2025-10-29 16:24:39,24A08559,
2025-10-29 16:24:39,24A08559,
2025-10-29 16:24:40,24A08559,
2025-10-29 16:24:40,24A08559,
2025-10-29 16:24:40,24A08559,
2025-10-29 16:24:41,24A08559,
2025-10-29 16:24:41,24A08559,
2025-10-29 16:24:42,24A08559,
2025-10-29 16:24:42,24A08559,
2025-10-29 16:24:42,24A08559,
2025-10-29 16:24:43,24A08559,
2025-10-29 16:24:43,24A08559,
2025-10-29 16:24:43,24A08559,
2025-10-29 16:24:44,24A08559,
2025-10-29 16:24:44,24A08559,
2025-10-29 16:24:44,24A08559,
2025-10-29 16:24:45,24A08559,
2025-10-29 16:24:45,24A08559,
2025-10-29 16:24:46,24A08559,
2025-10-29 16:24:46,24A08559,
2025-10-29 16:24:46,24A08559,
2025-10-29 16:24:47,24A08559,
2025-10-29 16:24:47,24A08559,
2025-10-29 16:24:48,24A08559,
2025-10-29 16:24:48,24A08559,
2025-10-29 16:24:48,24A08559,
2025-10-29 16:24:49,24A08559,
2025-10-29 16:24:49,24A08559,
2025-10-29 16:24:50,24A08559,
2025-10-29 16:24:50,24A08559,
2025-10-29 16:24:50,24A08559,
2025-10-29 16:24:51,24A08559,
2025-10-29 16:24:51,4008559,
2025-10-29 16:24:52,4008559,
2025-10-29 16:25:23,2482141541,
2025-10-29 16:25:23,248241547,
2025-10-29 16:25:24,1248241547,
2025-10-29 16:25:24,248241547,
2025-10-29 16:25:24,248241547,
2025-10-29 16:25:25,248241547,
2025-10-29 16:25:25,248241541,
2025-10-29 16:25:26,248241541,
2025-10-29 16:25:26,248241541,
2025-10-29 16:25:27,248241547,
2025-10-29 16:25:27,248241547,
2025-10-29 16:25:28,248241541,
2025-10-29 16:25:28,248241541,
2025-10-29 16:25:29,248241541,
2025-10-29 16:25:29,248241547,
2025-10-29 16:25:30,2482741547,
2025-10-29 16:25:30,2482741547,
2025-10-29 16:25:31,2482141547,
2025-10-29 16:25:31,248241547,
2025-10-29 16:25:32,2482441547,
2025-10-29 16:25:32,248241547,
2025-10-29 16:25:33,248241547,
2025-10-29 16:25:34,248241541,
2025-10-29 16:25:34,248241541,
2025-10-29 16:25:35,2482141541,
2025-10-29 16:25:35,2482141541,
2025-10-29 16:25:37,248241547,
2025-10-29 16:25:37,248241547,
2025-10-29 16:25:38,1248241537,
2025-10-29 16:25:52,30H61369,
2025-10-29 16:25:53,30H61389,
2025-10-29 16:25:53,30H61389,
2025-10-29 16:25:54,30H61389,
2025-10-29 16:25:54,30H61389,
2025-10-29 16:25:55,30H61389,
2025-10-29 16:25:55,30H61389,
2025-10-29 16:25:55,30H61389,
2025-10-29 16:25:56,30H61389,
2025-10-29 16:25:56,30H61389,
2025-10-29 16:25:56,30HI61389,
2025-10-29 16:25:57,30H61389,
2025-10-29 16:25:57,30H61389,
2025-10-29 16:25:58,30H61389,
2025-10-29 16:25:58,30H61389,
2025-10-29 16:25:58,30H61389,
2025-10-29 16:25:59,30H61389,
2025-10-29 16:25:59,30H61389,
2025-10-29 16:26:00,30H61389,
2025-10-29 16:26:00,30H61389,
2025-10-29 16:26:00,30H61389,
2025-10-29 16:26:01,30H61389,
2025-10-29 16:26:01,30H61389,
2025-10-29 16:26:02,30H61389,
2025-10-29 16:26:02,30H61389,
2025-10-29 16:26:02,30H61389,
2025-10-29 16:26:03,30H61389,
2025-10-29 16:26:03,30H61389,
2025-10-29 16:26:04,30H61389,
2025-10-29 16:26:04,30H61389,
2025-10-29 16:26:04,30H61389,
2025-10-29 16:26:05,30H61389,
2025-10-29 16:26:05,30H61389,
2025-10-29 16:26:05,30H61389,
2025-10-29 16:26:06,30H61389,
2025-10-29 16:26:06,30H61389,
2025-10-29 16:26:07,30H61389,
2025-10-29 16:26:07,30H61389,
2025-10-29 16:26:07,30H61389,
2025-10-29 16:26:08,30H61389,
2025-10-29 16:26:08,30H61389,
2025-10-29 16:26:09,30H1389,
2025-10-29 16:26:09,30H1389,
2025-10-29 16:26:11,248280201,
2025-10-29 16:26:12,248280201,
2025-10-29 16:26:12,248280201,
2025-10-29 16:26:12,248280201,
2025-10-29 16:26:13,248280201,
2025-10-29 16:26:13,248280201,
2025-10-29 16:26:14,248280201,
2025-10-29 16:26:14,248280201,
2025-10-29 16:26:15,248280201,
2025-10-29 16:26:15,248280201,
2025-10-29 16:26:15,248280201,
2025-10-29 16:26:16,24B280201,
2025-10-29 16:26:16,1248280201,
2025-10-29 16:26:17,1248280201,
2025-10-29 16:26:25,1024397,
2025-10-29 16:26:27,051597,
2025-10-29 16:26:27,051597,
2025-10-29 16:26:28,98A57654,
2025-10-29 16:26:28,98A57654,
2025-10-29 16:26:29,98A57654,
2025-10-29 16:26:29,98A57654,
2025-10-29 16:26:30,98A57654,
2025-10-29 16:26:30,98A57654,
2025-10-29 16:26:31,98A57654,
2025-10-29 16:26:31,98A57654,
2025-10-29 16:26:32,98A57654,
2025-10-29 16:26:32,98A57654,
2025-10-29 16:26:33,98A57654,
2025-10-29 16:26:33,98A57654,
2025-10-29 16:26:33,98A57654,
2025-10-29 16:26:34,98A57654,
2025-10-29 16:26:34,98A57654,
2025-10-29 16:26:35,98A57654,
2025-10-29 16:26:35,98A57654,
2025-10-29 16:26:35,98A57654,
2025-10-29 16:26:36,98A57654,
2025-10-29 16:26:36,98A57654,
2025-10-29 16:26:37,98A57654,
2025-10-29 16:26:37,98A57654,
2025-10-29 16:26:37,98A57654,
2025-10-29 16:26:38,98A57654,
2025-10-29 16:26:38,98A57654,
2025-10-29 16:26:39,98A57654,
2025-10-29 16:26:39,98A57654,
2025-10-29 16:26:39,98A57654,
2025-10-29 16:26:40,98A57654,
2025-10-29 16:26:40,98A57654,
2025-10-29 16:26:41,98A57654,
2025-10-29 16:26:41,98A57654,
2025-10-29 16:26:41,98A57654,
2025-10-29 16:26:42,98A57654,
2025-10-29 16:26:42,98A57654,
2025-10-29 16:26:42,98A57654,
2025-10-29 16:26:43,98A57654,
2025-10-29 16:26:43,98A57654,
2025-10-29 16:26:44,98A57654,
2025-10-29 16:26:44,98A57654,
2025-10-29 16:26:44,90A57654,
2025-10-29 16:26:45,98A57654,
2025-10-29 16:26:45,98A57654,
2025-10-29 16:26:46,98A57654,
2025-10-29 16:26:46,98A57654,
2025-10-29 16:26:46,98A57654,
2025-10-29 16:26:47,98A57654,
2025-10-29 16:26:47,98A57654,
2025-10-29 16:26:47,98A57654,
2025-10-29 16:26:48,98A57654,
2025-10-29 16:26:48,98A57654,
2025-10-29 16:26:49,98A57654,
2025-10-29 16:26:49,98A57654,
2025-10-29 16:26:49,98A57654,
2025-10-29 16:26:50,98A57654,
2025-10-29 16:26:50,98A57654,
2025-10-29 16:26:50,98A57654,
2025-10-29 16:26:51,98A57654,
2025-10-29 16:26:51,98A57654,
2025-10-29 16:27:00,24A0573,
2025-10-29 16:27:03,24A05734,
2025-10-29 16:27:03,24A05734,
2025-10-29 16:27:49,24K64736,
2025-10-29 16:27:49,24K64736,
2025-10-29 16:27:50,24K614736,
2025-10-29 16:27:50,24K64736,
2025-10-29 16:27:51,24K614736,
2025-10-29 16:27:51,24K614736,
2025-10-29 16:27:51,24K64736,
2025-10-29 16:27:52,24K6736,
2025-10-29 16:27:52,24K614736,
2025-10-29 16:27:53,34K614736,
2025-10-29 16:27:53,24K64736,
2025-10-29 16:27:53,24K64736,
2025-10-29 16:27:54,24K64736,
2025-10-29 16:27:54,24K64736,
2025-10-29 16:27:55,24K614736,
2025-10-29 16:27:55,24K613736,
2025-10-29 16:27:56,24PK6736,
2025-10-29 16:27:56,24PK6736,
2025-10-29 16:27:57,24K63736,
2025-10-29 16:27:57,24K613736,
2025-10-29 16:27:57,24K6736,
2025-10-29 16:27:58,24K63736,
2025-10-29 16:27:58,24K64736,
2025-10-29 16:27:59,24K64736,
2025-10-29 16:27:59,24K6736,
2025-10-29 16:28:00,24K61736,
2025-10-29 16:28:00,24K64736,
2025-10-29 16:28:01,24K64736,
2025-10-29 16:28:01,24K64736,
2025-10-29 16:28:01,24L64736,
2025-10-29 16:28:02,124764736,
2025-10-29 16:28:03,25K64736,
2025-10-29 16:28:03,25K64736,
2025-10-29 16:28:04,12376736,
2025-10-29 16:28:04,24L64736,
2025-10-29 16:28:05,24L64736,
2025-10-29 16:28:05,25754736,
2025-10-29 16:28:06,24A13635,
2025-10-29 16:28:06,24A13635,
2025-10-29 16:28:06,24A13635,
2025-10-29 16:28:07,24A13635,
2025-10-29 16:28:07,24A13635,
2025-10-29 16:28:08,24A513635,
2025-10-29 16:28:09,24A513635,
2025-10-29 16:28:09,24A13635,
2025-10-29 16:28:09,24A13635,
2025-10-29 16:28:10,24A13635,
2025-10-29 16:28:10,24A13635,
2025-10-29 16:28:11,24A513635,
2025-10-29 16:28:11,24A13635,
2025-10-29 16:28:11,24A13635,
2025-10-29 16:28:12,24A13635,
2025-10-29 16:28:12,24A13635,
2025-10-29 16:28:13,24A13635,
2025-10-29 16:28:13,24A13635,
2025-10-29 16:28:14,24A13635,
2025-10-29 16:28:14,24A13635,
2025-10-29 16:28:15,24A13635,
2025-10-29 16:28:15,24A13635,
2025-10-29 16:28:15,24A13635,
2025-10-29 16:28:16,24A13635,
2025-10-29 16:28:16,24A13635,
2025-10-29 16:28:16,24A13635,
2025-10-29 16:28:17,24A13635,
2025-10-29 16:28:17,24A13635,
2025-10-29 16:28:18,24A13635,
2025-10-29 16:28:18,24A13635,
2025-10-29 16:28:18,24A13635,
2025-10-29 16:28:19,24A13635,
2025-10-29 16:28:20,24A13635,
2025-10-29 16:28:25,24V115755,
2025-10-29 16:28:25,24V115755,
2025-10-29 16:28:26,24V115755,
2025-10-29 16:28:26,24V115755,
2025-10-29 16:28:27,24V115755,
2025-10-29 16:28:27,24Y115755,
2025-10-29 16:28:27,24Y115755,
2025-10-29 16:28:28,24Y115755,
2025-10-29 16:28:28,24Y115755,
2025-10-29 16:28:29,24Y115755,
2025-10-29 16:28:29,24Y115755,
2025-10-29 16:28:30,24V115755,
2025-10-29 16:28:30,24Y115755,
2025-10-29 16:28:32,24Y115755,
2025-10-29 16:28:33,24V115755,
2025-10-29 16:28:33,24V115755,
2025-10-29 16:28:33,24V115755,
2025-10-29 16:28:34,24A17976,
2025-10-29 16:28:34,24A17976,
2025-10-29 16:28:35,24Y115755,
2025-10-29 16:28:36,24V115755,
2025-10-29 16:28:37,24V115755,
2025-10-29 16:28:37,24V115755,
2025-10-29 16:28:38,24A17976,
2025-10-29 16:28:38,24Y115755,
2025-10-29 16:28:39,24V115755,
2025-10-29 16:28:39,24V115755,
2025-10-29 16:28:40,24A17976,
2025-10-29 16:28:41,24A17976,
2025-10-29 16:28:41,24A17976,
2025-10-29 16:28:41,24A17976,
2025-10-29 16:28:42,24A17976,
2025-10-29 16:28:42,24A17976,
2025-10-29 16:28:43,24A17976,
2025-10-29 16:28:43,24Y115755,
2025-10-29 16:28:44,24Y115755,
2025-10-29 16:28:45,24A17976,
2025-10-29 16:28:45,24A17976,
2025-10-29 16:28:45,24Y115755,
2025-10-29 16:28:46,24Y115755,
2025-10-29 16:28:46,24Y115755,
2025-10-29 16:28:47,24V115755,
2025-10-29 16:28:47,00M105255,
2025-10-29 16:28:48,00M105255,
2025-10-29 16:28:48,24V115755,
2025-10-29 16:28:49,24V115755,
2025-10-29 16:28:50,24Y115755,
2025-10-29 16:28:50,24Y115755,
2025-10-29 16:28:56,2410114461,
2025-10-29 16:28:57,210114461,
2025-10-29 16:28:57,249114461,
2025-10-29 16:28:57,24N0114461,
2025-10-29 16:28:58,200114461,
2025-10-29 16:28:58,24ND114461,
2025-10-29 16:28:58,200114451,
2025-10-29 16:28:59,24N0114451,
2025-10-29 16:28:59,20174451,
2025-10-29 16:28:59,24N014461,
2025-10-29 16:29:00,24N014461,
2025-10-29 16:29:12,24C14058,
2025-10-29 16:29:12,24C14058,
2025-10-29 16:29:12,24C14058,
2025-10-29 16:29:13,24C14058,
2025-10-29 16:29:13,24C14058,
2025-10-29 16:29:13,24C14058,
2025-10-29 16:29:14,24C14058,
2025-10-29 16:29:14,24C14058,
2025-10-29 16:29:15,24C14058,
2025-10-29 16:29:15,24C14058,
2025-10-29 16:29:15,24C14058,
2025-10-29 16:29:16,24C14058,
2025-10-29 16:29:16,24C14058,
2025-10-29 16:29:16,24C14058,
2025-10-29 16:29:17,24C14058,
2025-10-29 16:29:17,24C14058,
2025-10-29 16:29:18,24C14058,
2025-10-29 16:29:18,24C14058,
2025-10-29 16:29:18,24C14058,
2025-10-29 16:29:19,24C14058,
2025-10-29 16:29:19,24C14058,
2025-10-29 16:29:20,24C14058,
2025-10-29 16:29:20,24C14058,
2025-10-29 16:29:20,24C14058,
2025-10-29 16:29:21,24C14058,
2025-10-29 16:29:21,24C14058,
2025-10-29 16:29:22,24C14058,
2025-10-29 16:29:22,24C14058,
2025-10-29 16:29:22,24C14058,
2025-10-29 16:29:23,24C14058,
2025-10-29 16:29:23,24C14058,
2025-10-29 16:29:23,24C14058,
2025-10-29 16:29:24,24C14058,
2025-10-29 16:29:24,24C14058,
2025-10-29 16:29:25,24C14058,
2025-10-29 16:29:25,24C14058,
2025-10-29 16:29:26,24C14058,
2025-10-29 16:29:26,24C14058,
2025-10-29 16:29:26,24C14058,
2025-10-29 16:29:27,24C14058,
2025-10-29 16:29:27,24C14058,
2025-10-29 16:29:28,24C14058,
2025-10-29 16:29:28,24C14058,
2025-10-29 16:29:28,24C14058,
2025-10-29 16:29:29,24C14058,
2025-10-29 16:29:29,24C14058,
2025-10-29 16:29:30,24C14058,
2025-10-29 16:29:30,24C14058,
2025-10-29 16:29:31,24C14058,
2025-10-29 16:29:31,24C14058,
2025-10-29 16:29:31,24C14058,
2025-10-29 16:29:32,24C14058,
2025-10-29 16:29:32,24C14058,
2025-10-29 16:29:33,24C14058,
2025-10-29 16:29:33,24C14058,
2025-10-29 16:29:33,24C14058,
2025-10-29 16:29:34,24C14058,
2025-10-29 16:29:39,28163346,
2025-10-29 16:29:39,28163346,
2025-10-29 16:29:40,248163346,
2025-10-29 16:29:40,28163346,
2025-10-29 16:29:41,281063346,
2025-10-29 16:29:41,2481063346,
2025-10-29 16:29:42,281063346,
2025-10-29 16:29:42,281063346,
2025-10-29 16:29:43,2681063346,
2025-10-29 16:29:43,20AL53306,
2025-10-29 16:29:44,00BD53166,
2025-10-29 16:29:44,281063346,
2025-10-29 16:29:45,2481063346,
2025-10-29 16:29:45,2481063346,
2025-10-29 16:29:46,78163346,
2025-10-29 16:29:46,281063346,
2025-10-29 16:29:47,281063345,
2025-10-29 16:29:47,00L5334,
2025-10-29 16:29:48,00L5334,
2025-10-29 16:29:48,281063346,
2025-10-29 16:29:49,281063346,
2025-10-29 16:29:49,0281053346,
2025-10-29 16:29:50,0281063346,
2025-10-29 16:29:50,0281063346,
2025-10-29 16:29:51,0181063346,
2025-10-29 16:29:51,0681053346,
2025-10-29 16:29:52,681063346,
2025-10-29 16:29:53,681063346,
2025-10-29 16:29:54,7601053346,
2025-10-29 16:29:54,7801053346,
2025-10-29 16:29:54,2091053346,
2025-10-29 16:29:56,291063346,
2025-10-29 16:29:56,153346,
2025-10-29 16:29:56,153346,
2025-10-29 16:30:10,0857664666,
2025-10-29 16:30:10,0857664666,
2025-10-29 16:30:14,24ND112365,
2025-10-29 16:30:27,24A22389,
2025-10-29 16:30:27,24A22389,
2025-10-29 16:30:28,24A22389,
2025-10-29 16:30:28,24AR22389,
2025-10-29 16:30:29,24AE22389,
2025-10-29 16:30:29,24A22389,
2025-10-29 16:30:30,24A22389,
2025-10-29 16:30:30,24A22389,
2025-10-29 16:30:31,24A22389,
2025-10-29 16:30:31,24A22309,
2025-10-29 16:30:32,24A22389,
2025-10-29 16:30:32,24A22389,
2025-10-29 16:30:33,24A22389,
2025-10-29 16:30:33,24A22389,
2025-10-29 16:30:34,24A22389,
2025-10-29 16:30:34,24A22389,
2025-10-29 16:30:35,24A22389,
2025-10-29 16:30:35,24A22389,
2025-10-29 16:30:35,24A22389,
2025-10-29 16:30:36,24A22389,
2025-10-29 16:30:36,24A22389,
2025-10-29 16:30:37,24A22389,
2025-10-29 16:30:37,24A22389,
2025-10-29 16:30:38,24A22389,
2025-10-29 16:30:38,24A22389,
2025-10-29 16:30:38,24A22389,
2025-10-29 16:30:39,24A22389,
2025-10-29 16:30:39,24A22389,
2025-10-29 16:30:40,24A22389,
2025-10-29 16:30:40,24A22389,
2025-10-29 16:30:41,24A22389,
2025-10-29 16:30:41,24A22389,
2025-10-29 16:30:42,24A22389,
2025-10-29 16:30:42,24A22389,
2025-10-29 16:30:43,24A22389,
2025-10-29 16:30:43,24A22389,
2025-10-29 16:30:44,24A22389,
2025-10-29 16:30:44,24A22389,
2025-10-29 16:30:44,24A22389,
2025-10-29 16:30:45,24A22389,
2025-10-29 16:30:45,24A22389,
2025-10-29 16:30:46,24A22389,
2025-10-29 16:30:46,24A22389,
2025-10-29 16:30:47,24A22389,
2025-10-29 16:30:47,24A22389,
2025-10-29 16:30:47,24A22389,
2025-10-29 16:30:48,24A22389,
2025-10-29 16:30:48,24A22389,
2025-10-29 16:30:49,24A22389,
2025-10-29 16:30:49,24A22389,
2025-10-29 16:30:49,24A22389,
2025-10-29 16:30:50,24A22389,
2025-10-29 16:30:50,24A22389,
2025-10-29 16:30:51,24A22389,
2025-10-29 16:30:51,24A22389,
2025-10-29 16:30:51,24A22389,
2025-10-29 16:30:52,24A22389,
2025-10-29 16:30:52,24A22389,
2025-10-29 16:30:53,24A22389,
2025-10-29 16:30:53,24A22389,
2025-10-29 16:30:53,24A22389,
2025-10-29 16:30:54,24A22389,
2025-10-29 16:30:54,24A22389,
2025-10-29 16:30:54,24A22389,
2025-10-29 16:30:55,24A22389,
2025-10-29 16:30:55,24A22389,
2025-10-29 16:30:56,24A22389,
2025-10-29 16:30:56,24A22389,
2025-10-29 16:30:56,24A22389,
2025-10-29 16:30:57,24A22389,
2025-10-29 16:30:57,24A22389,
2025-10-29 16:30:58,24A22389,
2025-10-29 16:30:58,24A22389,
2025-10-29 16:30:58,24A22389,
2025-10-29 16:30:59,24A22389,
2025-10-29 16:30:59,24A22389,
2025-10-29 16:30:59,24A22389,
2025-10-29 16:31:00,24A22389,
2025-10-29 16:31:00,24A22389,
2025-10-29 16:31:01,24A22389,
2025-10-29 16:31:01,24A22389,
2025-10-29 16:31:01,24A22389,
2025-10-29 16:31:02,24A22389,
2025-10-29 16:31:02,24A22389,
2025-10-29 16:31:03,24A22389,
2025-10-29 16:31:03,24A22389,
2025-10-29 16:31:03,24A22389,
2025-10-29 16:31:04,24A22389,
2025-10-29 16:31:04,24A22389,
2025-10-29 16:31:04,24A22389,
2025-10-29 16:31:05,24A22389,
2025-10-29 16:31:05,24A22389,
2025-10-29 16:31:06,24A22389,
2025-10-29 16:31:06,24A22389,
2025-10-29 16:31:06,24A2389,
2025-10-29 16:31:14,24C08102,
2025-10-29 16:31:14,24C08102,
2025-10-29 16:31:17,24C08102,
2025-10-29 16:31:18,24C08102,
2025-10-29 16:31:19,24C08102,
2025-10-29 16:31:19,24C08102,
2025-10-29 16:31:20,24C08102,
2025-10-29 16:31:20,24C08102,
2025-10-29 16:31:21,24C108102,
2025-10-29 16:31:22,24C108102,
2025-10-29 16:31:22,24C08102,
2025-10-29 16:31:22,24C108102,
2025-10-29 16:31:23,27Z08102,
2025-10-29 16:31:23,24C08102,
2025-10-29 16:31:24,24C08102,
2025-10-29 16:31:24,24C08102,
2025-10-29 16:31:24,24C08102,
2025-10-29 16:31:25,24C08102,
2025-10-29 16:31:25,24C08102,
2025-10-29 16:31:26,24C08102,
2025-10-29 16:31:26,24C08102,
2025-10-29 16:31:26,24C08102,
2025-10-29 16:31:27,24C08102,
2025-10-29 16:31:27,24C08102,
2025-10-29 16:31:28,24C08102,
2025-10-29 16:31:28,24C08102,
2025-10-29 16:31:31,24B1593,
2025-10-29 16:31:32,248159347,
2025-10-29 16:31:32,248159347,
2025-10-29 16:31:33,248159347,
2025-10-29 16:31:33,2481593147,
2025-10-29 16:31:33,248159347,
2025-10-29 16:31:34,248159347,
2025-10-29 16:31:34,248159347,
2025-10-29 16:31:55,24600110,
2025-10-29 16:31:56,24600110,
2025-10-29 16:31:56,24600110,
2025-10-29 16:31:57,24600110,
2025-10-29 16:31:57,24600110,
2025-10-29 16:31:57,24600110,
2025-10-29 16:31:58,24600110,
2025-10-29 16:31:58,24600110,
2025-10-29 16:31:59,24600110,
2025-10-29 16:31:59,24600110,
2025-10-29 16:32:00,24600110,
2025-10-29 16:32:00,24600110,
2025-10-29 16:32:01,24600110,
2025-10-29 16:32:01,24G00110,
2025-10-29 16:32:01,24600110,
2025-10-29 16:32:02,24G00110,
2025-10-29 16:32:02,24600110,
2025-10-29 16:32:03,24600110,
2025-10-29 16:32:03,24600110,
2025-10-29 16:32:04,24600110,
2025-10-29 16:32:04,24600110,
2025-10-29 16:32:04,24G00110,
2025-10-29 16:32:05,24G00110,
2025-10-29 16:32:05,24G00110,
2025-10-29 16:32:06,24G00110,
2025-10-29 16:32:06,24G00110,
2025-10-29 16:32:06,24G00110,
2025-10-29 16:32:07,24G00110,
2025-10-29 16:32:07,24G00110,
2025-10-29 16:32:08,24G00110,
2025-10-29 16:32:08,24G00110,
2025-10-29 16:32:09,24G00110,
2025-10-29 16:32:09,24G00110,
2025-10-29 16:32:09,24G00110,
2025-10-29 16:32:10,24G00110,
2025-10-29 16:32:10,24G00110,
2025-10-29 16:32:11,24G00110,
2025-10-29 16:32:11,24G00110,
2025-10-29 16:32:11,24G00110,
2025-10-29 16:32:12,24G00110,
2025-10-29 16:32:12,24G00110,
2025-10-29 16:32:12,24G00110,
2025-10-29 16:50:03,24A07816,
2025-10-29 16:50:03,24A07816,
2025-10-29 16:50:04,24A07816,
2025-10-29 16:50:04,24A07816,
2025-10-29 16:50:04,24A07816,
2025-10-29 16:50:05,24A07816,
2025-10-29 16:50:05,24A07816,
2025-10-29 16:50:05,24A07816,
2025-10-29 16:50:06,24A07816,
2025-10-29 16:50:06,24A07816,
2025-10-29 16:50:06,24A07816,
2025-10-29 16:50:06,24A07816,
2025-10-29 16:50:07,24A07816,
2025-10-29 16:50:07,24A07816,
2025-10-29 16:50:07,24A07816,
2025-10-29 16:50:08,24A07816,
2025-10-29 16:50:08,24A07816,
2025-10-29 16:50:08,24A07816,
2025-10-29 16:50:08,24A07816,
2025-10-29 16:50:09,24A07816,
2025-10-29 16:50:09,24A07816,
2025-10-29 16:50:09,24A07816,
2025-10-29 16:50:10,24A07816,
2025-10-29 16:50:10,24A07816,
2025-10-29 16:50:10,24A07816,
2025-10-29 16:50:10,24A07816,
2025-10-29 16:50:11,24A07816,
2025-10-29 16:50:11,24A07816,
2025-10-29 16:50:11,24A07816,
2025-10-29 16:50:12,24A07816,
2025-10-29 16:50:12,24A07816,
2025-10-29 16:50:12,24A07816,
2025-10-29 16:50:12,24A07816,
2025-10-29 16:50:13,24A07816,
2025-10-29 16:50:13,24A07816,
2025-10-29 16:50:13,24A07816,
2025-10-29 16:50:14,24A07816,
2025-10-29 16:50:14,24A07816,
2025-10-29 16:50:14,24A07816,
2025-10-29 16:50:14,24A07816,
2025-10-29 16:50:15,24A07816,
2025-10-29 16:50:15,24A07816,
2025-10-29 16:50:15,24A07816,
2025-10-29 16:50:15,24A07816,
2025-10-29 16:50:16,24A07816,
2025-10-29 16:50:16,24A07816,
2025-10-29 16:50:16,24A07816,
2025-10-29 16:50:17,24A07816,
2025-10-29 16:50:17,24A07816,
2025-10-29 16:50:19,24X112442,
2025-10-29 16:50:19,24X112442,
2025-10-29 16:50:20,24X112442,
2025-10-29 16:50:20,24X112442,
2025-10-29 16:50:21,24X112442,
2025-10-29 16:50:21,24X112442,
2025-10-29 16:50:21,24X112442,
2025-10-29 16:50:22,24X112442,
2025-10-29 16:50:22,24X112442,
2025-10-29 16:50:22,24X112442,
2025-10-29 16:50:23,24X112442,
2025-10-29 16:50:23,24X112442,
2025-10-29 16:50:24,24X112442,
2025-10-29 16:50:24,20M111242,
2025-10-29 16:50:24,24X112442,
2025-10-29 16:50:25,24X112442,
2025-10-29 16:50:25,24X112442,
2025-10-29 16:50:27,24X112442,
2025-10-29 16:57:55,24A07816,
2025-10-29 16:57:56,24A07816,
2025-10-29 16:57:56,24A07816,
2025-10-29 16:57:56,24A07816,
2025-10-29 16:57:57,24A07816,
2025-10-29 16:57:57,24A07816,
2025-10-29 16:57:57,24A07816,
2025-10-29 16:57:58,24A07816,
2025-10-29 16:57:58,24A07816,
2025-10-29 16:57:58,24A07816,
2025-10-29 16:57:59,24A07816,
2025-10-29 16:57:59,24A07816,
2025-10-29 16:57:59,24A07816,
2025-10-29 16:58:00,24A07816,
2025-10-29 16:58:00,24A07816,
2025-10-29 16:58:00,24A07816,
2025-10-29 16:58:01,24A07816,
2025-10-29 16:58:01,24A07816,
2025-10-29 16:58:01,24A07816,
2025-10-29 16:58:02,24A07816,
2025-10-29 16:58:02,24A07816,
2025-10-29 16:58:02,24A07816,
2025-10-29 16:58:03,24A07816,
2025-10-29 16:58:03,24A07816,
2025-10-29 16:58:03,24A07816,
2025-10-29 16:58:04,24A07816,
2025-10-29 16:58:04,24A07816,
2025-10-29 16:58:04,24A07816,
2025-10-29 16:58:05,24A07816,
2025-10-29 16:58:05,24A07816,
2025-10-29 16:58:05,24A07816,
2025-10-29 16:58:06,24A07816,
2025-10-29 16:58:06,24A07816,
2025-10-29 16:58:06,24A07816,
2025-10-29 16:58:07,24A07816,
2025-10-29 16:58:07,24A07816,
2025-10-29 16:58:07,24A07816,
2025-10-29 16:58:08,24A07816,
2025-10-29 16:58:08,24A07816,
2025-10-29 16:58:08,24A07816,
2025-10-29 16:58:09,24A07816,
2025-10-29 16:58:09,24A07816,
2025-10-29 16:58:09,24A07816,
2025-10-29 16:58:09,24A07816,
2025-10-29 16:58:10,24A07816,
2025-10-29 16:58:10,24A07816,
2025-10-29 16:58:11,24A07816,
2025-10-29 16:58:11,24A07816,
2025-10-29 16:58:12,24A07816,
2025-10-29 16:58:14,24X112442,
2025-10-29 16:58:14,24X112442,
2025-10-29 16:58:14,24X112442,
2025-10-29 16:58:15,24X112442,
2025-10-29 16:58:15,24X112442,
2025-10-29 16:58:16,24X112442,
2025-10-29 16:58:16,24X112442,
2025-10-29 16:58:17,24X112442,
2025-10-29 16:58:17,24X112442,
2025-10-29 16:58:18,24X112442,
2025-10-29 16:58:18,24X112442,
2025-10-29 16:58:19,24X112442,
2025-10-29 16:58:19,24X112442,
2025-10-29 16:58:19,20M111242,
2025-10-29 16:58:20,24X112442,
2025-10-29 16:58:20,24X112442,
2025-10-29 16:58:21,24X112442,
2025-10-29 16:58:22,24X112442,
2025-10-29 16:58:28,24C09238,
2025-10-29 16:58:28,24C09238,
2025-10-29 16:58:28,24C09238,
2025-10-29 16:58:29,24C09238,
2025-10-29 16:58:29,24C09238,
2025-10-29 16:58:30,24C09238,
2025-10-29 16:58:30,24C09238,
2025-10-29 16:58:30,24C09238,
2025-10-29 16:58:31,24C09238,
2025-10-29 16:58:31,24C09238,
2025-10-29 16:58:32,24C09238,
2025-10-29 16:58:32,24C09238,
2025-10-29 16:58:32,24C09238,
2025-10-29 16:58:33,24C09238,
2025-10-29 16:58:33,24C09238,
2025-10-29 16:58:33,24C09238,
2025-10-29 16:58:34,24C09238,
2025-10-29 16:58:34,24C09238,
2025-10-29 16:58:34,24C09238,
2025-10-29 16:58:35,27C09238,
2025-10-29 16:58:35,24C09238,
2025-10-29 16:58:36,24C09238,
2025-10-29 16:58:36,24C09238,
2025-10-29 16:58:36,24C09238,
2025-10-29 16:58:37,24C09238,
2025-10-29 16:58:37,24C09238,
2025-10-29 16:58:37,24C09238,
2025-10-29 16:58:38,24C09238,
2025-10-29 16:58:38,24C09238,
2025-10-29 16:58:39,24C09238,
2025-10-29 16:58:39,24C09238,
2025-10-29 16:58:39,24C09238,
2025-10-29 16:58:40,24C09238,
2025-10-29 16:58:40,24C09238,
2025-10-29 16:58:40,24C09238,
2025-10-29 16:58:41,24C09238,
2025-10-29 16:58:41,24C09238,
2025-10-29 16:58:41,24C09238,
2025-10-29 16:58:42,379238,
2025-10-29 16:58:45,29K10425,
2025-10-29 16:58:45,29K10425,
2025-10-29 16:58:46,29K10425,
2025-10-29 16:58:46,29K10425,
2025-10-29 16:58:47,29K10425,
2025-10-29 16:58:47,29K10425,
2025-10-29 16:58:48,29K10425,
2025-10-29 16:58:49,29K10425,
2025-10-29 16:58:49,29K10425,
2025-10-29 16:58:49,29K10425,
2025-10-29 16:58:50,29K10425,
2025-10-29 16:58:50,29K10425,
2025-10-29 16:58:50,29K10425,
2025-10-29 16:58:51,29K10425,
2025-10-29 16:58:51,29K10425,
2025-10-29 16:58:52,29K10425,
2025-10-29 16:58:52,29K10425,
2025-10-29 16:58:52,29K10425,
2025-10-29 16:58:53,29K10425,
2025-10-29 16:58:53,29K10425,
2025-10-29 16:58:53,29K10425,
2025-10-29 16:58:54,29K10425,
2025-10-29 16:58:54,29K10425,
2025-10-29 16:58:54,29K10425,
2025-10-29 16:58:55,29K10425,
2025-10-29 16:58:55,29K10425,
2025-10-29 16:58:55,29K10425,
2025-10-29 16:58:56,29K10425,
2025-10-29 16:58:56,29K10425,
2025-10-29 16:58:56,29K10425,
2025-10-29 16:58:57,29K10425,
2025-10-29 16:58:57,29K10425,
2025-10-29 16:58:57,29K10425,
2025-10-29 16:58:58,29K10425,
2025-10-29 16:58:58,29K10425,
2025-10-29 16:58:58,29K10425,
2025-10-29 16:58:59,29K10425,
2025-10-29 16:58:59,29K10425,
2025-10-29 16:58:59,29K10425,
2025-10-29 16:59:00,29K10425,
2025-10-29 16:59:00,29K10425,
2025-10-29 16:59:00,29K10425,
2025-10-29 16:59:01,29K10425,
2025-10-29 16:59:01,29K10425,
2025-10-29 16:59:01,29K1055,
2025-10-29 16:59:16,2133976,
2025-10-29 16:59:16,133978,
2025-10-29 16:59:17,133978,
2025-10-29 16:59:17,20133976,
2025-10-29 16:59:17,2681733975,
2025-10-29 16:59:17,2033975,
2025-10-29 16:59:18,201733976,
2025-10-29 16:59:18,201733976,
2025-10-29 16:59:18,261733976,
2025-10-29 16:59:19,2481733976,
2025-10-29 16:59:19,2481733976,
2025-10-29 16:59:19,2481733976,
2025-10-29 16:59:20,248133976,
2025-10-29 16:59:20,2681733976,
2025-10-29 16:59:20,2681733976,
2025-10-29 16:59:21,2481733975,
2025-10-29 16:59:21,2491733976,
2025-10-29 16:59:21,240133976,
2025-10-29 16:59:22,240133975,
2025-10-29 16:59:22,240133975,
2025-10-29 16:59:22,2581733976,
2025-10-29 16:59:23,2481733976,
2025-10-29 16:59:23,2481733976,
2025-10-29 16:59:47,24A00919,
2025-10-29 16:59:48,24A00919,
2025-10-29 16:59:48,24A00919,
2025-10-29 16:59:48,24A00919,
2025-10-29 16:59:49,24A00919,
2025-10-29 16:59:49,24A00919,
2025-10-29 16:59:49,24A00919,
2025-10-29 16:59:50,24A00919,
2025-10-29 16:59:50,24A00919,
2025-10-29 16:59:51,24A00919,
2025-10-29 16:59:51,24A00919,
2025-10-29 16:59:51,24A00919,
2025-10-29 16:59:52,24A00919,
2025-10-29 16:59:52,24A00919,
2025-10-29 16:59:52,24A00919,
2025-10-29 16:59:53,24A00919,
2025-10-29 16:59:53,24A00919,
2025-10-29 16:59:53,24A00919,
2025-10-29 16:59:54,24A00919,
2025-10-29 16:59:54,24A00919,
2025-10-29 16:59:55,24A00919,
2025-10-29 16:59:55,24A00919,
2025-10-29 16:59:55,24A00919,
2025-10-29 16:59:56,24A00919,
2025-10-29 16:59:56,24A00919,
2025-10-29 16:59:56,24A00919,
2025-10-29 16:59:57,24A00919,
2025-10-29 16:59:57,24A00919,
2025-10-29 16:59:57,20A00919,
2025-10-29 16:59:58,24A00919,
2025-10-29 16:59:58,24A00919,
2025-10-29 16:59:58,24A00919,
2025-10-29 16:59:59,24A00919,
2025-10-29 16:59:59,24A00919,
2025-10-29 17:00:00,24A00919,
2025-10-29 17:00:00,24A00919,
2025-10-29 17:00:00,24A00919,
2025-10-29 17:00:01,24A00919,
2025-10-29 17:00:01,24A00919,
2025-10-29 17:00:01,24A00919,
2025-10-29 17:00:02,24A00919,
2025-10-29 17:00:02,24A00919,
2025-10-29 17:00:03,24A00919,
2025-10-29 17:00:03,24A00919,
2025-10-29 17:00:03,24A00919,
2025-10-29 17:00:04,24A00919,
2025-10-29 17:00:04,24A00919,
2025-10-29 17:00:04,24A00919,
2025-10-29 17:00:05,24A00919,
2025-10-29 17:00:05,24A00919,
2025-10-29 17:00:06,24A00919,
2025-10-29 17:00:35,248104574,
2025-10-29 17:00:36,240105,
2025-10-29 17:00:36,2601057,
2025-10-29 17:00:36,24010574,
2025-10-29 17:00:37,24010574,
2025-10-29 17:00:37,2401057,
2025-10-29 17:00:37,24010574,
2025-10-29 17:00:38,24B1167,
2025-10-29 17:00:38,24010574,
2025-10-29 17:00:39,2481057,
2025-10-29 17:00:39,2481057,
2025-10-29 17:00:39,2401057,
2025-10-29 17:00:40,24811574,
2025-10-29 17:00:40,2481057,
2025-10-29 17:00:40,24010571,
2025-10-29 17:00:41,24611457,
2025-10-29 17:00:41,24611457,
2025-10-29 17:00:41,24610576,
2025-10-29 17:00:42,248157,
2025-10-29 17:00:42,2481004576,
2025-10-29 17:00:42,24810457,
2025-10-29 17:00:43,24810457,
2025-10-29 17:00:43,2481057,
2025-10-29 17:00:44,24817057,
2025-10-29 17:00:44,2401705,
2025-10-29 17:00:44,2401705,
2025-10-29 17:01:39,24A16947,
2025-10-29 17:01:39,24A16947,
2025-10-29 17:01:40,24A16947,
2025-10-29 17:01:40,24A16947,
2025-10-29 17:01:40,24A16947,
2025-10-29 17:01:41,24A16947,
2025-10-29 17:01:41,24A16947,
2025-10-29 17:01:41,24A16947,
2025-10-29 17:01:42,24A16947,
2025-10-29 17:01:42,24A16947,
2025-10-29 17:01:42,24A16947,
2025-10-29 17:01:43,24A16947,
2025-10-29 17:01:43,24A16947,
2025-10-29 17:01:44,24A16947,
2025-10-29 17:01:44,24A16947,
2025-10-29 17:01:44,24A16947,
2025-10-29 17:01:45,24A16947,
2025-10-29 17:01:45,24A16947,
2025-10-29 17:01:45,24A16947,
2025-10-29 17:01:46,24A16947,
2025-10-29 17:01:46,24A16947,
2025-10-29 17:01:47,24A16947,
2025-10-29 17:01:47,24A16947,
2025-10-29 17:01:47,24A16947,
2025-10-29 17:01:48,24A16947,
2025-10-29 17:01:48,24A16947,
2025-10-29 17:01:49,24A16947,
2025-10-29 17:01:49,24A16947,
2025-10-29 17:01:49,24A16947,
2025-10-29 17:01:49,24A16947,
2025-10-29 17:01:50,24A16947,
2025-10-29 17:01:50,24A16947,
2025-10-29 17:01:51,24A16947,
2025-10-29 17:01:51,24A16947,
2025-10-29 17:01:51,24A16947,
2025-10-29 17:01:52,24A16947,
2025-10-29 17:01:52,24A16947,
2025-10-29 17:01:52,24A16947,
2025-10-29 17:01:53,24A16947,
2025-10-29 17:01:53,24A16947,
2025-10-29 17:01:54,24A16947,
2025-10-29 17:01:54,24A16947,
2025-10-29 17:01:55,24A16947,
2025-10-29 17:01:55,24A16947,
2025-10-29 17:01:56,24A16947,
2025-10-29 17:01:57,24A16947,
2025-10-29 17:01:57,24A16947,
2025-10-29 17:01:57,24A16947,
2025-10-29 17:01:58,24A16947,
2025-10-29 17:01:58,24A16947,
2025-10-29 17:01:59,24A16947,
2025-10-29 17:01:59,24A16947,
2025-10-29 17:02:00,24A16947,
2025-10-29 17:02:00,24A16947,
2025-10-29 17:02:01,24A16947,
2025-10-29 17:02:04,24A20421,
2025-10-29 17:02:05,24A20421,
2025-10-29 17:02:05,24A20421,
2025-10-29 17:02:05,24A20421,
2025-10-29 17:02:06,24A20421,
2025-10-29 17:02:06,24A20421,
2025-10-29 17:02:07,24A20421,
2025-10-29 17:02:07,24A20421,
2025-10-29 17:02:07,24A20421,
2025-10-29 17:02:08,24A204211,
2025-10-29 17:02:08,24A20421,
2025-10-29 17:02:08,24A20421,
2025-10-29 17:02:09,24A20421,
2025-10-29 17:02:09,24A20421,
2025-10-29 17:02:09,24A20421,
2025-10-29 17:02:10,24A20421,
2025-10-29 17:02:10,24A20421,
2025-10-29 17:02:10,24A20421,
2025-10-29 17:02:11,24A20421,
2025-10-29 17:02:11,24A204217,
2025-10-29 17:02:11,24A204211,
2025-10-29 17:02:12,24A20421,
2025-10-29 17:02:12,24A20421,
2025-10-29 17:02:13,24A20421,
2025-10-29 17:02:13,24A20421,
2025-10-29 17:02:13,24A20421,
2025-10-29 17:02:14,24A20421,
2025-10-29 17:02:14,24A20421,
2025-10-29 17:02:14,24A20421,
2025-10-29 17:02:15,24A20421,
2025-10-29 17:02:15,24A204211,
2025-10-29 17:02:15,24A20421,
2025-10-29 17:02:16,24A20421,
2025-10-29 17:02:16,24A20421,
2025-10-29 17:02:16,24A20421,
2025-10-29 17:02:17,24A20421,
2025-10-29 17:02:17,24A20421,
2025-10-29 17:02:18,24A20421,
2025-10-29 17:02:18,24A20421,
2025-10-29 17:02:18,24A20421,
2025-10-29 17:02:19,24A20421,
2025-10-29 17:02:19,24A20421,
2025-10-29 17:02:19,24A20421,
2025-10-29 17:02:20,24A20421,
2025-10-29 17:02:20,24A20421,
2025-10-29 17:02:20,24A20421,
2025-10-29 17:02:21,24A20421,
2025-10-29 17:02:21,24A20421,
2025-10-29 17:02:22,24A20421,
2025-10-29 17:02:22,24A20421,
2025-10-29 17:02:22,24A20421,
2025-10-29 17:02:23,24A20421,
2025-10-29 17:02:23,24A20421,
2025-10-29 17:02:23,24A20421,
2025-10-29 17:02:25,24800322,
2025-10-29 17:02:25,24800322,
2025-10-29 17:02:26,24800322,
2025-10-29 17:02:26,24800322,
2025-10-29 17:02:26,44B00322,
2025-10-29 17:02:27,24800322,
2025-10-29 17:02:27,24B00322,
2025-10-29 17:02:28,24800322,
2025-10-29 17:02:28,20B00322,
2025-10-29 17:02:28,20B00322,
2025-10-29 17:02:29,24B00322,
2025-10-29 17:02:29,20B00322,
2025-10-29 17:02:30,24B00322,
2025-10-29 17:02:30,24B00322,
2025-10-29 17:02:31,24B00322,
2025-10-29 17:02:32,24B00322,
2025-10-29 17:02:32,20B00322,
2025-10-29 17:02:33,24A17752,
2025-10-29 17:02:34,24A17752,
2025-10-29 17:02:34,24A17752,
2025-10-29 17:02:35,24A17752,
2025-10-29 17:02:36,24A17752,
2025-10-29 17:02:37,24A17752,
2025-10-29 17:02:37,24A17752,
2025-10-29 17:02:38,24A17752,
2025-10-29 17:02:39,24A17752,
2025-10-29 17:02:40,24A17752,
2025-10-29 17:02:40,24A17752,
2025-10-29 17:02:41,24A17752,
2025-10-29 17:04:41,24A07816,
2025-10-29 17:04:41,24A07816,
2025-10-29 17:04:41,24A07816,
2025-10-29 17:04:42,24A07816,
2025-10-29 17:04:42,24A07816,
2025-10-29 17:04:42,24A07816,
2025-10-29 17:04:42,24A07816,
2025-10-29 17:04:43,24A07816,
2025-10-29 17:04:43,24A07816,
2025-10-29 17:04:43,24A07816,
2025-10-29 17:04:44,24A07816,
2025-10-29 17:04:44,24A07816,
2025-10-29 17:04:44,24A07816,
2025-10-29 17:04:45,24A07816,
2025-10-29 17:04:45,24A07816,
2025-10-29 17:04:45,24A07816,
2025-10-29 17:04:46,24A07816,
2025-10-29 17:04:46,24A07816,
2025-10-29 17:04:46,24A07816,
2025-10-29 17:04:46,24A07816,
2025-10-29 17:04:47,24A07816,
2025-10-29 17:04:47,24A07816,
2025-10-29 17:04:47,24A07816,
2025-10-29 17:04:48,24A07816,
2025-10-29 17:04:48,24A07816,
2025-10-29 17:04:48,24A07816,
2025-10-29 17:04:49,24A07816,
2025-10-29 17:04:49,24A07816,
2025-10-29 17:04:49,24A07816,
2025-10-29 17:04:49,24A07816,
2025-10-29 17:04:50,24A07816,
2025-10-29 17:04:50,24A07816,
2025-10-29 17:04:50,24A07816,
2025-10-29 17:04:51,24A07816,
2025-10-29 17:04:51,24A07816,
2025-10-29 17:04:51,24A07816,
2025-10-29 17:04:51,24A07816,
2025-10-29 17:04:52,24A07816,
2025-10-29 17:04:52,24A07816,
2025-10-29 17:04:52,24A07816,
2025-10-29 17:04:53,24A07816,
2025-10-29 17:04:53,24A07816,
2025-10-29 17:04:53,24A07816,
2025-10-29 17:04:53,24A07816,
2025-10-29 17:04:54,24A07816,
2025-10-29 17:04:54,24A07816,
2025-10-29 17:04:54,24A07816,
2025-10-29 17:04:55,24A07816,
2025-10-29 17:04:56,24A07816,
2025-10-29 17:04:57,24X112442,
2025-10-29 17:04:58,24X112442,
2025-10-29 17:04:58,24X112442,
2025-10-29 17:04:58,24X112442,
2025-10-29 17:04:59,24X112442,
2025-10-29 17:04:59,24X112442,
2025-10-29 17:04:59,24X112442,
2025-10-29 17:05:00,24X112442,
2025-10-29 17:05:00,24X112442,
2025-10-29 17:05:01,24X112442,
2025-10-29 17:05:01,24X112442,
2025-10-29 17:05:01,24X112442,
2025-10-29 17:05:02,24X112442,
2025-10-29 17:05:02,20M111242,
2025-10-29 17:05:03,24X112442,
2025-10-29 17:05:03,24X112442,
2025-10-29 17:05:04,24X112442,
2025-10-29 17:05:05,24X112442,
2025-10-29 17:05:10,24C09238,
2025-10-29 17:05:10,24C09238,
2025-10-29 17:05:11,24C09238,
2025-10-29 17:05:12,24C09238,
2025-10-29 17:05:12,24C09238,
2025-10-29 17:05:12,24C09238,
2025-10-29 17:05:13,24C09238,
2025-10-29 17:05:13,24C09238,
2025-10-29 17:05:13,24C09238,
2025-10-29 17:05:14,24C09238,
2025-10-29 17:05:14,24C09238,
2025-10-29 17:05:15,24C09238,
2025-10-29 17:05:15,24C09238,
2025-10-29 17:05:15,24C09238,
2025-10-29 17:05:16,24C09238,
2025-10-29 17:05:16,24C09238,
2025-10-29 17:05:16,24C09238,
2025-10-29 17:05:17,24C09238,
2025-10-29 17:05:17,24C09238,
2025-10-29 17:05:18,27C09238,
2025-10-29 17:05:18,24C09238,
2025-10-29 17:05:18,24C09238,
2025-10-29 17:05:19,24C09238,
2025-10-29 17:05:19,24C09238,
2025-10-29 17:05:19,24C09238,
2025-10-29 17:05:20,24C09238,
2025-10-29 17:05:20,24C09238,
2025-10-29 17:05:20,24C09238,
2025-10-29 17:05:21,24C09238,
2025-10-29 17:05:21,24C09238,
2025-10-29 17:05:22,24C09238,
2025-10-29 17:05:22,24C09238,
2025-10-29 17:05:22,24C09238,
2025-10-29 17:05:23,24C09238,
2025-10-29 17:05:23,24C09238,
2025-10-29 17:05:23,24C09238,
2025-10-29 17:05:24,24C09238,
2025-10-29 17:05:24,24C09238,
2025-10-29 17:05:24,379238,
2025-10-29 17:05:27,29K10425,
2025-10-29 17:05:28,29K10425,
2025-10-29 17:05:28,29K10425,
2025-10-29 17:05:29,29K10425,
2025-10-29 17:05:30,29K10425,
2025-10-29 17:05:30,29K10425,
2025-10-29 17:05:30,29K10425,
2025-10-29 17:05:31,29K10425,
2025-10-29 17:05:32,29K10425,
2025-10-29 17:05:32,29K10425,
2025-10-29 17:05:32,29K10425,
2025-10-29 17:05:33,29K10425,
2025-10-29 17:05:33,29K10425,
2025-10-29 17:05:33,29K10425,
2025-10-29 17:05:34,29K10425,
2025-10-29 17:05:34,29K10425,
2025-10-29 17:05:34,29K10425,
2025-10-29 17:05:35,29K10425,
2025-10-29 17:05:35,29K10425,
2025-10-29 17:05:35,29K10425,
2025-10-29 17:05:36,29K10425,
2025-10-29 17:05:36,29K10425,
2025-10-29 17:05:37,29K10425,
2025-10-29 17:05:37,29K10425,
2025-10-29 17:05:37,29K10425,
2025-10-29 17:05:38,29K10425,
2025-10-29 17:05:38,29K10425,
2025-10-29 17:05:38,29K10425,
2025-10-29 17:05:39,29K10425,
2025-10-29 17:05:39,29K10425,
2025-10-29 17:05:39,29K10425,
2025-10-29 17:05:40,29K10425,
2025-10-29 17:05:40,29K10425,
2025-10-29 17:05:40,29K10425,
2025-10-29 17:05:41,29K10425,
2025-10-29 17:05:41,29K10425,
2025-10-29 17:05:41,29K10425,
2025-10-29 17:05:42,29K10425,
2025-10-29 17:05:42,29K10425,
2025-10-29 17:05:42,29K10425,
2025-10-29 17:05:43,29K10425,
2025-10-29 17:05:43,29K10425,
2025-10-29 17:05:43,29K10425,
2025-10-29 17:05:44,29K10425,
2025-10-29 17:05:44,29K1055,
2025-10-29 17:05:58,2133976,
2025-10-29 17:05:59,133978,
2025-10-29 17:05:59,133978,
2025-10-29 17:05:59,20133976,
2025-10-29 17:06:00,2681733975,
2025-10-29 17:06:00,2033975,
2025-10-29 17:06:00,201733976,
2025-10-29 17:06:01,201733976,
2025-10-29 17:06:01,261733976,
2025-10-29 17:06:01,2481733976,
2025-10-29 17:06:02,2481733976,
2025-10-29 17:06:02,2481733976,
2025-10-29 17:06:02,248133976,
2025-10-29 17:06:02,2681733976,
2025-10-29 17:06:03,2681733976,
2025-10-29 17:06:03,2481733975,
2025-10-29 17:06:03,2491733976,
2025-10-29 17:06:04,240133976,
2025-10-29 17:06:04,240133975,
2025-10-29 17:06:05,240133975,
2025-10-29 17:06:05,2581733976,
2025-10-29 17:06:05,2481733976,
2025-10-29 17:06:06,2481733976,
2025-10-29 17:06:30,24A00919,
2025-10-29 17:06:30,24A00919,
2025-10-29 17:06:31,24A00919,
2025-10-29 17:06:31,24A00919,
2025-10-29 17:06:31,24A00919,
2025-10-29 17:06:32,24A00919,
2025-10-29 17:06:32,24A00919,
2025-10-29 17:06:33,24A00919,
2025-10-29 17:06:33,24A00919,
2025-10-29 17:06:33,24A00919,
2025-10-29 17:06:34,24A00919,
2025-10-29 17:06:34,24A00919,
2025-10-29 17:06:34,24A00919,
2025-10-29 17:06:35,24A00919,
2025-10-29 17:06:35,24A00919,
2025-10-29 17:06:35,24A00919,
2025-10-29 17:06:36,24A00919,
2025-10-29 17:06:36,24A00919,
2025-10-29 17:06:37,24A00919,
2025-10-29 17:06:37,24A00919,
2025-10-29 17:06:37,24A00919,
2025-10-29 17:06:38,24A00919,
2025-10-29 17:06:38,24A00919,
2025-10-29 17:06:38,24A00919,
2025-10-29 17:06:39,24A00919,
2025-10-29 17:06:39,24A00919,
2025-10-29 17:06:39,24A00919,
2025-10-29 17:06:40,24A00919,
2025-10-29 17:06:40,20A00919,
2025-10-29 17:06:41,24A00919,
2025-10-29 17:06:41,24A00919,
2025-10-29 17:06:42,24A00919,
2025-10-29 17:06:42,24A00919,
2025-10-29 17:06:42,24A00919,
2025-10-29 17:06:43,24A00919,
2025-10-29 17:06:43,24A00919,
2025-10-29 17:06:43,24A00919,
2025-10-29 17:06:44,24A00919,
2025-10-29 17:06:44,24A00919,
2025-10-29 17:06:45,24A00919,
2025-10-29 17:06:45,24A00919,
2025-10-29 17:06:45,24A00919,
2025-10-29 17:06:46,24A00919,
2025-10-29 17:06:46,24A00919,
2025-10-29 17:06:46,24A00919,
2025-10-29 17:06:47,24A00919,
2025-10-29 17:06:47,24A00919,
2025-10-29 17:06:48,24A00919,
2025-10-29 17:06:48,24A00919,
2025-10-29 17:06:49,24A00919,
2025-10-29 17:06:49,24A00919,
2025-10-29 17:07:22,248104574,
2025-10-29 17:07:22,240105,
2025-10-29 17:07:23,2601057,
2025-10-29 17:07:23,24010574,
2025-10-29 17:07:23,24010574,
2025-10-29 17:07:24,2401057,
2025-10-29 17:07:24,24010574,
2025-10-29 17:07:25,24B1167,
2025-10-29 17:07:25,24010574,
2025-10-29 17:07:25,2481057,
2025-10-29 17:07:26,2481057,
2025-10-29 17:07:26,2401057,
2025-10-29 17:07:26,24811574,
2025-10-29 17:07:27,2481057,
2025-10-29 17:07:27,24010571,
2025-10-29 17:07:27,24611457,
2025-10-29 17:07:28,24611457,
2025-10-29 17:07:28,24610576,
2025-10-29 17:07:28,248157,
2025-10-29 17:07:29,2481004576,
2025-10-29 17:07:29,24810457,
2025-10-29 17:07:30,24810457,
2025-10-29 17:07:30,2481057,
2025-10-29 17:07:30,24817057,
2025-10-29 17:07:31,2401705,
2025-10-29 17:07:31,2401705,
2025-10-29 17:08:30,24A16947,
2025-10-29 17:08:31,24A16947,
2025-10-29 17:08:31,24A16947,
2025-10-29 17:08:32,24A16947,
2025-10-29 17:08:32,24A16947,
2025-10-29 17:08:32,24A16947,
2025-10-29 17:08:33,24A16947,
2025-10-29 17:08:33,24A16947,
2025-10-29 17:08:33,24A16947,
2025-10-29 17:08:34,24A16947,
2025-10-29 17:08:34,24A16947,
2025-10-29 17:08:35,24A16947,
2025-10-29 17:08:35,24A16947,
2025-10-29 17:08:35,24A16947,
2025-10-29 17:08:36,24A16947,
2025-10-29 17:08:36,24A16947,
2025-10-29 17:08:36,24A16947,
2025-10-29 17:08:37,24A16947,
2025-10-29 17:08:37,24A16947,
2025-10-29 17:08:38,24A16947,
2025-10-29 17:08:38,24A16947,
2025-10-29 17:08:39,24A16947,
2025-10-29 17:08:39,24A16947,
2025-10-29 17:08:39,24A16947,
2025-10-29 17:08:40,24A16947,
2025-10-29 17:08:40,24A16947,
2025-10-29 17:08:40,24A16947,
2025-10-29 17:08:41,24A16947,
2025-10-29 17:08:41,24A16947,
2025-10-29 17:08:41,24A16947,
2025-10-29 17:08:42,24A16947,
2025-10-29 17:08:42,24A16947,
2025-10-29 17:08:43,24A16947,
2025-10-29 17:08:43,24A16947,
2025-10-29 17:08:43,24A16947,
2025-10-29 17:08:44,24A16947,
2025-10-29 17:08:44,24A16947,
2025-10-29 17:08:45,24A16947,
2025-10-29 17:08:45,24A16947,
2025-10-29 17:08:45,24A16947,
2025-10-29 17:08:46,24A16947,
2025-10-29 17:08:46,24A16947,
2025-10-29 17:08:47,24A16947,
2025-10-29 17:08:47,24A16947,
2025-10-29 17:08:48,24A16947,
2025-10-29 17:08:49,24A16947,
2025-10-29 17:08:49,24A16947,
2025-10-29 17:08:49,24A16947,
2025-10-29 17:08:50,24A16947,
2025-10-29 17:08:50,24A16947,
2025-10-29 17:08:51,24A16947,
2025-10-29 17:08:51,24A16947,
2025-10-29 17:08:52,24A16947,
2025-10-29 17:08:52,24A16947,
2025-10-29 17:08:52,24A16947,
2025-10-29 17:08:56,24A20421,
2025-10-29 17:08:57,24A20421,
2025-10-29 17:08:57,24A20421,
2025-10-29 17:08:57,24A20421,
2025-10-29 17:08:58,24A20421,
2025-10-29 17:08:58,24A20421,
2025-10-29 17:08:58,24A20421,
2025-10-29 17:08:59,24A20421,
2025-10-29 17:08:59,24A20421,
2025-10-29 17:09:00,24A204211,
2025-10-29 17:09:00,24A20421,
2025-10-29 17:09:00,24A20421,
2025-10-29 17:09:01,24A20421,
2025-10-29 17:09:01,24A20421,
2025-10-29 17:09:01,24A20421,
2025-10-29 17:09:02,24A20421,
2025-10-29 17:09:02,24A20421,
2025-10-29 17:09:02,24A20421,
2025-10-29 17:09:03,24A20421,
2025-10-29 17:09:03,24A204217,
2025-10-29 17:09:03,24A204211,
2025-10-29 17:09:04,24A20421,
2025-10-29 17:09:04,24A20421,
2025-10-29 17:09:05,24A20421,
2025-10-29 17:09:05,24A20421,
2025-10-29 17:09:05,24A20421,
2025-10-29 17:09:06,24A20421,
2025-10-29 17:09:06,24A20421,
2025-10-29 17:09:06,24A20421,
2025-10-29 17:09:07,24A20421,
2025-10-29 17:09:07,24A204211,
2025-10-29 17:09:07,24A20421,
2025-10-29 17:09:08,24A20421,
2025-10-29 17:09:08,24A20421,
2025-10-29 17:09:09,24A20421,
2025-10-29 17:09:09,24A20421,
2025-10-29 17:09:09,24A20421,
2025-10-29 17:09:10,24A20421,
2025-10-29 17:09:10,24A20421,
2025-10-29 17:09:10,24A20421,
2025-10-29 17:09:11,24A20421,
2025-10-29 17:09:11,24A20421,
2025-10-29 17:09:11,24A20421,
2025-10-29 17:09:12,24A20421,
2025-10-29 17:09:12,24A20421,
2025-10-29 17:09:13,24A20421,
2025-10-29 17:09:13,24A20421,
2025-10-29 17:09:13,24A20421,
2025-10-29 17:09:14,24A20421,
2025-10-29 17:09:14,24A20421,
2025-10-29 17:09:14,24A20421,
2025-10-29 17:09:15,24A20421,
2025-10-29 17:09:15,24A20421,
2025-10-29 17:09:16,24A20421,
2025-10-29 17:09:17,24800322,
2025-10-29 17:09:18,24800322,
2025-10-29 17:09:18,24800322,
2025-10-29 17:09:18,24800322,
2025-10-29 17:09:19,44B00322,
2025-10-29 17:09:19,24800322,
2025-10-29 17:09:20,24B00322,
2025-10-29 17:09:20,24800322,
2025-10-29 17:09:20,20B00322,
2025-10-29 17:09:21,20B00322,
2025-10-29 17:09:21,24B00322,
2025-10-29 17:09:22,20B00322,
2025-10-29 17:09:22,24B00322,
2025-10-29 17:09:23,24B00322,
2025-10-29 17:09:23,24B00322,
2025-10-29 17:09:24,24B00322,
2025-10-29 17:09:24,20B00322,
2025-10-29 17:09:25,24A17752,
2025-10-29 17:09:25,24A17752,
2025-10-29 17:09:26,24A17752,
2025-10-29 17:09:27,24A17752,
2025-10-29 17:09:27,24A17752,
2025-10-29 17:09:28,24A17752,
2025-10-29 17:09:29,24A17752,
2025-10-29 17:09:30,24A17752,
2025-10-29 17:09:30,24A17752,
2025-10-29 17:09:31,24A17752,
2025-10-29 17:09:31,24A17752,
2025-10-29 17:09:32,24A17752,
2025-10-29 17:12:58,24A07816,
2025-10-29 17:12:58,24A07816,
2025-10-29 17:12:58,24A07816,
2025-10-29 17:12:59,24A07816,
2025-10-29 17:12:59,24A07816,
2025-10-29 17:12:59,24A07816,
2025-10-29 17:13:00,24A07816,
2025-10-29 17:13:00,24A07816,
2025-10-29 17:13:00,24A07816,
2025-10-29 17:13:01,24A07816,
2025-10-29 17:13:01,24A07816,
2025-10-29 17:13:01,24A07816,
2025-10-29 17:13:02,24A07816,
2025-10-29 17:13:02,24A07816,
2025-10-29 17:13:02,24A07816,
2025-10-29 17:13:03,24A07816,
2025-10-29 17:13:03,24A07816,
2025-10-29 17:13:03,24A07816,
2025-10-29 17:13:04,24A07816,
2025-10-29 17:13:04,24A07816,
2025-10-29 17:13:04,24A07816,
2025-10-29 17:13:05,24A07816,
2025-10-29 17:13:05,24A07816,
2025-10-29 17:13:05,24A07816,
2025-10-29 17:13:06,24A07816,
2025-10-29 17:13:06,24A07816,
2025-10-29 17:13:06,24A07816,
2025-10-29 17:13:07,24A07816,
2025-10-29 17:13:07,24A07816,
2025-10-29 17:13:07,24A07816,
2025-10-29 17:13:08,24A07816,
2025-10-29 17:13:08,24A07816,
2025-10-29 17:13:08,24A07816,
2025-10-29 17:13:09,24A07816,
2025-10-29 17:13:09,24A07816,
2025-10-29 17:13:09,24A07816,
2025-10-29 17:13:09,24A07816,
2025-10-29 17:13:10,24A07816,
2025-10-29 17:13:10,24A07816,
2025-10-29 17:13:10,24A07816,
2025-10-29 17:13:11,24A07816,
2025-10-29 17:13:11,24A07816,
2025-10-29 17:13:11,24A07816,
2025-10-29 17:13:12,24A07816,
2025-10-29 17:13:12,24A07816,
2025-10-29 17:13:12,24A07816,
2025-10-29 17:13:13,24A07816,
2025-10-29 17:13:13,24A07816,
2025-10-29 17:13:14,24A07816,
2025-10-29 17:13:16,24X112442,
2025-10-29 17:13:16,24X112442,
2025-10-29 17:13:17,24X112442,
2025-10-29 17:13:17,24X112442,
2025-10-29 17:13:17,24X112442,
2025-10-29 17:13:18,24X112442,
2025-10-29 17:13:18,24X112442,
2025-10-29 17:13:19,24X112442,
2025-10-29 17:13:19,24X112442,
2025-10-29 17:13:20,24X112442,
2025-10-29 17:13:20,24X112442,
2025-10-29 17:13:20,24X112442,
2025-10-29 17:13:21,24X112442,
2025-10-29 17:13:21,20M111242,
2025-10-29 17:13:22,24X112442,
2025-10-29 17:13:22,24X112442,
2025-10-29 17:13:23,24X112442,
2025-10-29 17:13:24,24X112442,
2025-10-29 17:13:30,24C09238,
2025-10-29 17:13:30,24C09238,
2025-10-29 17:13:31,24C09238,
2025-10-29 17:13:31,24C09238,
2025-10-29 17:13:32,24C09238,
2025-10-29 17:13:32,24C09238,
2025-10-29 17:13:33,24C09238,
2025-10-29 17:13:33,24C09238,
2025-10-29 17:13:33,24C09238,
2025-10-29 17:13:34,24C09238,
2025-10-29 17:13:34,24C09238,
2025-10-29 17:13:35,24C09238,
2025-10-29 17:13:35,24C09238,
2025-10-29 17:13:35,24C09238,
2025-10-29 17:13:36,24C09238,
2025-10-29 17:13:36,24C09238,
2025-10-29 17:13:37,24C09238,
2025-10-29 17:13:37,24C09238,
2025-10-29 17:13:37,24C09238,
2025-10-29 17:13:38,27C09238,
2025-10-29 17:13:38,24C09238,
2025-10-29 17:13:39,24C09238,
2025-10-29 17:13:39,24C09238,
2025-10-29 17:13:39,24C09238,
2025-10-29 17:13:40,24C09238,
2025-10-29 17:13:40,24C09238,
2025-10-29 17:13:41,24C09238,
2025-10-29 17:13:41,24C09238,
2025-10-29 17:13:41,24C09238,
2025-10-29 17:13:42,24C09238,
2025-10-29 17:13:42,24C09238,
2025-10-29 17:13:43,24C09238,
2025-10-29 17:13:43,24C09238,
2025-10-29 17:13:43,24C09238,
2025-10-29 17:13:44,24C09238,
2025-10-29 17:13:44,24C09238,
2025-10-29 17:13:45,24C09238,
2025-10-29 17:13:45,24C09238,
2025-10-29 17:13:45,379238,
2025-10-29 17:13:49,29K10425,
2025-10-29 17:13:49,29K10425,
2025-10-29 17:13:50,29K10425,
2025-10-29 17:13:50,29K10425,
2025-10-29 17:13:51,29K10425,
2025-10-29 17:13:52,29K10425,
2025-10-29 17:13:52,29K10425,
2025-10-29 17:13:53,29K10425,
2025-10-29 17:13:54,29K10425,
2025-10-29 17:13:54,29K10425,
2025-10-29 17:13:54,29K10425,
2025-10-29 17:13:55,29K10425,
2025-10-29 17:13:55,29K10425,
2025-10-29 17:13:55,29K10425,
2025-10-29 17:13:56,29K10425,
2025-10-29 17:13:56,29K10425,
2025-10-29 17:13:57,29K10425,
2025-10-29 17:13:57,29K10425,
2025-10-29 17:13:57,29K10425,
2025-10-29 17:13:58,29K10425,
2025-10-29 17:13:58,29K10425,
2025-10-29 17:13:59,29K10425,
2025-10-29 17:13:59,29K10425,
2025-10-29 17:14:00,29K10425,
2025-10-29 17:14:00,29K10425,
2025-10-29 17:14:00,29K10425,
2025-10-29 17:14:01,29K10425,
2025-10-29 17:14:01,29K10425,
2025-10-29 17:14:01,29K10425,
2025-10-29 17:14:02,29K10425,
2025-10-29 17:14:02,29K10425,
2025-10-29 17:14:03,29K10425,
2025-10-29 17:14:03,29K10425,
2025-10-29 17:14:03,29K10425,
2025-10-29 17:14:04,29K10425,
2025-10-29 17:14:04,29K10425,
2025-10-29 17:14:04,29K10425,
2025-10-29 17:14:05,29K10425,
2025-10-29 17:14:05,29K10425,
2025-10-29 17:14:05,29K10425,
2025-10-29 17:14:06,29K10425,
2025-10-29 17:14:06,29K10425,
2025-10-29 17:14:07,29K10425,
2025-10-29 17:14:07,29K10425,
2025-10-29 17:14:07,29K1055,
2025-10-29 17:14:26,2133976,
2025-10-29 17:14:26,133978,
2025-10-29 17:14:26,133978,
2025-10-29 17:14:27,20133976,
2025-10-29 17:14:27,2681733975,
2025-10-29 17:14:27,2033975,
2025-10-29 17:14:27,201733976,
2025-10-29 17:14:28,201733976,
2025-10-29 17:14:28,261733976,
2025-10-29 17:14:28,2481733976,
2025-10-29 17:14:29,2481733976,
2025-10-29 17:14:29,2481733976,
2025-10-29 17:14:29,248133976,
2025-10-29 17:14:30,2681733976,
2025-10-29 17:14:30,2681733976,
2025-10-29 17:14:30,2481733975,
2025-10-29 17:14:31,2491733976,
2025-10-29 17:14:31,240133976,
2025-10-29 17:14:32,240133975,
2025-10-29 17:14:32,240133975,
2025-10-29 17:14:33,2581733976,
2025-10-29 17:14:33,2481733976,
2025-10-29 17:14:34,2481733976,
2025-10-29 17:14:59,24A00919,
2025-10-29 17:14:59,24A00919,
2025-10-29 17:14:59,24A00919,
2025-10-29 17:15:00,24A00919,
2025-10-29 17:15:00,24A00919,
2025-10-29 17:15:00,24A00919,
2025-10-29 17:15:01,24A00919,
2025-10-29 17:15:01,24A00919,
2025-10-29 17:15:02,24A00919,
2025-10-29 17:15:02,24A00919,
2025-10-29 17:15:02,24A00919,
2025-10-29 17:15:03,24A00919,
2025-10-29 17:15:03,24A00919,
2025-10-29 17:15:04,24A00919,
2025-10-29 17:15:04,24A00919,
2025-10-29 17:15:04,24A00919,
2025-10-29 17:15:05,24A00919,
2025-10-29 17:15:05,24A00919,
2025-10-29 17:15:06,24A00919,
2025-10-29 17:15:06,24A00919,
2025-10-29 17:15:07,24A00919,
2025-10-29 17:15:07,24A00919,
2025-10-29 17:15:07,24A00919,
2025-10-29 17:15:08,24A00919,
2025-10-29 17:15:08,24A00919,
2025-10-29 17:15:09,24A00919,
2025-10-29 17:15:09,24A00919,
2025-10-29 17:15:09,24A00919,
2025-10-29 17:15:10,20A00919,
2025-10-29 17:15:10,24A00919,
2025-10-29 17:15:11,24A00919,
2025-10-29 17:15:11,24A00919,
2025-10-29 17:15:11,24A00919,
2025-10-29 17:15:12,24A00919,
2025-10-29 17:15:12,24A00919,
2025-10-29 17:15:13,24A00919,
2025-10-29 17:15:13,24A00919,
2025-10-29 17:15:13,24A00919,
2025-10-29 17:15:14,24A00919,
2025-10-29 17:15:14,24A00919,
2025-10-29 17:15:15,24A00919,
2025-10-29 17:15:15,24A00919,
2025-10-29 17:15:15,24A00919,
2025-10-29 17:15:16,24A00919,
2025-10-29 17:15:16,24A00919,
2025-10-29 17:15:17,24A00919,
2025-10-29 17:15:17,24A00919,
2025-10-29 17:15:17,24A00919,
2025-10-29 17:15:18,24A00919,
2025-10-29 17:15:18,24A00919,
2025-10-29 17:15:19,24A00919,
2025-10-29 17:15:49,248104574,
2025-10-29 17:15:50,240105,
2025-10-29 17:15:50,2601057,
2025-10-29 17:15:51,24010574,
2025-10-29 17:15:51,24010574,
2025-10-29 17:15:52,2401057,
2025-10-29 17:15:52,24010574,
2025-10-29 17:15:52,24B1167,
2025-10-29 17:15:53,24010574,
2025-10-29 17:15:53,2481057,
2025-10-29 17:15:54,2481057,
2025-10-29 17:15:54,2401057,
2025-10-29 17:15:54,24811574,
2025-10-29 17:15:55,2481057,
2025-10-29 17:15:55,24010571,
2025-10-29 17:15:55,24611457,
2025-10-29 17:15:56,24611457,
2025-10-29 17:15:56,24610576,
2025-10-29 17:15:56,248157,
2025-10-29 17:15:57,2481004576,
2025-10-29 17:15:57,24810457,
2025-10-29 17:15:58,24810457,
2025-10-29 17:15:58,2481057,
2025-10-29 17:15:59,24817057,
2025-10-29 17:15:59,2401705,
2025-10-29 17:15:59,2401705,
2025-10-29 17:16:57,24A16947,
2025-10-29 17:16:57,24A16947,
2025-10-29 17:16:58,24A16947,
2025-10-29 17:16:58,24A16947,
2025-10-29 17:16:59,24A16947,
2025-10-29 17:16:59,24A16947,
2025-10-29 17:16:59,24A16947,
2025-10-29 17:17:00,24A16947,
2025-10-29 17:17:00,24A16947,
2025-10-29 17:17:00,24A16947,
2025-10-29 17:17:01,24A16947,
2025-10-29 17:17:01,24A16947,
2025-10-29 17:17:01,24A16947,
2025-10-29 17:17:02,24A16947,
2025-10-29 17:17:02,24A16947,
2025-10-29 17:17:03,24A16947,
2025-10-29 17:17:03,24A16947,
2025-10-29 17:17:03,24A16947,
2025-10-29 17:17:04,24A16947,
2025-10-29 17:17:04,24A16947,
2025-10-29 17:17:05,24A16947,
2025-10-29 17:17:05,24A16947,
2025-10-29 17:17:05,24A16947,
2025-10-29 17:17:06,24A16947,
2025-10-29 17:17:06,24A16947,
2025-10-29 17:17:07,24A16947,
2025-10-29 17:17:07,24A16947,
2025-10-29 17:17:07,24A16947,
2025-10-29 17:17:08,24A16947,
2025-10-29 17:17:08,24A16947,
2025-10-29 17:17:08,24A16947,
2025-10-29 17:17:09,24A16947,
2025-10-29 17:17:09,24A16947,
2025-10-29 17:17:09,24A16947,
2025-10-29 17:17:10,24A16947,
2025-10-29 17:17:10,24A16947,
2025-10-29 17:17:10,24A16947,
2025-10-29 17:17:11,24A16947,
2025-10-29 17:17:11,24A16947,
2025-10-29 17:17:11,24A16947,
2025-10-29 17:17:12,24A16947,
2025-10-29 17:17:13,24A16947,
2025-10-29 17:17:13,24A16947,
2025-10-29 17:17:14,24A16947,
2025-10-29 17:17:14,24A16947,
2025-10-29 17:17:15,24A16947,
2025-10-29 17:17:16,24A16947,
2025-10-29 17:17:16,24A16947,
2025-10-29 17:17:17,24A16947,
2025-10-29 17:17:17,24A16947,
2025-10-29 17:17:18,24A16947,
2025-10-29 17:17:18,24A16947,
2025-10-29 17:17:19,24A16947,
2025-10-29 17:17:19,24A16947,
2025-10-29 17:17:20,24A16947,
2025-10-29 17:17:24,24A20421,
2025-10-29 17:17:24,24A20421,
2025-10-29 17:17:25,24A20421,
2025-10-29 17:17:25,24A20421,
2025-10-29 17:17:25,24A20421,
2025-10-29 17:17:26,24A20421,
2025-10-29 17:17:26,24A20421,
2025-10-29 17:17:27,24A20421,
2025-10-29 17:17:27,24A20421,
2025-10-29 17:17:27,24A204211,
2025-10-29 17:17:28,24A20421,
2025-10-29 17:17:28,24A20421,
2025-10-29 17:17:28,24A20421,
2025-10-29 17:17:29,24A20421,
2025-10-29 17:17:29,24A20421,
2025-10-29 17:17:30,24A20421,
2025-10-29 17:17:30,24A20421,
2025-10-29 17:17:30,24A20421,
2025-10-29 17:17:31,24A20421,
2025-10-29 17:17:31,24A204217,
2025-10-29 17:17:31,24A204211,
2025-10-29 17:17:32,24A20421,
2025-10-29 17:17:32,24A20421,
2025-10-29 17:17:32,24A20421,
2025-10-29 17:17:33,24A20421,
2025-10-29 17:17:33,24A20421,
2025-10-29 17:17:34,24A20421,
2025-10-29 17:17:34,24A20421,
2025-10-29 17:17:34,24A20421,
2025-10-29 17:17:35,24A20421,
2025-10-29 17:17:35,24A204211,
2025-10-29 17:17:35,24A20421,
2025-10-29 17:17:36,24A20421,
2025-10-29 17:17:36,24A20421,
2025-10-29 17:17:37,24A20421,
2025-10-29 17:17:37,24A20421,
2025-10-29 17:17:37,24A20421,
2025-10-29 17:17:38,24A20421,
2025-10-29 17:17:38,24A20421,
2025-10-29 17:17:38,24A20421,
2025-10-29 17:17:39,24A20421,
2025-10-29 17:17:39,24A20421,
2025-10-29 17:17:39,24A20421,
2025-10-29 17:17:40,24A20421,
2025-10-29 17:17:40,24A20421,
2025-10-29 17:17:41,24A20421,
2025-10-29 17:17:41,24A20421,
2025-10-29 17:17:41,24A20421,
2025-10-29 17:17:42,24A20421,
2025-10-29 17:17:42,24A20421,
2025-10-29 17:17:42,24A20421,
2025-10-29 17:17:43,24A20421,
2025-10-29 17:17:43,24A20421,
2025-10-29 17:17:44,24A20421,
2025-10-29 17:17:45,24800322,
2025-10-29 17:17:46,24800322,
2025-10-29 17:17:46,24800322,
2025-10-29 17:17:46,24800322,
2025-10-29 17:17:47,44B00322,
2025-10-29 17:17:47,24800322,
2025-10-29 17:17:48,24B00322,
2025-10-29 17:17:48,24800322,
2025-10-29 17:17:48,20B00322,
2025-10-29 17:17:49,20B00322,
2025-10-29 17:17:49,24B00322,
2025-10-29 17:17:49,20B00322,
2025-10-29 17:17:50,24B00322,
2025-10-29 17:17:50,24B00322,
2025-10-29 17:17:51,24B00322,
2025-10-29 17:17:52,24B00322,
2025-10-29 17:17:52,20B00322,
2025-10-29 17:17:53,24A17752,
2025-10-29 17:17:54,24A17752,
2025-10-29 17:17:54,24A17752,
2025-10-29 17:17:55,24A17752,
2025-10-29 17:17:56,24A17752,
2025-10-29 17:17:57,24A17752,
2025-10-29 17:17:57,24A17752,
2025-10-29 17:17:58,24A17752,
2025-10-29 17:17:59,24A17752,
2025-10-29 17:18:00,24A17752,
2025-10-29 17:18:00,24A17752,
2025-10-29 17:18:01,24A17752,
2025-10-29 17:18:02,24A17752,
2025-10-29 17:18:03,24B00322,
2025-10-29 17:18:03,24A17752,
2025-10-29 17:18:03,24A17752,
2025-10-29 17:18:04,24A17752,
2025-10-29 17:18:04,24A17752,
2025-10-29 17:18:05,24A17752,
2025-10-29 17:18:06,24A17752,
2025-10-29 17:18:07,24A17752,
2025-10-29 17:18:07,24A17752,
2025-10-29 17:18:08,24A17752,
2025-10-29 17:18:09,24A17752,
2025-10-29 17:18:09,24A17752,
2025-10-29 17:18:10,24A17752,
2025-10-29 17:18:11,24A17752,
2025-10-29 17:18:11,24A17752,
2025-10-29 17:18:11,24A17752,
2025-10-29 17:18:12,24A17752,
2025-10-29 17:18:12,24A17752,
2025-10-29 17:18:13,24A117752,
2025-10-29 17:18:14,47A70007,
2025-10-29 17:18:14,47A70007,
2025-10-29 17:18:15,24A17752,
2025-10-29 17:18:16,24A17752,
2025-10-29 17:18:16,47A40194,
2025-10-29 17:18:17,24A17752,
2025-10-29 17:18:18,24A17752,
2025-10-29 17:18:19,24A17752,
2025-10-29 17:18:19,24A17752,
2025-10-29 17:18:20,47A40194,
2025-10-29 17:18:21,24A17752,
2025-10-29 17:18:21,47A70037,
2025-10-29 17:18:22,24A17752,
2025-10-29 17:18:23,24A17752,
2025-10-29 17:18:24,24A17752,
2025-10-29 17:18:25,47A40194,
2025-10-29 17:18:25,24A17752,
2025-10-29 17:18:26,24A17752,
2025-10-29 17:18:27,47A40194,
2025-10-29 17:18:28,47A40194,
2025-10-29 17:18:28,47A40194,
2025-10-29 17:18:29,47A40194,
2025-10-29 17:18:29,47A40194,
2025-10-29 17:18:30,47A40194,
2025-10-29 17:18:30,24A22803,
2025-10-29 17:18:30,24A22803,
2025-10-29 17:18:31,47A40194,
2025-10-29 17:18:32,24A22803,
2025-10-29 17:18:33,47A40194,
2025-10-29 17:18:33,24A22003,
2025-10-29 17:18:34,24A22803,
2025-10-29 17:18:34,24A22803,
2025-10-29 17:18:35,24A22803,
2025-10-29 17:18:36,24A22803,
2025-10-29 17:18:36,24A22803,
2025-10-29 17:18:36,24A22803,
2025-10-29 17:18:37,24A22803,
2025-10-29 17:18:38,24A22803,
2025-10-29 17:18:38,24A22803,
2025-10-29 17:18:39,24A22803,
2025-10-29 17:18:39,24A22803,
2025-10-29 17:18:40,24A22803,
2025-10-29 17:18:40,24A22803,
2025-10-29 17:18:41,24A22803,
2025-10-29 17:18:41,24A22803,
2025-10-29 17:18:41,24A22803,
2025-10-29 17:18:42,24A22803,
2025-10-29 17:18:42,24A22803,
2025-10-29 17:18:43,24A22803,
2025-10-29 17:18:43,24A22803,
2025-10-29 17:18:43,24A22803,
2025-10-29 17:18:44,24A22803,
2025-10-29 17:18:44,24A22803,
2025-10-29 17:18:45,24A22803,
2025-10-29 17:18:45,24A22803,
2025-10-29 17:18:46,24A22803,
2025-10-29 17:18:46,24A22803,
2025-10-29 17:18:47,24A22803,
2025-10-29 17:18:47,24A22803,
2025-10-29 17:18:48,24A22803,
2025-10-29 17:18:48,24A22803,
2025-10-29 17:18:48,24A22803,
2025-10-29 17:18:49,24A22803,
2025-10-29 17:18:49,24A22803,
2025-10-29 17:18:50,24A22803,
2025-10-29 17:18:50,24A22803,
2025-10-29 17:18:51,24A22803,
2025-10-29 17:18:51,24A22803,
2025-10-29 17:19:25,24A16033,
2025-10-29 17:19:26,24A16033,
2025-10-29 17:19:26,24A16033,
2025-10-29 17:19:27,24A16033,
2025-10-29 17:19:27,24A16033,
2025-10-29 17:19:28,24A16033,
2025-10-29 17:19:28,24A16033,
2025-10-29 17:19:28,24A16033,
2025-10-29 17:19:29,24A16033,
2025-10-29 17:19:29,24A16033,
2025-10-29 17:19:30,24A16033,
2025-10-29 17:19:30,24A16033,
2025-10-29 17:19:31,24A16033,
2025-10-29 17:19:31,24A16033,
2025-10-29 17:19:32,24A16033,
2025-10-29 17:19:32,24A16033,
2025-10-29 17:19:32,24A16033,
2025-10-29 17:19:33,24A16033,
2025-10-29 17:19:33,24A16033,
2025-10-29 17:19:34,24A16033,
2025-10-29 17:19:34,24A16033,
2025-10-29 17:19:35,24A16033,
2025-10-29 17:19:35,24A16033,
2025-10-29 17:19:35,24A16033,
2025-10-29 17:19:36,24A16033,
2025-10-29 17:19:36,24A16033,
2025-10-29 17:19:37,24A16033,
2025-10-29 17:19:37,24A16033,
2025-10-29 17:19:37,24A16033,
2025-10-29 17:19:38,24A16033,
2025-10-29 17:19:38,24A16033,
2025-10-29 17:19:39,24A16033,
2025-10-29 17:19:39,24A16033,
2025-10-29 17:19:39,24A16033,
2025-10-29 17:19:40,24A16033,
2025-10-29 17:19:40,24A16033,
2025-10-29 17:19:41,24A16033,
2025-10-29 17:19:41,24A16033,
2025-10-29 17:19:42,24A16033,
2025-10-29 17:19:42,24A16033,
2025-10-29 17:19:42,24A16033,
2025-10-29 17:19:43,24A16033,
2025-10-29 17:19:43,24A16033,
2025-10-29 17:19:44,24A16033,
2025-10-29 17:19:44,24A16033,
2025-10-29 17:19:44,24A16033,
2025-10-29 17:19:45,24A16033,
2025-10-29 17:19:45,24A16033,
2025-10-29 17:19:46,24A16033,
2025-10-29 17:19:46,24A16033,
2025-10-29 17:19:46,24A16033,
2025-10-29 17:19:47,24A16033,
2025-10-29 17:19:47,24A16033,
2025-10-29 17:19:48,24A16033,
2025-10-29 17:19:48,24A16033,
2025-10-29 17:19:49,24A16033,
2025-10-29 17:19:49,24A16033,
2025-10-29 17:19:50,24A16033,
2025-10-29 17:19:51,24A16033,
2025-10-29 17:19:51,24A16033,
2025-10-29 17:19:51,24A16033,
2025-10-29 17:19:52,24A16033,
2025-10-29 17:20:01,20C6275,
2025-10-29 17:20:02,20C6275,
2025-10-29 17:20:02,20C6275,
2025-10-29 17:20:03,2046275,
2025-10-29 17:20:03,24P55275,
2025-10-29 17:20:04,21V78713,
2025-10-29 17:20:04,21V78713,
2025-10-29 17:20:05,21V78713,
2025-10-29 17:20:06,21V78713,
2025-10-29 17:20:07,21V78713,
2025-10-29 17:20:07,21V78713,
2025-10-29 17:20:07,21V78713,
2025-10-29 17:20:08,24R56275,
2025-10-29 17:20:08,24R56275,
2025-10-29 17:20:09,21V78713,
2025-10-29 17:20:09,21V78713,
2025-10-29 17:20:10,21V78713,
2025-10-29 17:20:10,21V78713,
2025-10-29 17:20:11,21V78713,
2025-10-29 17:20:13,21A787113,
2025-10-29 17:20:13,21A787113,
2025-10-29 17:20:14,21178713,
2025-10-29 17:20:15,24A20497,
2025-10-29 17:20:15,24A20497,
2025-10-29 17:20:16,24A20497,
2025-10-29 17:20:16,24A20497,
2025-10-29 17:20:17,24A20497,
2025-10-29 17:20:17,24A20497,
2025-10-29 17:20:18,24A20497,
2025-10-29 17:20:18,24A20497,
2025-10-29 17:20:19,24A20497,
2025-10-29 17:20:19,24A20497,
2025-10-29 17:20:20,24A20497,
2025-10-29 17:20:20,24A12429,
2025-10-29 17:20:21,24A12429,
2025-10-29 17:20:22,24A12429,
2025-10-29 17:20:22,24A12429,
2025-10-29 17:20:23,24A12429,
2025-10-29 17:20:24,24A12429,
2025-10-29 17:20:24,24A12429,
2025-10-29 17:20:25,24A12429,
2025-10-29 17:20:25,24A12429,
2025-10-29 17:20:26,24A12429,
2025-10-29 17:20:26,24A12429,
2025-10-29 17:20:27,24A12429,
2025-10-29 17:20:28,24A12429,
2025-10-29 17:20:28,24A12429,
2025-10-29 17:20:29,24A12429,
2025-10-29 17:20:30,24A12429,
2025-10-29 17:20:30,24A12429,
2025-10-29 17:20:31,24A204974,
2025-10-29 17:20:32,24A20497,
2025-10-29 17:20:33,24A204974,
2025-10-29 17:20:34,24A20497,
2025-10-29 17:20:34,24A20497,
2025-10-29 17:20:35,24A20497,
2025-10-29 17:20:36,24A20497,
2025-10-29 17:20:37,24A12429,
2025-10-29 17:20:37,24A20497,
2025-10-29 17:20:38,24A20497,
2025-10-29 17:20:39,24A20497,
2025-10-29 17:20:39,24A12429,
2025-10-29 17:20:40,24A20497,
2025-10-29 17:20:41,24A20497,
2025-10-29 17:20:41,24A20497,
2025-10-29 17:20:42,24A20497,
2025-10-29 17:20:43,24A12429,
2025-10-29 17:20:43,24A20497,
2025-10-29 17:20:44,24A20497,
2025-10-29 17:20:45,24A20497,
2025-10-29 17:20:46,24A20497,
2025-10-29 17:20:46,24A20497,
2025-10-29 17:20:47,24A20497,
2025-10-29 17:20:47,24A20497,
2025-10-29 17:20:47,24A0497,
2025-10-29 17:20:48,24A0497,
2025-10-29 17:20:48,24A12429,
2025-10-29 17:20:49,24A12429,
2025-10-29 17:20:50,24A12429,
2025-10-29 17:21:01,28227427,
2025-10-29 17:21:02,2822727,
2025-10-29 17:21:02,28227427,
2025-10-29 17:21:02,28227427,
2025-10-29 17:21:03,28227427,
2025-10-29 17:21:03,1248227427,
2025-10-29 17:21:03,1248227427,
2025-10-29 17:21:04,248227427,
2025-10-29 17:21:04,1248227427,
2025-10-29 17:21:04,1248227427,
2025-10-29 17:21:05,1248227427,
2025-10-29 17:21:05,1248227427,
2025-10-29 17:21:06,1248227427,
2025-10-29 17:21:06,248227427,
2025-10-29 17:21:07,1248227327,
2025-10-29 17:21:07,248227427,
2025-10-29 17:21:09,7458227427,
2025-10-29 17:21:09,7458227427,
2025-10-29 17:21:21,240132150,
2025-10-29 17:21:21,1240132150,
2025-10-29 17:21:23,78II2150,
2025-10-29 17:21:37,24A07772,
2025-10-29 17:21:38,24A07772,
2025-10-29 17:21:38,24A07772,
2025-10-29 17:21:38,24A07772,
2025-10-29 17:21:39,24A07772,
2025-10-29 17:21:39,24A07772,
2025-10-29 17:21:40,24A07772,
2025-10-29 17:21:40,24A07772,
2025-10-29 17:21:41,24A07772,
2025-10-29 17:21:41,24A07772,
2025-10-29 17:21:42,24A07772,
2025-10-29 17:21:42,24A07772,
2025-10-29 17:21:43,24A07772,
2025-10-29 17:21:43,24A07772,
2025-10-29 17:21:43,24A07772,
2025-10-29 17:21:44,24A07772,
2025-10-29 17:21:44,24A07772,
2025-10-29 17:21:45,24A07772,
2025-10-29 17:21:45,24A07772,
2025-10-29 17:21:46,24A07772,
2025-10-29 17:21:46,24A07772,
2025-10-29 17:21:46,24A07772,
2025-10-29 17:21:47,24A07772,
2025-10-29 17:21:47,24A07772,
2025-10-29 17:21:48,24A07772,
2025-10-29 17:21:48,24A07772,
2025-10-29 17:21:49,24A07772,
2025-10-29 17:21:49,24A07772,
2025-10-29 17:21:49,24A07772,
2025-10-29 17:21:50,24A07772,
2025-10-29 17:21:50,24A07772,
2025-10-29 17:21:51,24A07772,
2025-10-29 17:21:51,24A07772,
2025-10-29 17:21:51,24A07772,
2025-10-29 17:21:52,24A07772,
2025-10-29 17:21:52,24A07772,
2025-10-29 17:21:53,24A07772,
2025-10-29 17:21:53,24A07772,
2025-10-29 17:21:53,24A07772,
2025-10-29 17:21:54,24A07772,
2025-10-29 17:21:54,24A07772,
2025-10-29 17:21:54,24A07772,
2025-10-29 17:21:55,24A07772,
2025-10-29 17:21:55,24A07772,
2025-10-29 17:21:55,24A07772,
2025-10-29 17:21:56,24A07772,
2025-10-29 17:21:56,24A07772,
2025-10-29 17:21:57,24A07772,
2025-10-29 17:21:57,24A07772,
2025-10-29 17:21:57,24A07772,
2025-10-29 17:21:58,24A07772,
2025-10-29 17:21:58,24A07772,
2025-10-29 17:21:58,24A07772,
2025-10-29 17:21:59,24A07772,
2025-10-29 17:21:59,24A07772,
2025-10-29 17:22:00,24A07772,
2025-10-29 17:22:00,24A07772,
2025-10-29 17:22:01,24A07772,
2025-10-29 17:22:01,24A07772,
2025-10-29 17:22:02,24A07772,
2025-10-29 17:22:02,24A07772,
2025-10-29 17:22:02,24A07772,
2025-10-29 17:22:03,24A07772,
2025-10-29 17:22:06,24A12355,
2025-10-29 17:22:06,24A12355,
2025-10-29 17:22:07,24A12355,
2025-10-29 17:22:07,24A12355,
2025-10-29 17:22:08,24A12355,
2025-10-29 17:22:08,24A12355,
2025-10-29 17:22:08,24A12355,
2025-10-29 17:22:08,24A12355,
2025-10-29 17:22:09,24A12355,
2025-10-29 17:22:09,24A12355,
2025-10-29 17:22:09,24A12355,
2025-10-29 17:22:10,24A12355,
2025-10-29 17:22:10,24A12355,
2025-10-29 17:22:10,24A12355,
2025-10-29 17:22:11,24A12355,
2025-10-29 17:22:11,24A12355,
2025-10-29 17:22:11,24A12355,
2025-10-29 17:22:12,24A12355,
2025-10-29 17:22:12,24A12355,
2025-10-29 17:22:12,24A12355,
2025-10-29 17:22:12,24A12355,
2025-10-29 17:22:13,24A12355,
2025-10-29 17:22:13,24A12355,
2025-10-29 17:22:13,24A12355,
2025-10-29 17:22:14,24A12355,
2025-10-29 17:22:14,24A12355,
2025-10-29 17:22:14,24A12355,
2025-10-29 17:22:15,24A12355,
2025-10-29 17:22:15,24A12355,
2025-10-29 17:22:15,24A12355,
2025-10-29 17:22:15,24A12355,
2025-10-29 17:22:16,24A12355,
2025-10-29 17:22:16,24A12355,
2025-10-29 17:22:16,24A12355,
2025-10-29 17:22:17,24A12355,
2025-10-29 17:22:17,24A12355,
2025-10-29 17:22:17,24A12355,
2025-10-29 17:22:18,24A12355,
2025-10-29 17:22:18,24A12355,
2025-10-29 17:23:23,20S2742,
2025-10-29 17:23:23,20S2742,
2025-10-29 17:23:24,24P52742,
2025-10-29 17:23:24,20S2742,
2025-10-29 17:23:25,24P622,
2025-10-29 17:23:25,20S222,
2025-10-29 17:23:25,24PS2742,
2025-10-29 17:23:26,24P62742,
2025-10-29 17:23:26,24PS272,
2025-10-29 17:23:27,24PS272,
2025-10-29 17:23:27,24PS272,
2025-10-29 17:23:28,24PS272,
2025-10-29 17:23:28,24PS2742,
2025-10-29 17:23:28,24PS22,
2025-10-29 17:23:29,24PS2712,
2025-10-29 17:23:29,24PS2712,
2025-10-29 17:23:30,24PS272,
2025-10-29 17:23:30,24PS272,
2025-10-29 17:23:30,24PS2712,
2025-10-29 17:23:31,24PS272,
2025-10-29 17:23:31,24P6272,
2025-10-29 17:23:32,24P627,
2025-10-29 17:23:32,24P6272,
2025-10-29 17:23:32,24P6272,
2025-10-29 17:23:33,24P62742,
2025-10-29 17:23:33,24PS2712,
2025-10-29 17:23:34,23P62732,
2025-10-29 17:23:36,24F62712,
2025-10-29 17:23:36,23P62712,
2025-10-29 17:23:58,08192651,
2025-10-29 17:23:59,8092651,
2025-10-29 17:24:00,28192651,
2025-10-29 17:24:00,28192651,
2025-10-29 17:24:00,28192651,
2025-10-29 17:24:01,248192651,
2025-10-29 17:24:01,248192651,
2025-10-29 17:24:01,28192651,
2025-10-29 17:24:01,248192651,
2025-10-29 17:24:02,28192657,
2025-10-29 17:24:02,28192651,
2025-10-29 17:24:02,240192651,
2025-10-29 17:24:02,240192651,
2025-10-29 17:24:03,248192651,
2025-10-29 17:24:03,70192651,
2025-10-29 17:24:03,768192651,
2025-10-29 17:24:04,187292651,
2025-10-29 17:24:04,187292651,
2025-10-29 17:24:04,187292651,
2025-10-29 17:24:05,740192651,
2025-10-29 17:24:05,187297651,
2025-10-29 17:24:05,1240192651,
2025-10-29 17:24:05,760192651,
2025-10-29 17:24:06,187392651,
2025-10-29 17:24:06,760192651,
2025-10-29 17:24:06,087292651,
2025-10-29 17:24:07,268092651,
2025-10-29 17:24:07,087292651,
2025-10-29 17:24:07,700192651,
2025-10-29 17:24:07,187292651,
2025-10-29 17:24:08,187292651,
2025-10-29 17:24:08,1248192651,
2025-10-29 17:24:08,1208192651,
2025-10-29 17:24:09,208192651,
2025-10-29 17:24:09,1208192651,
2025-10-29 17:24:10,1208192651,
2025-10-29 17:24:11,248192651,
2025-10-29 17:24:12,292651,
2025-10-29 17:24:12,22092651,
2025-10-29 17:24:12,228192657,
2025-10-29 17:24:13,248192650,
2025-10-29 17:24:13,248192650,
2025-10-29 17:24:13,01292651,
2025-10-29 17:24:13,290192652,
2025-10-29 17:24:14,1240192651,
2025-10-29 17:24:14,0240192651,
2025-10-29 17:24:14,02L0192651,
2025-10-29 17:24:15,0248192651,
2025-10-29 17:24:15,2481797651,
2025-10-29 17:24:16,249192651,
2025-10-29 17:24:17,1250792651,
2025-10-29 17:24:17,1240792651,
2025-10-29 17:24:21,2001792651,
2025-10-29 17:24:21,2001792651,
2025-10-29 17:24:22,248191681,
2025-10-29 17:24:22,248191681,
2025-10-29 17:24:23,248191681,
2025-10-29 17:24:23,248191681,
2025-10-29 17:24:23,248191681,
2025-10-29 17:24:24,248191681,
2025-10-29 17:24:24,248191681,
2025-10-29 17:24:25,248191681,
2025-10-29 17:24:26,2481791681,
2025-10-29 17:24:26,2481791681,
2025-10-29 17:24:27,248191681,
2025-10-29 17:24:27,248191681,
2025-10-29 17:24:28,2481791681,
2025-10-29 17:24:30,248191681,
2025-10-29 17:24:30,248191681,
2025-10-29 17:24:55,24A0668,
2025-10-29 17:24:55,24A0668,
2025-10-29 17:24:57,24A0668,
2025-10-29 17:24:57,24A06685,
2025-10-29 17:24:57,24A06685,
2025-10-29 17:24:58,24A06685,
2025-10-29 17:24:58,24A06685,
2025-10-29 17:24:59,24A06685,
2025-10-29 17:24:59,24A06685,
2025-10-29 17:24:59,24A066,
2025-10-29 17:25:00,24A06685,
2025-10-29 17:25:00,24A06685,
2025-10-29 17:25:00,24A06685,
2025-10-29 17:25:01,24A06685,
2025-10-29 17:25:01,24A06685,
2025-10-29 17:25:02,24A06685,
2025-10-29 17:25:02,24A066,
2025-10-29 17:25:02,24A06685,
2025-10-29 17:25:03,24A06685,
2025-10-29 17:25:03,24A06685,
2025-10-29 17:25:03,24A06685,
2025-10-29 17:25:04,24A06685,
2025-10-29 17:25:04,24A06685,
2025-10-29 17:25:04,24A06685,
2025-10-29 17:25:05,24A06685,
2025-10-29 17:25:05,24A06685,
2025-10-29 17:25:05,24A06685,
2025-10-29 17:25:06,24A06685,
2025-10-29 17:25:06,24A06685,
2025-10-29 17:25:06,24A06685,
2025-10-29 17:25:07,24A06685,
2025-10-29 17:25:07,24A06685,
2025-10-29 17:25:07,24A06685,
2025-10-29 17:25:08,24A06685,
2025-10-29 17:25:08,24A06685,
2025-10-29 17:25:08,24A06685,
2025-10-29 17:25:09,24A06685,
2025-10-29 17:25:09,24A06685,
2025-10-29 17:25:09,24A06685,
2025-10-29 17:25:10,24A06685,
2025-10-29 17:25:10,24A06685,
2025-10-29 17:25:10,24A06685,
2025-10-29 17:25:11,24A06685,
2025-10-29 17:25:11,24A06685,
2025-10-29 17:25:11,24A06685,
2025-10-29 17:25:12,24A06685,
2025-10-29 17:25:12,24A06685,
2025-10-29 17:25:12,006685,
2025-10-29 17:25:13,006685,
2025-10-29 17:25:43,24A08559,
2025-10-29 17:25:43,24A08559,
2025-10-29 17:25:44,24A08559,
2025-10-29 17:25:44,24A08559,
2025-10-29 17:25:44,24A08559,
2025-10-29 17:25:45,24A08559,
2025-10-29 17:25:45,24A08559,
2025-10-29 17:25:45,24A08559,
2025-10-29 17:25:46,24A08559,
2025-10-29 17:25:46,24A08559,
2025-10-29 17:25:46,24A08559,
2025-10-29 17:25:47,24A08559,
2025-10-29 17:25:47,24A08559,
2025-10-29 17:25:47,24A08559,
2025-10-29 17:25:48,24A08559,
2025-10-29 17:25:48,24A08559,
2025-10-29 17:25:48,24A08559,
2025-10-29 17:25:48,24A08559,
2025-10-29 17:25:49,24A08559,
2025-10-29 17:25:49,24A08559,
2025-10-29 17:25:49,24A08559,
2025-10-29 17:25:50,24A08559,
2025-10-29 17:25:50,24A08559,
2025-10-29 17:25:50,24A08559,
2025-10-29 17:25:51,24A08559,
2025-10-29 17:25:51,24A08559,
2025-10-29 17:25:51,24A08559,
2025-10-29 17:25:51,24A08559,
2025-10-29 17:25:52,24A08559,
2025-10-29 17:25:52,24A08559,
2025-10-29 17:25:52,24A08559,
2025-10-29 17:25:53,24A08559,
2025-10-29 17:25:53,24A08559,
2025-10-29 17:25:53,24A08559,
2025-10-29 17:25:54,24A08559,
2025-10-29 17:25:54,24A08559,
2025-10-29 17:25:54,24A08559,
2025-10-29 17:25:54,24A08559,
2025-10-29 17:25:55,24A08559,
2025-10-29 17:25:55,24A08559,
2025-10-29 17:25:55,24A08559,
2025-10-29 17:25:56,24A08559,
2025-10-29 17:25:56,24A08559,
2025-10-29 17:25:56,24A08559,
2025-10-29 17:25:57,24A08559,
2025-10-29 17:25:57,24A08559,
2025-10-29 17:25:57,24A08559,
2025-10-29 17:25:58,24A08559,
2025-10-29 17:25:58,24A08559,
2025-10-29 17:25:58,4008559,
2025-10-29 17:25:59,4008559,
2025-10-29 17:26:25,2482141541,
2025-10-29 17:26:25,248241547,
2025-10-29 17:26:25,1248241547,
2025-10-29 17:26:26,248241547,
2025-10-29 17:26:26,248241547,
2025-10-29 17:26:27,248241547,
2025-10-29 17:26:27,248241541,
2025-10-29 17:26:27,248241541,
2025-10-29 17:26:28,248241541,
2025-10-29 17:26:28,248241547,
2025-10-29 17:26:28,248241547,
2025-10-29 17:26:29,248241541,
2025-10-29 17:26:29,248241541,
2025-10-29 17:26:30,248241541,
2025-10-29 17:26:30,248241547,
2025-10-29 17:26:31,2482741547,
2025-10-29 17:26:31,2482741547,
2025-10-29 17:26:31,2482141547,
2025-10-29 17:26:32,248241547,
2025-10-29 17:26:32,2482441547,
2025-10-29 17:26:33,248241547,
2025-10-29 17:26:33,248241547,
2025-10-29 17:26:34,248241541,
2025-10-29 17:26:35,248241541,
2025-10-29 17:26:35,2482141541,
2025-10-29 17:26:36,2482141541,
2025-10-29 17:26:37,248241547,
2025-10-29 17:26:38,248241547,
2025-10-29 17:26:39,1248241537,
2025-10-29 17:26:51,30H61369,
2025-10-29 17:26:52,30H61389,
2025-10-29 17:26:52,30H61389,
2025-10-29 17:26:52,30H61389,
2025-10-29 17:26:53,30H61389,
2025-10-29 17:26:53,30H61389,
2025-10-29 17:26:53,30H61389,
2025-10-29 17:26:54,30H61389,
2025-10-29 17:26:54,30H61389,
2025-10-29 17:26:55,30H61389,
2025-10-29 17:26:55,30HI61389,
2025-10-29 17:26:55,30H61389,
2025-10-29 17:26:56,30H61389,
2025-10-29 17:26:56,30H61389,
2025-10-29 17:26:56,30H61389,
2025-10-29 17:26:57,30H61389,
2025-10-29 17:26:57,30H61389,
2025-10-29 17:26:58,30H61389,
2025-10-29 17:26:58,30H61389,
2025-10-29 17:26:58,30H61389,
2025-10-29 17:26:59,30H61389,
2025-10-29 17:26:59,30H61389,
2025-10-29 17:26:59,30H61389,
2025-10-29 17:27:00,30H61389,
2025-10-29 17:27:00,30H61389,
2025-10-29 17:27:01,30H61389,
2025-10-29 17:27:01,30H61389,
2025-10-29 17:27:01,30H61389,
2025-10-29 17:27:02,30H61389,
2025-10-29 17:27:02,30H61389,
2025-10-29 17:27:02,30H61389,
2025-10-29 17:27:03,30H61389,
2025-10-29 17:27:03,30H61389,
2025-10-29 17:27:04,30H61389,
2025-10-29 17:27:04,30H61389,
2025-10-29 17:27:04,30H61389,
2025-10-29 17:27:05,30H61389,
2025-10-29 17:27:05,30H61389,
2025-10-29 17:27:05,30H61389,
2025-10-29 17:27:06,30H61389,
2025-10-29 17:27:06,30H61389,
2025-10-29 17:27:07,30H1389,
2025-10-29 17:27:07,30H1389,
2025-10-29 17:27:09,248280201,
2025-10-29 17:27:10,248280201,
2025-10-29 17:27:10,248280201,
2025-10-29 17:27:10,248280201,
2025-10-29 17:27:11,248280201,
2025-10-29 17:27:11,248280201,
2025-10-29 17:27:12,248280201,
2025-10-29 17:27:12,248280201,
2025-10-29 17:27:13,248280201,
2025-10-29 17:27:13,248280201,
2025-10-29 17:27:13,248280201,
2025-10-29 17:27:14,24B280201,
2025-10-29 17:27:14,1248280201,
2025-10-29 17:27:15,1248280201,
2025-10-29 17:27:23,1024397,
2025-10-29 17:27:25,051597,
2025-10-29 17:27:25,051597,
2025-10-29 17:27:26,98A57654,
2025-10-29 17:27:26,98A57654,
2025-10-29 17:27:27,98A57654,
2025-10-29 17:27:27,98A57654,
2025-10-29 17:27:28,98A57654,
2025-10-29 17:27:28,98A57654,
2025-10-29 17:27:29,98A57654,
2025-10-29 17:27:29,98A57654,
2025-10-29 17:27:30,98A57654,
2025-10-29 17:27:30,98A57654,
2025-10-29 17:27:30,98A57654,
2025-10-29 17:27:31,98A57654,
2025-10-29 17:27:31,98A57654,
2025-10-29 17:27:31,98A57654,
2025-10-29 17:27:32,98A57654,
2025-10-29 17:27:32,98A57654,
2025-10-29 17:27:32,98A57654,
2025-10-29 17:27:33,98A57654,
2025-10-29 17:27:33,98A57654,
2025-10-29 17:27:34,98A57654,
2025-10-29 17:27:34,98A57654,
2025-10-29 17:27:34,98A57654,
2025-10-29 17:27:35,98A57654,
2025-10-29 17:27:35,98A57654,
2025-10-29 17:27:35,98A57654,
2025-10-29 17:27:36,98A57654,
2025-10-29 17:27:36,98A57654,
2025-10-29 17:27:36,98A57654,
2025-10-29 17:27:37,98A57654,
2025-10-29 17:27:37,98A57654,
2025-10-29 17:27:38,98A57654,
2025-10-29 17:27:38,98A57654,
2025-10-29 17:27:38,98A57654,
2025-10-29 17:27:39,98A57654,
2025-10-29 17:27:39,98A57654,
2025-10-29 17:27:39,98A57654,
2025-10-29 17:27:40,98A57654,
2025-10-29 17:27:40,98A57654,
2025-10-29 17:27:41,98A57654,
2025-10-29 17:27:41,98A57654,
2025-10-29 17:27:41,90A57654,
2025-10-29 17:27:42,98A57654,
2025-10-29 17:27:42,98A57654,
2025-10-29 17:27:42,98A57654,
2025-10-29 17:27:43,98A57654,
2025-10-29 17:27:43,98A57654,
2025-10-29 17:27:44,98A57654,
2025-10-29 17:27:44,98A57654,
2025-10-29 17:27:44,98A57654,
2025-10-29 17:27:45,98A57654,
2025-10-29 17:27:45,98A57654,
2025-10-29 17:27:45,98A57654,
2025-10-29 17:27:46,98A57654,
2025-10-29 17:27:46,98A57654,
2025-10-29 17:27:46,98A57654,
2025-10-29 17:27:47,98A57654,
2025-10-29 17:27:47,98A57654,
2025-10-29 17:27:48,98A57654,
2025-10-29 17:27:48,98A57654,
2025-10-29 17:27:55,24A0573,
2025-10-29 17:27:58,24A05734,
2025-10-29 17:27:58,24A05734,
2025-10-29 17:28:41,24K64736,
2025-10-29 17:28:41,24K64736,
2025-10-29 17:28:41,24K614736,
2025-10-29 17:28:42,24K64736,
2025-10-29 17:28:42,24K614736,
2025-10-29 17:28:43,24K614736,
2025-10-29 17:28:43,24K64736,
2025-10-29 17:28:43,24K6736,
2025-10-29 17:28:44,24K614736,
2025-10-29 17:28:44,34K614736,
2025-10-29 17:28:44,24K64736,
2025-10-29 17:28:45,24K64736,
2025-10-29 17:28:45,24K64736,
2025-10-29 17:28:46,24K64736,
2025-10-29 17:28:46,24K614736,
2025-10-29 17:28:46,24K613736,
2025-10-29 17:28:47,24PK6736,
2025-10-29 17:28:47,24PK6736,
2025-10-29 17:28:48,24K63736,
2025-10-29 17:28:48,24K613736,
2025-10-29 17:28:48,24K6736,
2025-10-29 17:28:49,24K63736,
2025-10-29 17:28:49,24K64736,
2025-10-29 17:28:49,24K64736,
2025-10-29 17:28:50,24K6736,
2025-10-29 17:28:50,24K61736,
2025-10-29 17:28:51,24K64736,
2025-10-29 17:28:51,24K64736,
2025-10-29 17:28:51,24K64736,
2025-10-29 17:28:52,24L64736,
2025-10-29 17:28:52,124764736,
2025-10-29 17:28:53,25K64736,
2025-10-29 17:28:53,25K64736,
2025-10-29 17:28:54,12376736,
2025-10-29 17:28:54,24L64736,
2025-10-29 17:28:55,24L64736,
2025-10-29 17:28:55,25754736,
2025-10-29 17:28:56,24A13635,
2025-10-29 17:28:56,24A13635,
2025-10-29 17:28:56,24A13635,
2025-10-29 17:28:57,24A13635,
2025-10-29 17:28:57,24A13635,
2025-10-29 17:28:58,24A513635,
2025-10-29 17:28:58,24A513635,
2025-10-29 17:28:58,24A13635,
2025-10-29 17:28:59,24A13635,
2025-10-29 17:28:59,24A13635,
2025-10-29 17:29:00,24A13635,
2025-10-29 17:29:00,24A513635,
2025-10-29 17:29:00,24A13635,
2025-10-29 17:29:01,24A13635,
2025-10-29 17:29:01,24A13635,
2025-10-29 17:29:02,24A13635,
2025-10-29 17:29:02,24A13635,
2025-10-29 17:29:03,24A13635,
2025-10-29 17:29:03,24A13635,
2025-10-29 17:29:03,24A13635,
2025-10-29 17:29:04,24A13635,
2025-10-29 17:29:04,24A13635,
2025-10-29 17:29:04,24A13635,
2025-10-29 17:29:05,24A13635,
2025-10-29 17:29:05,24A13635,
2025-10-29 17:29:05,24A13635,
2025-10-29 17:29:06,24A13635,
2025-10-29 17:29:06,24A13635,
2025-10-29 17:29:07,24A13635,
2025-10-29 17:29:07,24A13635,
2025-10-29 17:29:07,24A13635,
2025-10-29 17:29:08,24A13635,
2025-10-29 17:29:08,24A13635,
2025-10-29 17:29:13,24V115755,
2025-10-29 17:29:13,24V115755,
2025-10-29 17:29:14,24V115755,
2025-10-29 17:29:14,24V115755,
2025-10-29 17:29:15,24V115755,
2025-10-29 17:29:15,24Y115755,
2025-10-29 17:29:15,24Y115755,
2025-10-29 17:29:16,24Y115755,
2025-10-29 17:29:16,24Y115755,
2025-10-29 17:29:17,24Y115755,
2025-10-29 17:29:17,24Y115755,
2025-10-29 17:29:18,24V115755,
2025-10-29 17:29:18,24Y115755,
2025-10-29 17:29:20,24Y115755,
2025-10-29 17:29:21,24V115755,
2025-10-29 17:29:21,24V115755,
2025-10-29 17:29:22,24V115755,
2025-10-29 17:29:22,24A17976,
2025-10-29 17:29:23,24A17976,
2025-10-29 17:29:24,24Y115755,
2025-10-29 17:29:24,24V115755,
2025-10-29 17:29:25,24V115755,
2025-10-29 17:29:25,24V115755,
2025-10-29 17:29:26,24A17976,
2025-10-29 17:29:27,24Y115755,
2025-10-29 17:29:27,24V115755,
2025-10-29 17:29:27,24V115755,
2025-10-29 17:29:28,24A17976,
2025-10-29 17:29:29,24A17976,
2025-10-29 17:29:29,24A17976,
2025-10-29 17:29:30,24A17976,
2025-10-29 17:29:30,24A17976,
2025-10-29 17:29:30,24A17976,
2025-10-29 17:29:31,24A17976,
2025-10-29 17:29:31,24Y115755,
2025-10-29 17:29:32,24Y115755,
2025-10-29 17:29:33,24A17976,
2025-10-29 17:29:33,24A17976,
2025-10-29 17:29:33,24Y115755,
2025-10-29 17:29:34,24Y115755,
2025-10-29 17:29:34,24Y115755,
2025-10-29 17:29:35,24V115755,
2025-10-29 17:29:35,00M105255,
2025-10-29 17:29:36,00M105255,
2025-10-29 17:29:36,24V115755,
2025-10-29 17:29:37,24V115755,
2025-10-29 17:29:38,24Y115755,
2025-10-29 17:29:38,24Y115755,
2025-10-29 17:29:44,2410114461,
2025-10-29 17:29:44,210114461,
2025-10-29 17:29:44,249114461,
2025-10-29 17:29:45,24N0114461,
2025-10-29 17:29:45,200114461,
2025-10-29 17:29:45,24ND114461,
2025-10-29 17:29:46,200114451,
2025-10-29 17:29:46,24N0114451,
2025-10-29 17:29:46,20174451,
2025-10-29 17:29:46,24N014461,
2025-10-29 17:29:47,24N014461,
2025-10-29 17:29:58,24C14058,
2025-10-29 17:29:58,24C14058,
2025-10-29 17:29:59,24C14058,
2025-10-29 17:29:59,24C14058,
2025-10-29 17:29:59,24C14058,
2025-10-29 17:30:00,24C14058,
2025-10-29 17:30:00,24C14058,
2025-10-29 17:30:00,24C14058,
2025-10-29 17:30:01,24C14058,
2025-10-29 17:30:01,24C14058,
2025-10-29 17:30:02,24C14058,
2025-10-29 17:30:02,24C14058,
2025-10-29 17:30:02,24C14058,
2025-10-29 17:30:03,24C14058,
2025-10-29 17:30:03,24C14058,
2025-10-29 17:30:03,24C14058,
2025-10-29 17:30:04,24C14058,
2025-10-29 17:30:04,24C14058,
2025-10-29 17:30:04,24C14058,
2025-10-29 17:30:05,24C14058,
2025-10-29 17:30:05,24C14058,
2025-10-29 17:30:05,24C14058,
